EncuestaID,Snack
1,FutbolMix
1,Hot Stadium Peanuts
1,Caramel Goal Popcorn
2,ChocoKick Bites
2,CrunchMax BBQ
3,ChocoKick Bites
3,Fan Chips Jalapeño
3,Victory Pretzels
4,Fan Chips Jalapeño
4,CrunchMax BBQ
5,Caramel Goal Popcorn
5,FutbolMix
6,CrunchMax BBQ
7,ChocoKick Bites
8,Hot Stadium Peanuts
8,Caramel Goal Popcorn
8,Fan Chips Jalapeño
9,Caramel Goal Popcorn
10,Energy Crunch Protein
10,Fan Chips Jalapeño
10,Gol Nachos Supreme
11,Gol Nachos Supreme
12,FutbolMix
13,FutbolMix
13,Gol Nachos Supreme
13,Caramel Goal Popcorn
14,Victory Pretzels
15,Energy Crunch Protein
15,CrunchMax BBQ
15,ChocoKick Bites
16,ChocoKick Bites
16,FutbolMix
17,Hot Stadium Peanuts
17,Gol Nachos Supreme
17,FutbolMix
18,Mundialitos Queso Picante
18,CrunchMax BBQ
19,CrunchMax BBQ
19,Energy Crunch Protein
20,Hot Stadium Peanuts
20,Mundialitos Queso Picante
20,FutbolMix
21,ChocoKick Bites
21,FutbolMix
21,Fan Chips Jalapeño
22,Fan Chips Jalapeño
22,Victory Pretzels
23,FutbolMix
24,Mundialitos Queso Picante
24,ChocoKick Bites
25,FutbolMix
25,Mundialitos Queso Picante
26,ChocoKick Bites
26,FutbolMix
27,ChocoKick Bites
28,Energy Crunch Protein
29,Gol Nachos Supreme
30,FutbolMix
30,Mundialitos Queso Picante
31,Fan Chips Jalapeño
31,CrunchMax BBQ
32,Victory Pretzels
32,Fan Chips Jalapeño
32,Gol Nachos Supreme
33,Mundialitos Queso Picante
33,CrunchMax BBQ
33,Caramel Goal Popcorn
34,CrunchMax BBQ
35,Fan Chips Jalapeño
36,Caramel Goal Popcorn
36,ChocoKick Bites
37,ChocoKick Bites
37,Mundialitos Queso Picante
37,Fan Chips Jalapeño
38,FutbolMix
38,Energy Crunch Protein
39,ChocoKick Bites
39,Caramel Goal Popcorn
39,FutbolMix
40,Fan Chips Jalapeño
40,ChocoKick Bites
40,FutbolMix
41,Mundialitos Queso Picante
42,Hot Stadium Peanuts
42,Caramel Goal Popcorn
43,Energy Crunch Protein
44,Energy Crunch Protein
45,CrunchMax BBQ
45,Mundialitos Queso Picante
45,Caramel Goal Popcorn
46,Hot Stadium Peanuts
46,Fan Chips Jalapeño
46,FutbolMix
47,Fan Chips Jalapeño
47,Gol Nachos Supreme
48,CrunchMax BBQ
49,CrunchMax BBQ
50,ChocoKick Bites
50,Fan Chips Jalapeño
51,Mundialitos Queso Picante
51,Fan Chips Jalapeño
51,Gol Nachos Supreme
52,FutbolMix
53,FutbolMix
53,CrunchMax BBQ
53,Gol Nachos Supreme
54,CrunchMax BBQ
54,Gol Nachos Supreme
55,Victory Pretzels
56,Mundialitos Queso Picante
57,ChocoKick Bites
57,Mundialitos Queso Picante
57,Gol Nachos Supreme
58,CrunchMax BBQ
58,ChocoKick Bites
58,Gol Nachos Supreme
59,Hot Stadium Peanuts
60,CrunchMax BBQ
61,CrunchMax BBQ
62,Hot Stadium Peanuts
63,Victory Pretzels
63,ChocoKick Bites
64,Gol Nachos Supreme
64,FutbolMix
64,CrunchMax BBQ
65,Mundialitos Queso Picante
65,ChocoKick Bites
66,Gol Nachos Supreme
67,Mundialitos Queso Picante
67,Victory Pretzels
67,FutbolMix
68,ChocoKick Bites
68,Gol Nachos Supreme
69,FutbolMix
70,FutbolMix
70,Fan Chips Jalapeño
71,FutbolMix
72,ChocoKick Bites
72,Victory Pretzels
73,ChocoKick Bites
73,Hot Stadium Peanuts
74,Fan Chips Jalapeño
75,Caramel Goal Popcorn
75,FutbolMix
75,Mundialitos Queso Picante
76,CrunchMax BBQ
77,Caramel Goal Popcorn
77,CrunchMax BBQ
77,ChocoKick Bites
78,CrunchMax BBQ
78,Mundialitos Queso Picante
79,Caramel Goal Popcorn
80,Gol Nachos Supreme
80,CrunchMax BBQ
81,FutbolMix
81,Fan Chips Jalapeño
82,Caramel Goal Popcorn
82,Gol Nachos Supreme
83,Gol Nachos Supreme
83,CrunchMax BBQ
83,FutbolMix
84,Victory Pretzels
84,Mundialitos Queso Picante
84,CrunchMax BBQ
85,Mundialitos Queso Picante
85,Fan Chips Jalapeño
85,FutbolMix
86,Gol Nachos Supreme
86,Hot Stadium Peanuts
87,ChocoKick Bites
87,Fan Chips Jalapeño
87,CrunchMax BBQ
88,CrunchMax BBQ
88,Fan Chips Jalapeño
89,CrunchMax BBQ
89,Fan Chips Jalapeño
90,Caramel Goal Popcorn
90,Fan Chips Jalapeño
90,Hot Stadium Peanuts
91,Victory Pretzels
91,Fan Chips Jalapeño
92,CrunchMax BBQ
93,Victory Pretzels
93,Gol Nachos Supreme
93,Caramel Goal Popcorn
94,Fan Chips Jalapeño
95,Fan Chips Jalapeño
95,CrunchMax BBQ
96,Energy Crunch Protein
97,Victory Pretzels
97,CrunchMax BBQ
97,Caramel Goal Popcorn
98,Gol Nachos Supreme
98,Mundialitos Queso Picante
99,FutbolMix
100,Mundialitos Queso Picante
101,Victory Pretzels
101,Mundialitos Queso Picante
101,Fan Chips Jalapeño
102,FutbolMix
102,Fan Chips Jalapeño
103,Fan Chips Jalapeño
104,Caramel Goal Popcorn
105,ChocoKick Bites
105,Caramel Goal Popcorn
105,CrunchMax BBQ
106,CrunchMax BBQ
107,Energy Crunch Protein
108,Gol Nachos Supreme
109,Gol Nachos Supreme
109,ChocoKick Bites
109,Mundialitos Queso Picante
110,Hot Stadium Peanuts
110,Fan Chips Jalapeño
110,Victory Pretzels
111,ChocoKick Bites
111,CrunchMax BBQ
111,Hot Stadium Peanuts
112,Fan Chips Jalapeño
113,Gol Nachos Supreme
114,Caramel Goal Popcorn
114,Mundialitos Queso Picante
114,CrunchMax BBQ
115,Gol Nachos Supreme
115,FutbolMix
116,Gol Nachos Supreme
116,CrunchMax BBQ
116,ChocoKick Bites
117,Mundialitos Queso Picante
117,Fan Chips Jalapeño
117,CrunchMax BBQ
118,FutbolMix
119,Mundialitos Queso Picante
119,FutbolMix
120,ChocoKick Bites
120,FutbolMix
120,Mundialitos Queso Picante
121,CrunchMax BBQ
122,Fan Chips Jalapeño
122,Victory Pretzels
123,Mundialitos Queso Picante
123,Gol Nachos Supreme
124,Fan Chips Jalapeño
124,Mundialitos Queso Picante
124,Victory Pretzels
125,Fan Chips Jalapeño
126,Caramel Goal Popcorn
127,FutbolMix
127,Victory Pretzels
127,Fan Chips Jalapeño
128,CrunchMax BBQ
128,FutbolMix
128,Gol Nachos Supreme
129,Victory Pretzels
129,CrunchMax BBQ
129,Mundialitos Queso Picante
130,Caramel Goal Popcorn
131,Mundialitos Queso Picante
132,Mundialitos Queso Picante
132,Caramel Goal Popcorn
132,Gol Nachos Supreme
133,CrunchMax BBQ
133,Mundialitos Queso Picante
133,Fan Chips Jalapeño
134,Gol Nachos Supreme
134,Mundialitos Queso Picante
135,Caramel Goal Popcorn
135,Hot Stadium Peanuts
136,Mundialitos Queso Picante
136,Hot Stadium Peanuts
136,FutbolMix
137,Gol Nachos Supreme
138,Hot Stadium Peanuts
139,Gol Nachos Supreme
140,CrunchMax BBQ
140,Mundialitos Queso Picante
141,Mundialitos Queso Picante
141,Fan Chips Jalapeño
142,FutbolMix
142,ChocoKick Bites
142,Energy Crunch Protein
143,Fan Chips Jalapeño
144,CrunchMax BBQ
145,ChocoKick Bites
146,ChocoKick Bites
146,Hot Stadium Peanuts
147,Victory Pretzels
148,Caramel Goal Popcorn
148,Victory Pretzels
148,Mundialitos Queso Picante
149,Gol Nachos Supreme
149,Fan Chips Jalapeño
150,Fan Chips Jalapeño
151,Caramel Goal Popcorn
151,Fan Chips Jalapeño
152,Hot Stadium Peanuts
152,Gol Nachos Supreme
152,Energy Crunch Protein
153,CrunchMax BBQ
154,CrunchMax BBQ
154,Gol Nachos Supreme
155,Mundialitos Queso Picante
155,FutbolMix
156,CrunchMax BBQ
156,Mundialitos Queso Picante
156,FutbolMix
157,CrunchMax BBQ
158,Fan Chips Jalapeño
158,Energy Crunch Protein
159,Fan Chips Jalapeño
160,Hot Stadium Peanuts
160,Caramel Goal Popcorn
161,FutbolMix
162,Energy Crunch Protein
163,FutbolMix
163,ChocoKick Bites
163,Mundialitos Queso Picante
164,Gol Nachos Supreme
164,Victory Pretzels
164,Mundialitos Queso Picante
165,Gol Nachos Supreme
165,Mundialitos Queso Picante
166,CrunchMax BBQ
166,Mundialitos Queso Picante
166,FutbolMix
167,Mundialitos Queso Picante
167,Gol Nachos Supreme
167,CrunchMax BBQ
168,Gol Nachos Supreme
168,FutbolMix
168,CrunchMax BBQ
169,Hot Stadium Peanuts
169,Caramel Goal Popcorn
170,Hot Stadium Peanuts
171,Fan Chips Jalapeño
171,ChocoKick Bites
172,Caramel Goal Popcorn
173,Fan Chips Jalapeño
173,Mundialitos Queso Picante
173,Gol Nachos Supreme
174,FutbolMix
175,Mundialitos Queso Picante
176,Hot Stadium Peanuts
177,ChocoKick Bites
177,Gol Nachos Supreme
177,CrunchMax BBQ
178,Gol Nachos Supreme
179,Gol Nachos Supreme
180,Hot Stadium Peanuts
180,Victory Pretzels
181,Hot Stadium Peanuts
181,Energy Crunch Protein
181,ChocoKick Bites
182,Mundialitos Queso Picante
182,ChocoKick Bites
183,CrunchMax BBQ
184,Caramel Goal Popcorn
184,Victory Pretzels
184,CrunchMax BBQ
185,Fan Chips Jalapeño
186,Fan Chips Jalapeño
186,Hot Stadium Peanuts
186,Mundialitos Queso Picante
187,Gol Nachos Supreme
187,Hot Stadium Peanuts
188,ChocoKick Bites
188,Fan Chips Jalapeño
188,CrunchMax BBQ
189,Caramel Goal Popcorn
190,ChocoKick Bites
190,Fan Chips Jalapeño
190,Mundialitos Queso Picante
191,Caramel Goal Popcorn
192,Fan Chips Jalapeño
192,CrunchMax BBQ
193,Mundialitos Queso Picante
193,Victory Pretzels
193,FutbolMix
194,Fan Chips Jalapeño
194,Gol Nachos Supreme
194,Caramel Goal Popcorn
195,Hot Stadium Peanuts
196,ChocoKick Bites
196,Mundialitos Queso Picante
197,ChocoKick Bites
198,Mundialitos Queso Picante
199,Fan Chips Jalapeño
199,Energy Crunch Protein
199,Hot Stadium Peanuts
200,Gol Nachos Supreme
200,CrunchMax BBQ
200,Caramel Goal Popcorn
201,FutbolMix
201,CrunchMax BBQ
202,Energy Crunch Protein
203,Mundialitos Queso Picante
203,CrunchMax BBQ
203,Fan Chips Jalapeño
204,Hot Stadium Peanuts
204,Fan Chips Jalapeño
204,Caramel Goal Popcorn
205,FutbolMix
205,Gol Nachos Supreme
206,Energy Crunch Protein
206,ChocoKick Bites
206,CrunchMax BBQ
207,CrunchMax BBQ
207,Fan Chips Jalapeño
207,Hot Stadium Peanuts
208,Mundialitos Queso Picante
208,Fan Chips Jalapeño
208,Victory Pretzels
209,CrunchMax BBQ
210,ChocoKick Bites
210,Mundialitos Queso Picante
210,Fan Chips Jalapeño
211,Mundialitos Queso Picante
212,Energy Crunch Protein
212,Caramel Goal Popcorn
212,Gol Nachos Supreme
213,Gol Nachos Supreme
214,Gol Nachos Supreme
215,Victory Pretzels
215,ChocoKick Bites
216,ChocoKick Bites
216,Fan Chips Jalapeño
216,Hot Stadium Peanuts
217,CrunchMax BBQ
217,Gol Nachos Supreme
218,Gol Nachos Supreme
219,Fan Chips Jalapeño
220,CrunchMax BBQ
221,Mundialitos Queso Picante
221,FutbolMix
222,Victory Pretzels
222,Mundialitos Queso Picante
223,Gol Nachos Supreme
224,Fan Chips Jalapeño
224,Mundialitos Queso Picante
225,Mundialitos Queso Picante
225,Fan Chips Jalapeño
225,FutbolMix
226,Gol Nachos Supreme
226,FutbolMix
226,Caramel Goal Popcorn
227,Fan Chips Jalapeño
228,CrunchMax BBQ
229,Energy Crunch Protein
230,Hot Stadium Peanuts
230,Gol Nachos Supreme
231,Energy Crunch Protein
231,Hot Stadium Peanuts
231,Gol Nachos Supreme
232,Energy Crunch Protein
232,CrunchMax BBQ
233,Hot Stadium Peanuts
233,Mundialitos Queso Picante
234,Energy Crunch Protein
234,Hot Stadium Peanuts
235,Fan Chips Jalapeño
235,Gol Nachos Supreme
236,Energy Crunch Protein
237,Mundialitos Queso Picante
237,ChocoKick Bites
238,Fan Chips Jalapeño
238,Mundialitos Queso Picante
238,Energy Crunch Protein
239,CrunchMax BBQ
239,Mundialitos Queso Picante
240,CrunchMax BBQ
240,FutbolMix
240,Mundialitos Queso Picante
241,Caramel Goal Popcorn
241,Victory Pretzels
242,Gol Nachos Supreme
242,Mundialitos Queso Picante
242,Energy Crunch Protein
243,ChocoKick Bites
243,Mundialitos Queso Picante
244,FutbolMix
244,Fan Chips Jalapeño
245,CrunchMax BBQ
245,Energy Crunch Protein
245,ChocoKick Bites
246,ChocoKick Bites
247,Hot Stadium Peanuts
247,Victory Pretzels
248,Victory Pretzels
249,Energy Crunch Protein
250,FutbolMix
251,Mundialitos Queso Picante
251,FutbolMix
251,Gol Nachos Supreme
252,Victory Pretzels
252,CrunchMax BBQ
253,Hot Stadium Peanuts
253,Fan Chips Jalapeño
254,Gol Nachos Supreme
254,Mundialitos Queso Picante
254,Energy Crunch Protein
255,Gol Nachos Supreme
255,Fan Chips Jalapeño
256,CrunchMax BBQ
256,Energy Crunch Protein
257,Fan Chips Jalapeño
257,Caramel Goal Popcorn
257,FutbolMix
258,Mundialitos Queso Picante
258,Caramel Goal Popcorn
259,Fan Chips Jalapeño
259,Mundialitos Queso Picante
259,ChocoKick Bites
260,FutbolMix
261,ChocoKick Bites
261,Gol Nachos Supreme
262,Fan Chips Jalapeño
262,Hot Stadium Peanuts
262,Mundialitos Queso Picante
263,CrunchMax BBQ
263,Mundialitos Queso Picante
263,Energy Crunch Protein
264,Mundialitos Queso Picante
264,Gol Nachos Supreme
264,ChocoKick Bites
265,Gol Nachos Supreme
265,Hot Stadium Peanuts
265,Caramel Goal Popcorn
266,Caramel Goal Popcorn
266,Mundialitos Queso Picante
266,Gol Nachos Supreme
267,ChocoKick Bites
267,Gol Nachos Supreme
267,FutbolMix
268,FutbolMix
269,CrunchMax BBQ
269,Energy Crunch Protein
270,Energy Crunch Protein
270,Caramel Goal Popcorn
271,ChocoKick Bites
272,Fan Chips Jalapeño
272,ChocoKick Bites
273,Caramel Goal Popcorn
273,FutbolMix
273,Mundialitos Queso Picante
274,FutbolMix
274,CrunchMax BBQ
274,Mundialitos Queso Picante
275,Gol Nachos Supreme
275,CrunchMax BBQ
275,Caramel Goal Popcorn
276,Caramel Goal Popcorn
276,CrunchMax BBQ
276,Hot Stadium Peanuts
277,CrunchMax BBQ
277,ChocoKick Bites
277,Fan Chips Jalapeño
278,Victory Pretzels
278,Gol Nachos Supreme
279,Caramel Goal Popcorn
279,Mundialitos Queso Picante
280,FutbolMix
280,CrunchMax BBQ
280,Mundialitos Queso Picante
281,Hot Stadium Peanuts
281,Caramel Goal Popcorn
281,ChocoKick Bites
282,Fan Chips Jalapeño
282,Energy Crunch Protein
282,Hot Stadium Peanuts
283,Hot Stadium Peanuts
284,Hot Stadium Peanuts
284,Victory Pretzels
284,Mundialitos Queso Picante
285,CrunchMax BBQ
286,CrunchMax BBQ
286,Fan Chips Jalapeño
286,Gol Nachos Supreme
287,Hot Stadium Peanuts
287,Fan Chips Jalapeño
287,Gol Nachos Supreme
288,CrunchMax BBQ
288,Hot Stadium Peanuts
289,Mundialitos Queso Picante
290,Fan Chips Jalapeño
290,Caramel Goal Popcorn
290,CrunchMax BBQ
291,Hot Stadium Peanuts
291,CrunchMax BBQ
1595,FutbolMix
1595,ChocoKick Bites
293,Fan Chips Jalapeño
293,Gol Nachos Supreme
293,ChocoKick Bites
294,Hot Stadium Peanuts
294,CrunchMax BBQ
295,Fan Chips Jalapeño
296,Fan Chips Jalapeño
296,Gol Nachos Supreme
297,FutbolMix
297,CrunchMax BBQ
297,Energy Crunch Protein
298,Caramel Goal Popcorn
298,Hot Stadium Peanuts
298,ChocoKick Bites
299,Caramel Goal Popcorn
299,Mundialitos Queso Picante
299,ChocoKick Bites
300,Caramel Goal Popcorn
301,ChocoKick Bites
301,Hot Stadium Peanuts
302,FutbolMix
302,Hot Stadium Peanuts
302,Caramel Goal Popcorn
303,Victory Pretzels
303,Mundialitos Queso Picante
303,FutbolMix
304,Hot Stadium Peanuts
304,Caramel Goal Popcorn
305,ChocoKick Bites
305,Gol Nachos Supreme
306,Mundialitos Queso Picante
306,CrunchMax BBQ
306,Hot Stadium Peanuts
307,Fan Chips Jalapeño
307,Energy Crunch Protein
308,Mundialitos Queso Picante
308,ChocoKick Bites
308,Fan Chips Jalapeño
309,FutbolMix
309,Caramel Goal Popcorn
309,Energy Crunch Protein
310,Fan Chips Jalapeño
311,Hot Stadium Peanuts
311,FutbolMix
312,ChocoKick Bites
312,Caramel Goal Popcorn
313,Gol Nachos Supreme
313,FutbolMix
313,CrunchMax BBQ
314,Caramel Goal Popcorn
314,Hot Stadium Peanuts
314,Fan Chips Jalapeño
315,FutbolMix
315,Fan Chips Jalapeño
315,CrunchMax BBQ
316,Victory Pretzels
316,Fan Chips Jalapeño
316,Mundialitos Queso Picante
317,Caramel Goal Popcorn
317,ChocoKick Bites
318,Mundialitos Queso Picante
319,Gol Nachos Supreme
320,Caramel Goal Popcorn
320,Gol Nachos Supreme
320,ChocoKick Bites
321,FutbolMix
322,Energy Crunch Protein
322,Fan Chips Jalapeño
323,Hot Stadium Peanuts
323,Caramel Goal Popcorn
324,Gol Nachos Supreme
325,Hot Stadium Peanuts
325,FutbolMix
325,Energy Crunch Protein
326,Energy Crunch Protein
326,Mundialitos Queso Picante
326,Caramel Goal Popcorn
327,ChocoKick Bites
328,Mundialitos Queso Picante
328,Fan Chips Jalapeño
328,ChocoKick Bites
329,Energy Crunch Protein
329,Fan Chips Jalapeño
330,CrunchMax BBQ
330,FutbolMix
330,Hot Stadium Peanuts
331,Mundialitos Queso Picante
331,Caramel Goal Popcorn
331,Gol Nachos Supreme
332,FutbolMix
332,Mundialitos Queso Picante
332,Gol Nachos Supreme
333,Mundialitos Queso Picante
334,Hot Stadium Peanuts
334,ChocoKick Bites
335,ChocoKick Bites
335,Gol Nachos Supreme
335,Caramel Goal Popcorn
336,CrunchMax BBQ
337,Fan Chips Jalapeño
338,Fan Chips Jalapeño
339,FutbolMix
339,CrunchMax BBQ
339,Hot Stadium Peanuts
340,Gol Nachos Supreme
341,Mundialitos Queso Picante
341,Gol Nachos Supreme
342,FutbolMix
343,Victory Pretzels
343,CrunchMax BBQ
344,FutbolMix
345,Gol Nachos Supreme
345,Caramel Goal Popcorn
346,Hot Stadium Peanuts
346,Mundialitos Queso Picante
346,Victory Pretzels
347,Mundialitos Queso Picante
347,CrunchMax BBQ
347,Fan Chips Jalapeño
348,Fan Chips Jalapeño
1960,FutbolMix
1960,Gol Nachos Supreme
1960,Energy Crunch Protein
350,Caramel Goal Popcorn
350,Gol Nachos Supreme
350,FutbolMix
351,Fan Chips Jalapeño
351,ChocoKick Bites
352,Mundialitos Queso Picante
352,FutbolMix
353,ChocoKick Bites
353,FutbolMix
354,Mundialitos Queso Picante
354,Gol Nachos Supreme
354,Caramel Goal Popcorn
355,ChocoKick Bites
355,FutbolMix
356,Hot Stadium Peanuts
356,Victory Pretzels
356,Fan Chips Jalapeño
357,Gol Nachos Supreme
358,Caramel Goal Popcorn
358,FutbolMix
358,Mundialitos Queso Picante
359,Fan Chips Jalapeño
359,CrunchMax BBQ
360,ChocoKick Bites
360,CrunchMax BBQ
360,Caramel Goal Popcorn
361,Fan Chips Jalapeño
362,Mundialitos Queso Picante
362,Fan Chips Jalapeño
363,Gol Nachos Supreme
364,Fan Chips Jalapeño
364,Mundialitos Queso Picante
365,ChocoKick Bites
365,Energy Crunch Protein
365,Caramel Goal Popcorn
366,FutbolMix
366,CrunchMax BBQ
367,Fan Chips Jalapeño
367,Gol Nachos Supreme
367,Victory Pretzels
368,FutbolMix
369,Energy Crunch Protein
370,CrunchMax BBQ
371,Fan Chips Jalapeño
371,ChocoKick Bites
372,ChocoKick Bites
372,Energy Crunch Protein
372,CrunchMax BBQ
373,ChocoKick Bites
373,Gol Nachos Supreme
373,FutbolMix
374,FutbolMix
374,Gol Nachos Supreme
375,FutbolMix
375,Mundialitos Queso Picante
375,Gol Nachos Supreme
376,ChocoKick Bites
376,Mundialitos Queso Picante
377,Hot Stadium Peanuts
377,Mundialitos Queso Picante
377,Victory Pretzels
378,Energy Crunch Protein
378,CrunchMax BBQ
379,FutbolMix
380,Fan Chips Jalapeño
381,Mundialitos Queso Picante
381,Caramel Goal Popcorn
381,Gol Nachos Supreme
382,Fan Chips Jalapeño
383,ChocoKick Bites
384,Hot Stadium Peanuts
385,CrunchMax BBQ
385,Fan Chips Jalapeño
385,Hot Stadium Peanuts
386,Gol Nachos Supreme
386,Victory Pretzels
386,CrunchMax BBQ
387,Mundialitos Queso Picante
387,FutbolMix
387,CrunchMax BBQ
388,ChocoKick Bites
389,Caramel Goal Popcorn
389,Gol Nachos Supreme
389,ChocoKick Bites
390,Mundialitos Queso Picante
390,CrunchMax BBQ
390,Fan Chips Jalapeño
391,Gol Nachos Supreme
392,Gol Nachos Supreme
392,Victory Pretzels
392,Mundialitos Queso Picante
393,CrunchMax BBQ
393,Fan Chips Jalapeño
393,Energy Crunch Protein
394,Fan Chips Jalapeño
394,Gol Nachos Supreme
395,CrunchMax BBQ
395,Gol Nachos Supreme
395,Energy Crunch Protein
396,ChocoKick Bites
396,FutbolMix
397,Victory Pretzels
397,Gol Nachos Supreme
398,Victory Pretzels
398,FutbolMix
399,Gol Nachos Supreme
400,CrunchMax BBQ
401,Victory Pretzels
401,Mundialitos Queso Picante
401,Fan Chips Jalapeño
402,Fan Chips Jalapeño
402,FutbolMix
403,CrunchMax BBQ
403,Mundialitos Queso Picante
404,Gol Nachos Supreme
405,Gol Nachos Supreme
405,FutbolMix
406,ChocoKick Bites
406,FutbolMix
406,Fan Chips Jalapeño
407,Fan Chips Jalapeño
408,Gol Nachos Supreme
409,FutbolMix
410,Energy Crunch Protein
411,Mundialitos Queso Picante
411,CrunchMax BBQ
412,Mundialitos Queso Picante
412,FutbolMix
412,Fan Chips Jalapeño
413,ChocoKick Bites
413,Gol Nachos Supreme
413,Caramel Goal Popcorn
414,Energy Crunch Protein
415,Gol Nachos Supreme
416,Mundialitos Queso Picante
416,Caramel Goal Popcorn
416,Fan Chips Jalapeño
417,Gol Nachos Supreme
417,Victory Pretzels
418,FutbolMix
97,Victory Pretzels
97,CrunchMax BBQ
97,Caramel Goal Popcorn
420,Fan Chips Jalapeño
421,Gol Nachos Supreme
421,Energy Crunch Protein
422,Gol Nachos Supreme
423,CrunchMax BBQ
423,Caramel Goal Popcorn
424,ChocoKick Bites
424,CrunchMax BBQ
424,Caramel Goal Popcorn
425,CrunchMax BBQ
426,Fan Chips Jalapeño
426,Gol Nachos Supreme
427,CrunchMax BBQ
427,Mundialitos Queso Picante
428,Gol Nachos Supreme
428,Mundialitos Queso Picante
429,CrunchMax BBQ
430,Caramel Goal Popcorn
430,Hot Stadium Peanuts
430,Mundialitos Queso Picante
431,CrunchMax BBQ
431,Mundialitos Queso Picante
431,FutbolMix
432,Hot Stadium Peanuts
433,CrunchMax BBQ
434,Energy Crunch Protein
434,Gol Nachos Supreme
435,Victory Pretzels
435,Fan Chips Jalapeño
436,Fan Chips Jalapeño
436,Mundialitos Queso Picante
437,CrunchMax BBQ
437,Energy Crunch Protein
438,Caramel Goal Popcorn
439,Gol Nachos Supreme
440,Gol Nachos Supreme
440,Caramel Goal Popcorn
441,CrunchMax BBQ
441,Fan Chips Jalapeño
442,Energy Crunch Protein
442,Gol Nachos Supreme
442,Caramel Goal Popcorn
443,Energy Crunch Protein
443,CrunchMax BBQ
443,Gol Nachos Supreme
444,FutbolMix
445,CrunchMax BBQ
445,Gol Nachos Supreme
446,CrunchMax BBQ
447,CrunchMax BBQ
447,Gol Nachos Supreme
448,Mundialitos Queso Picante
449,FutbolMix
449,Fan Chips Jalapeño
1193,Mundialitos Queso Picante
1193,Caramel Goal Popcorn
451,Gol Nachos Supreme
451,Victory Pretzels
451,CrunchMax BBQ
452,FutbolMix
453,CrunchMax BBQ
453,Gol Nachos Supreme
453,Fan Chips Jalapeño
454,Hot Stadium Peanuts
454,ChocoKick Bites
455,Mundialitos Queso Picante
456,FutbolMix
456,Caramel Goal Popcorn
456,CrunchMax BBQ
457,CrunchMax BBQ
457,Hot Stadium Peanuts
458,ChocoKick Bites
459,Victory Pretzels
459,Mundialitos Queso Picante
459,Gol Nachos Supreme
460,FutbolMix
461,Mundialitos Queso Picante
461,Gol Nachos Supreme
462,Mundialitos Queso Picante
462,Gol Nachos Supreme
462,CrunchMax BBQ
463,ChocoKick Bites
1049,ChocoKick Bites
1049,Caramel Goal Popcorn
465,ChocoKick Bites
465,Mundialitos Queso Picante
465,CrunchMax BBQ
466,Fan Chips Jalapeño
466,CrunchMax BBQ
466,Gol Nachos Supreme
467,Gol Nachos Supreme
467,Fan Chips Jalapeño
468,Mundialitos Queso Picante
468,Energy Crunch Protein
469,Victory Pretzels
469,CrunchMax BBQ
469,FutbolMix
470,ChocoKick Bites
470,Caramel Goal Popcorn
470,Hot Stadium Peanuts
471,Mundialitos Queso Picante
471,ChocoKick Bites
472,Hot Stadium Peanuts
473,Fan Chips Jalapeño
2439,CrunchMax BBQ
2439,Hot Stadium Peanuts
475,FutbolMix
476,Gol Nachos Supreme
476,Fan Chips Jalapeño
476,CrunchMax BBQ
477,FutbolMix
478,FutbolMix
478,Energy Crunch Protein
479,ChocoKick Bites
479,Fan Chips Jalapeño
479,Mundialitos Queso Picante
480,Caramel Goal Popcorn
480,ChocoKick Bites
480,Gol Nachos Supreme
481,Fan Chips Jalapeño
481,CrunchMax BBQ
482,ChocoKick Bites
482,Caramel Goal Popcorn
483,Fan Chips Jalapeño
483,CrunchMax BBQ
483,Victory Pretzels
484,CrunchMax BBQ
484,Hot Stadium Peanuts
484,Mundialitos Queso Picante
485,Gol Nachos Supreme
485,FutbolMix
486,Gol Nachos Supreme
486,Caramel Goal Popcorn
486,ChocoKick Bites
487,CrunchMax BBQ
487,Mundialitos Queso Picante
487,ChocoKick Bites
488,FutbolMix
488,Mundialitos Queso Picante
489,Energy Crunch Protein
489,Caramel Goal Popcorn
490,Caramel Goal Popcorn
490,ChocoKick Bites
490,FutbolMix
491,Victory Pretzels
491,Fan Chips Jalapeño
492,FutbolMix
492,CrunchMax BBQ
493,Fan Chips Jalapeño
494,Mundialitos Queso Picante
494,CrunchMax BBQ
494,FutbolMix
495,ChocoKick Bites
495,Mundialitos Queso Picante
496,FutbolMix
496,Gol Nachos Supreme
497,Mundialitos Queso Picante
498,Caramel Goal Popcorn
498,Mundialitos Queso Picante
498,Gol Nachos Supreme
499,ChocoKick Bites
499,Hot Stadium Peanuts
500,ChocoKick Bites
500,Caramel Goal Popcorn
500,FutbolMix
501,Victory Pretzels
502,CrunchMax BBQ
503,Gol Nachos Supreme
503,Mundialitos Queso Picante
504,Mundialitos Queso Picante
504,Fan Chips Jalapeño
504,FutbolMix
505,Victory Pretzels
506,Gol Nachos Supreme
506,Caramel Goal Popcorn
506,FutbolMix
507,Hot Stadium Peanuts
507,Caramel Goal Popcorn
507,Mundialitos Queso Picante
508,FutbolMix
508,Hot Stadium Peanuts
509,ChocoKick Bites
509,Gol Nachos Supreme
510,Mundialitos Queso Picante
510,Caramel Goal Popcorn
510,Hot Stadium Peanuts
511,Hot Stadium Peanuts
512,FutbolMix
512,Energy Crunch Protein
512,Victory Pretzels
513,CrunchMax BBQ
513,Fan Chips Jalapeño
514,Hot Stadium Peanuts
514,Fan Chips Jalapeño
515,CrunchMax BBQ
515,Hot Stadium Peanuts
515,Caramel Goal Popcorn
516,ChocoKick Bites
516,CrunchMax BBQ
516,Hot Stadium Peanuts
517,Victory Pretzels
518,Energy Crunch Protein
518,Hot Stadium Peanuts
518,CrunchMax BBQ
519,CrunchMax BBQ
519,ChocoKick Bites
519,Fan Chips Jalapeño
520,CrunchMax BBQ
521,Mundialitos Queso Picante
522,Hot Stadium Peanuts
522,Energy Crunch Protein
522,Mundialitos Queso Picante
523,Caramel Goal Popcorn
523,CrunchMax BBQ
523,Fan Chips Jalapeño
524,Energy Crunch Protein
524,CrunchMax BBQ
525,FutbolMix
525,Hot Stadium Peanuts
525,Fan Chips Jalapeño
526,FutbolMix
526,Gol Nachos Supreme
527,Hot Stadium Peanuts
527,FutbolMix
528,Gol Nachos Supreme
529,FutbolMix
529,CrunchMax BBQ
530,FutbolMix
531,Hot Stadium Peanuts
531,Mundialitos Queso Picante
531,Fan Chips Jalapeño
532,Gol Nachos Supreme
532,Caramel Goal Popcorn
533,Gol Nachos Supreme
534,Victory Pretzels
535,CrunchMax BBQ
536,Fan Chips Jalapeño
536,CrunchMax BBQ
537,Mundialitos Queso Picante
537,FutbolMix
537,Caramel Goal Popcorn
538,FutbolMix
539,FutbolMix
539,Energy Crunch Protein
540,CrunchMax BBQ
540,Energy Crunch Protein
541,Hot Stadium Peanuts
542,Victory Pretzels
543,Victory Pretzels
543,Hot Stadium Peanuts
543,ChocoKick Bites
544,CrunchMax BBQ
545,Mundialitos Queso Picante
545,Caramel Goal Popcorn
546,CrunchMax BBQ
547,Mundialitos Queso Picante
547,Fan Chips Jalapeño
547,Gol Nachos Supreme
548,ChocoKick Bites
548,CrunchMax BBQ
549,FutbolMix
549,Mundialitos Queso Picante
550,CrunchMax BBQ
550,Mundialitos Queso Picante
550,Fan Chips Jalapeño
551,CrunchMax BBQ
551,Fan Chips Jalapeño
551,ChocoKick Bites
552,ChocoKick Bites
553,Mundialitos Queso Picante
553,Fan Chips Jalapeño
553,CrunchMax BBQ
554,FutbolMix
554,Mundialitos Queso Picante
554,Hot Stadium Peanuts
555,CrunchMax BBQ
556,FutbolMix
556,CrunchMax BBQ
556,Mundialitos Queso Picante
557,Victory Pretzels
557,ChocoKick Bites
557,CrunchMax BBQ
558,Gol Nachos Supreme
559,ChocoKick Bites
560,ChocoKick Bites
560,Hot Stadium Peanuts
561,Mundialitos Queso Picante
561,Caramel Goal Popcorn
561,FutbolMix
562,Mundialitos Queso Picante
562,Caramel Goal Popcorn
563,Fan Chips Jalapeño
563,ChocoKick Bites
563,CrunchMax BBQ
564,FutbolMix
564,Energy Crunch Protein
565,CrunchMax BBQ
566,CrunchMax BBQ
566,ChocoKick Bites
566,Mundialitos Queso Picante
567,Energy Crunch Protein
568,CrunchMax BBQ
568,Fan Chips Jalapeño
568,Mundialitos Queso Picante
569,CrunchMax BBQ
570,Victory Pretzels
570,Mundialitos Queso Picante
571,Hot Stadium Peanuts
572,Caramel Goal Popcorn
573,Fan Chips Jalapeño
574,FutbolMix
574,Victory Pretzels
575,Energy Crunch Protein
575,Victory Pretzels
576,Caramel Goal Popcorn
576,Energy Crunch Protein
577,CrunchMax BBQ
577,Fan Chips Jalapeño
577,Energy Crunch Protein
578,FutbolMix
579,Mundialitos Queso Picante
579,Energy Crunch Protein
580,ChocoKick Bites
580,Hot Stadium Peanuts
580,FutbolMix
581,Gol Nachos Supreme
581,ChocoKick Bites
582,FutbolMix
583,Caramel Goal Popcorn
583,Gol Nachos Supreme
584,ChocoKick Bites
584,Hot Stadium Peanuts
584,Gol Nachos Supreme
585,Gol Nachos Supreme
586,Fan Chips Jalapeño
586,CrunchMax BBQ
587,Mundialitos Queso Picante
587,CrunchMax BBQ
588,Caramel Goal Popcorn
589,Hot Stadium Peanuts
590,CrunchMax BBQ
590,Caramel Goal Popcorn
591,Victory Pretzels
591,ChocoKick Bites
592,ChocoKick Bites
593,Gol Nachos Supreme
593,ChocoKick Bites
593,Caramel Goal Popcorn
594,FutbolMix
594,ChocoKick Bites
595,Caramel Goal Popcorn
595,ChocoKick Bites
595,Hot Stadium Peanuts
596,Fan Chips Jalapeño
596,Mundialitos Queso Picante
596,FutbolMix
597,FutbolMix
598,FutbolMix
598,Mundialitos Queso Picante
599,Gol Nachos Supreme
599,Mundialitos Queso Picante
599,Energy Crunch Protein
600,Fan Chips Jalapeño
600,Gol Nachos Supreme
600,Caramel Goal Popcorn
601,Victory Pretzels
602,Energy Crunch Protein
603,Caramel Goal Popcorn
604,FutbolMix
604,Fan Chips Jalapeño
604,CrunchMax BBQ
605,CrunchMax BBQ
605,Caramel Goal Popcorn
605,FutbolMix
606,Hot Stadium Peanuts
606,FutbolMix
607,Fan Chips Jalapeño
607,Mundialitos Queso Picante
608,CrunchMax BBQ
608,Mundialitos Queso Picante
608,Fan Chips Jalapeño
609,Caramel Goal Popcorn
1416,FutbolMix
1416,Mundialitos Queso Picante
1416,Victory Pretzels
611,Fan Chips Jalapeño
612,Hot Stadium Peanuts
613,Energy Crunch Protein
613,Gol Nachos Supreme
613,Hot Stadium Peanuts
614,ChocoKick Bites
614,Caramel Goal Popcorn
614,CrunchMax BBQ
615,CrunchMax BBQ
615,Victory Pretzels
1472,Mundialitos Queso Picante
1472,Caramel Goal Popcorn
617,Mundialitos Queso Picante
617,CrunchMax BBQ
618,CrunchMax BBQ
618,Fan Chips Jalapeño
618,Mundialitos Queso Picante
619,Fan Chips Jalapeño
619,CrunchMax BBQ
620,Hot Stadium Peanuts
621,Mundialitos Queso Picante
622,FutbolMix
623,Energy Crunch Protein
623,CrunchMax BBQ
623,Fan Chips Jalapeño
624,Gol Nachos Supreme
624,Caramel Goal Popcorn
625,Gol Nachos Supreme
625,Mundialitos Queso Picante
625,FutbolMix
626,Gol Nachos Supreme
626,Victory Pretzels
626,Caramel Goal Popcorn
627,Fan Chips Jalapeño
628,Mundialitos Queso Picante
629,Caramel Goal Popcorn
630,FutbolMix
630,CrunchMax BBQ
630,Energy Crunch Protein
631,Energy Crunch Protein
631,ChocoKick Bites
631,Gol Nachos Supreme
632,ChocoKick Bites
633,CrunchMax BBQ
634,Mundialitos Queso Picante
634,Hot Stadium Peanuts
634,Fan Chips Jalapeño
635,Mundialitos Queso Picante
635,Caramel Goal Popcorn
635,Hot Stadium Peanuts
636,CrunchMax BBQ
637,Gol Nachos Supreme
637,Mundialitos Queso Picante
637,FutbolMix
638,CrunchMax BBQ
638,Gol Nachos Supreme
639,CrunchMax BBQ
639,Victory Pretzels
639,Caramel Goal Popcorn
640,Mundialitos Queso Picante
641,Fan Chips Jalapeño
641,Gol Nachos Supreme
641,Mundialitos Queso Picante
642,Energy Crunch Protein
642,Hot Stadium Peanuts
643,Caramel Goal Popcorn
644,Fan Chips Jalapeño
644,ChocoKick Bites
645,FutbolMix
646,Hot Stadium Peanuts
646,Caramel Goal Popcorn
647,Fan Chips Jalapeño
647,FutbolMix
648,Caramel Goal Popcorn
649,Gol Nachos Supreme
649,CrunchMax BBQ
649,Mundialitos Queso Picante
650,Mundialitos Queso Picante
651,FutbolMix
652,FutbolMix
652,ChocoKick Bites
652,Gol Nachos Supreme
653,Fan Chips Jalapeño
654,ChocoKick Bites
654,Gol Nachos Supreme
655,Hot Stadium Peanuts
655,ChocoKick Bites
656,CrunchMax BBQ
656,Hot Stadium Peanuts
656,ChocoKick Bites
657,CrunchMax BBQ
657,ChocoKick Bites
658,FutbolMix
658,CrunchMax BBQ
658,Hot Stadium Peanuts
659,Victory Pretzels
660,ChocoKick Bites
660,Gol Nachos Supreme
660,FutbolMix
661,Caramel Goal Popcorn
661,Fan Chips Jalapeño
662,Fan Chips Jalapeño
662,Hot Stadium Peanuts
662,CrunchMax BBQ
663,Gol Nachos Supreme
664,FutbolMix
664,Mundialitos Queso Picante
664,Fan Chips Jalapeño
665,Gol Nachos Supreme
665,ChocoKick Bites
666,FutbolMix
666,Gol Nachos Supreme
667,Hot Stadium Peanuts
667,Mundialitos Queso Picante
667,CrunchMax BBQ
668,ChocoKick Bites
669,Energy Crunch Protein
669,ChocoKick Bites
670,FutbolMix
670,Mundialitos Queso Picante
670,Victory Pretzels
671,FutbolMix
672,CrunchMax BBQ
672,Caramel Goal Popcorn
672,Hot Stadium Peanuts
673,Fan Chips Jalapeño
674,Gol Nachos Supreme
674,Hot Stadium Peanuts
675,FutbolMix
676,Fan Chips Jalapeño
676,Caramel Goal Popcorn
677,Caramel Goal Popcorn
678,Fan Chips Jalapeño
678,Mundialitos Queso Picante
679,CrunchMax BBQ
680,ChocoKick Bites
681,Mundialitos Queso Picante
681,Gol Nachos Supreme
681,CrunchMax BBQ
682,Fan Chips Jalapeño
683,FutbolMix
683,Caramel Goal Popcorn
683,Mundialitos Queso Picante
684,Mundialitos Queso Picante
684,Victory Pretzels
684,Hot Stadium Peanuts
685,FutbolMix
685,Mundialitos Queso Picante
686,Hot Stadium Peanuts
686,CrunchMax BBQ
687,Gol Nachos Supreme
688,CrunchMax BBQ
688,Energy Crunch Protein
689,ChocoKick Bites
1961,Caramel Goal Popcorn
1961,Fan Chips Jalapeño
691,Hot Stadium Peanuts
691,Gol Nachos Supreme
692,CrunchMax BBQ
693,FutbolMix
693,Mundialitos Queso Picante
694,Mundialitos Queso Picante
695,ChocoKick Bites
695,Mundialitos Queso Picante
695,Gol Nachos Supreme
696,Mundialitos Queso Picante
697,FutbolMix
698,FutbolMix
699,Gol Nachos Supreme
699,Victory Pretzels
700,Gol Nachos Supreme
700,Hot Stadium Peanuts
701,CrunchMax BBQ
702,Hot Stadium Peanuts
702,ChocoKick Bites
702,Mundialitos Queso Picante
703,Mundialitos Queso Picante
704,Hot Stadium Peanuts
704,Gol Nachos Supreme
705,Caramel Goal Popcorn
705,Gol Nachos Supreme
705,Fan Chips Jalapeño
706,Gol Nachos Supreme
707,Caramel Goal Popcorn
707,CrunchMax BBQ
707,Victory Pretzels
708,CrunchMax BBQ
708,Energy Crunch Protein
708,FutbolMix
709,CrunchMax BBQ
709,Hot Stadium Peanuts
710,Hot Stadium Peanuts
710,FutbolMix
710,Mundialitos Queso Picante
711,FutbolMix
711,Energy Crunch Protein
712,Mundialitos Queso Picante
712,ChocoKick Bites
713,ChocoKick Bites
713,Mundialitos Queso Picante
713,CrunchMax BBQ
714,Fan Chips Jalapeño
715,Mundialitos Queso Picante
716,Caramel Goal Popcorn
717,ChocoKick Bites
718,Hot Stadium Peanuts
718,CrunchMax BBQ
719,FutbolMix
719,Fan Chips Jalapeño
720,Mundialitos Queso Picante
721,Mundialitos Queso Picante
721,CrunchMax BBQ
722,FutbolMix
722,ChocoKick Bites
722,Gol Nachos Supreme
723,Mundialitos Queso Picante
723,FutbolMix
724,Mundialitos Queso Picante
724,Hot Stadium Peanuts
724,FutbolMix
725,Mundialitos Queso Picante
725,ChocoKick Bites
726,ChocoKick Bites
726,CrunchMax BBQ
726,Gol Nachos Supreme
727,FutbolMix
727,Gol Nachos Supreme
727,Mundialitos Queso Picante
728,Caramel Goal Popcorn
728,CrunchMax BBQ
729,Fan Chips Jalapeño
729,Gol Nachos Supreme
729,Caramel Goal Popcorn
730,Fan Chips Jalapeño
730,Caramel Goal Popcorn
730,Gol Nachos Supreme
731,Caramel Goal Popcorn
731,CrunchMax BBQ
732,CrunchMax BBQ
733,FutbolMix
733,Mundialitos Queso Picante
734,Mundialitos Queso Picante
734,CrunchMax BBQ
734,Energy Crunch Protein
735,Energy Crunch Protein
735,Gol Nachos Supreme
735,Mundialitos Queso Picante
736,CrunchMax BBQ
736,Gol Nachos Supreme
736,Caramel Goal Popcorn
737,Gol Nachos Supreme
737,ChocoKick Bites
737,FutbolMix
738,ChocoKick Bites
738,Gol Nachos Supreme
738,Caramel Goal Popcorn
739,ChocoKick Bites
740,Hot Stadium Peanuts
740,Energy Crunch Protein
740,Gol Nachos Supreme
741,Gol Nachos Supreme
741,CrunchMax BBQ
741,FutbolMix
742,Gol Nachos Supreme
742,Mundialitos Queso Picante
743,FutbolMix
744,CrunchMax BBQ
744,ChocoKick Bites
744,Caramel Goal Popcorn
745,Mundialitos Queso Picante
745,Gol Nachos Supreme
745,CrunchMax BBQ
746,Mundialitos Queso Picante
746,Hot Stadium Peanuts
746,FutbolMix
747,Gol Nachos Supreme
748,Mundialitos Queso Picante
748,Fan Chips Jalapeño
749,Fan Chips Jalapeño
749,Gol Nachos Supreme
749,Mundialitos Queso Picante
750,Mundialitos Queso Picante
750,CrunchMax BBQ
751,CrunchMax BBQ
751,Gol Nachos Supreme
752,Hot Stadium Peanuts
752,CrunchMax BBQ
753,CrunchMax BBQ
753,Gol Nachos Supreme
754,Hot Stadium Peanuts
754,CrunchMax BBQ
755,CrunchMax BBQ
755,Gol Nachos Supreme
755,Mundialitos Queso Picante
756,CrunchMax BBQ
757,Gol Nachos Supreme
757,Fan Chips Jalapeño
757,ChocoKick Bites
758,ChocoKick Bites
758,Gol Nachos Supreme
759,CrunchMax BBQ
759,Gol Nachos Supreme
759,FutbolMix
760,Hot Stadium Peanuts
760,FutbolMix
760,Mundialitos Queso Picante
761,Gol Nachos Supreme
762,Gol Nachos Supreme
762,CrunchMax BBQ
762,Hot Stadium Peanuts
763,FutbolMix
763,Gol Nachos Supreme
763,ChocoKick Bites
764,Fan Chips Jalapeño
764,Energy Crunch Protein
765,Fan Chips Jalapeño
766,Victory Pretzels
767,Hot Stadium Peanuts
767,Gol Nachos Supreme
768,Caramel Goal Popcorn
769,ChocoKick Bites
769,FutbolMix
769,Gol Nachos Supreme
770,Gol Nachos Supreme
770,Hot Stadium Peanuts
770,Mundialitos Queso Picante
771,Hot Stadium Peanuts
771,Fan Chips Jalapeño
771,Mundialitos Queso Picante
772,Mundialitos Queso Picante
773,Gol Nachos Supreme
774,Mundialitos Queso Picante
774,Gol Nachos Supreme
774,Caramel Goal Popcorn
775,Mundialitos Queso Picante
776,FutbolMix
776,Fan Chips Jalapeño
776,CrunchMax BBQ
777,CrunchMax BBQ
778,FutbolMix
778,Mundialitos Queso Picante
779,FutbolMix
779,CrunchMax BBQ
779,ChocoKick Bites
780,Hot Stadium Peanuts
780,Fan Chips Jalapeño
780,FutbolMix
781,ChocoKick Bites
781,Hot Stadium Peanuts
782,Mundialitos Queso Picante
783,FutbolMix
783,Hot Stadium Peanuts
784,Energy Crunch Protein
784,Fan Chips Jalapeño
785,Victory Pretzels
786,CrunchMax BBQ
786,Gol Nachos Supreme
786,Fan Chips Jalapeño
787,Victory Pretzels
788,Gol Nachos Supreme
788,Mundialitos Queso Picante
788,Energy Crunch Protein
789,Mundialitos Queso Picante
789,ChocoKick Bites
789,FutbolMix
790,Gol Nachos Supreme
790,FutbolMix
791,Mundialitos Queso Picante
791,Energy Crunch Protein
792,Gol Nachos Supreme
792,Fan Chips Jalapeño
793,Victory Pretzels
793,Caramel Goal Popcorn
793,Fan Chips Jalapeño
794,Fan Chips Jalapeño
794,Gol Nachos Supreme
795,Hot Stadium Peanuts
796,Mundialitos Queso Picante
797,Gol Nachos Supreme
798,Gol Nachos Supreme
798,Fan Chips Jalapeño
799,Caramel Goal Popcorn
800,Fan Chips Jalapeño
800,Gol Nachos Supreme
801,CrunchMax BBQ
801,Mundialitos Queso Picante
801,Caramel Goal Popcorn
802,Mundialitos Queso Picante
802,Victory Pretzels
802,CrunchMax BBQ
803,Energy Crunch Protein
803,Mundialitos Queso Picante
804,CrunchMax BBQ
805,Mundialitos Queso Picante
806,Fan Chips Jalapeño
806,ChocoKick Bites
806,Mundialitos Queso Picante
807,FutbolMix
807,Gol Nachos Supreme
807,Caramel Goal Popcorn
808,FutbolMix
809,ChocoKick Bites
809,Energy Crunch Protein
810,CrunchMax BBQ
810,Hot Stadium Peanuts
811,Caramel Goal Popcorn
811,Gol Nachos Supreme
812,ChocoKick Bites
812,Caramel Goal Popcorn
812,FutbolMix
813,CrunchMax BBQ
813,ChocoKick Bites
814,Fan Chips Jalapeño
814,ChocoKick Bites
814,FutbolMix
815,ChocoKick Bites
816,CrunchMax BBQ
816,Mundialitos Queso Picante
817,Energy Crunch Protein
817,Fan Chips Jalapeño
817,FutbolMix
818,ChocoKick Bites
818,Mundialitos Queso Picante
818,Fan Chips Jalapeño
819,Fan Chips Jalapeño
819,CrunchMax BBQ
819,Caramel Goal Popcorn
820,Mundialitos Queso Picante
821,Fan Chips Jalapeño
822,Hot Stadium Peanuts
822,CrunchMax BBQ
822,Fan Chips Jalapeño
823,Mundialitos Queso Picante
824,Caramel Goal Popcorn
825,Victory Pretzels
826,Gol Nachos Supreme
827,Energy Crunch Protein
827,ChocoKick Bites
828,Hot Stadium Peanuts
828,Mundialitos Queso Picante
828,FutbolMix
829,Caramel Goal Popcorn
830,ChocoKick Bites
830,Victory Pretzels
830,Fan Chips Jalapeño
831,Gol Nachos Supreme
831,Victory Pretzels
832,FutbolMix
832,Victory Pretzels
833,Fan Chips Jalapeño
833,CrunchMax BBQ
833,Mundialitos Queso Picante
834,Mundialitos Queso Picante
834,ChocoKick Bites
834,Hot Stadium Peanuts
835,FutbolMix
835,Fan Chips Jalapeño
836,ChocoKick Bites
836,Gol Nachos Supreme
837,Fan Chips Jalapeño
837,Energy Crunch Protein
837,Gol Nachos Supreme
838,Energy Crunch Protein
838,Mundialitos Queso Picante
839,ChocoKick Bites
839,Gol Nachos Supreme
839,Mundialitos Queso Picante
840,ChocoKick Bites
840,Fan Chips Jalapeño
840,Gol Nachos Supreme
841,FutbolMix
841,Mundialitos Queso Picante
841,Hot Stadium Peanuts
842,CrunchMax BBQ
843,Hot Stadium Peanuts
844,Mundialitos Queso Picante
844,FutbolMix
845,ChocoKick Bites
845,Fan Chips Jalapeño
846,Mundialitos Queso Picante
847,Mundialitos Queso Picante
848,CrunchMax BBQ
848,Mundialitos Queso Picante
849,Gol Nachos Supreme
850,FutbolMix
850,CrunchMax BBQ
850,Hot Stadium Peanuts
851,Mundialitos Queso Picante
851,FutbolMix
852,Fan Chips Jalapeño
852,ChocoKick Bites
852,Mundialitos Queso Picante
853,Caramel Goal Popcorn
853,FutbolMix
853,Hot Stadium Peanuts
854,CrunchMax BBQ
854,Mundialitos Queso Picante
855,FutbolMix
856,Caramel Goal Popcorn
856,Gol Nachos Supreme
856,Mundialitos Queso Picante
857,CrunchMax BBQ
857,Fan Chips Jalapeño
857,Mundialitos Queso Picante
858,Mundialitos Queso Picante
858,FutbolMix
859,Caramel Goal Popcorn
860,CrunchMax BBQ
861,Caramel Goal Popcorn
861,Hot Stadium Peanuts
861,CrunchMax BBQ
862,Mundialitos Queso Picante
862,Victory Pretzels
863,Mundialitos Queso Picante
863,Hot Stadium Peanuts
863,Gol Nachos Supreme
864,CrunchMax BBQ
864,Fan Chips Jalapeño
864,Mundialitos Queso Picante
865,Energy Crunch Protein
866,Hot Stadium Peanuts
867,ChocoKick Bites
867,Gol Nachos Supreme
867,CrunchMax BBQ
868,FutbolMix
869,Fan Chips Jalapeño
869,Gol Nachos Supreme
869,Victory Pretzels
870,Mundialitos Queso Picante
870,Energy Crunch Protein
871,Victory Pretzels
872,Mundialitos Queso Picante
872,Gol Nachos Supreme
873,Mundialitos Queso Picante
873,Caramel Goal Popcorn
874,Gol Nachos Supreme
874,FutbolMix
874,CrunchMax BBQ
875,FutbolMix
875,Gol Nachos Supreme
875,Fan Chips Jalapeño
876,Fan Chips Jalapeño
876,FutbolMix
877,Gol Nachos Supreme
877,Victory Pretzels
877,Mundialitos Queso Picante
878,Mundialitos Queso Picante
878,Caramel Goal Popcorn
879,ChocoKick Bites
879,Mundialitos Queso Picante
880,Mundialitos Queso Picante
881,Fan Chips Jalapeño
881,CrunchMax BBQ
882,Hot Stadium Peanuts
882,Gol Nachos Supreme
882,Fan Chips Jalapeño
883,Victory Pretzels
883,Fan Chips Jalapeño
884,Gol Nachos Supreme
884,Caramel Goal Popcorn
884,FutbolMix
885,Fan Chips Jalapeño
886,Hot Stadium Peanuts
886,ChocoKick Bites
95,Fan Chips Jalapeño
95,CrunchMax BBQ
888,Fan Chips Jalapeño
888,Mundialitos Queso Picante
888,Gol Nachos Supreme
889,CrunchMax BBQ
890,Energy Crunch Protein
890,Fan Chips Jalapeño
890,Victory Pretzels
891,Caramel Goal Popcorn
891,CrunchMax BBQ
891,FutbolMix
892,Mundialitos Queso Picante
892,FutbolMix
893,Hot Stadium Peanuts
893,FutbolMix
893,Energy Crunch Protein
894,Fan Chips Jalapeño
894,Gol Nachos Supreme
895,Gol Nachos Supreme
895,Mundialitos Queso Picante
895,CrunchMax BBQ
896,Gol Nachos Supreme
896,Caramel Goal Popcorn
897,CrunchMax BBQ
897,Gol Nachos Supreme
897,Mundialitos Queso Picante
898,Mundialitos Queso Picante
898,CrunchMax BBQ
898,Caramel Goal Popcorn
899,Mundialitos Queso Picante
899,FutbolMix
899,Energy Crunch Protein
900,Fan Chips Jalapeño
900,Energy Crunch Protein
901,Energy Crunch Protein
901,CrunchMax BBQ
901,Hot Stadium Peanuts
902,CrunchMax BBQ
902,ChocoKick Bites
903,Mundialitos Queso Picante
904,Gol Nachos Supreme
905,FutbolMix
906,ChocoKick Bites
907,Hot Stadium Peanuts
907,Gol Nachos Supreme
908,FutbolMix
908,Mundialitos Queso Picante
908,Gol Nachos Supreme
909,Mundialitos Queso Picante
910,Fan Chips Jalapeño
911,Fan Chips Jalapeño
911,Caramel Goal Popcorn
912,Hot Stadium Peanuts
912,Mundialitos Queso Picante
913,Fan Chips Jalapeño
913,Mundialitos Queso Picante
914,FutbolMix
914,Fan Chips Jalapeño
915,Fan Chips Jalapeño
916,Victory Pretzels
917,Mundialitos Queso Picante
918,FutbolMix
918,Hot Stadium Peanuts
918,Fan Chips Jalapeño
919,Energy Crunch Protein
920,Caramel Goal Popcorn
921,Energy Crunch Protein
921,Mundialitos Queso Picante
922,FutbolMix
923,Gol Nachos Supreme
924,CrunchMax BBQ
924,Victory Pretzels
925,Caramel Goal Popcorn
926,Gol Nachos Supreme
926,Hot Stadium Peanuts
926,CrunchMax BBQ
927,ChocoKick Bites
927,Mundialitos Queso Picante
927,Gol Nachos Supreme
928,Hot Stadium Peanuts
928,CrunchMax BBQ
929,Caramel Goal Popcorn
929,CrunchMax BBQ
929,Mundialitos Queso Picante
930,FutbolMix
930,CrunchMax BBQ
931,Hot Stadium Peanuts
931,FutbolMix
932,Hot Stadium Peanuts
932,Mundialitos Queso Picante
933,Victory Pretzels
933,FutbolMix
933,Fan Chips Jalapeño
934,FutbolMix
934,Mundialitos Queso Picante
935,Fan Chips Jalapeño
936,Victory Pretzels
936,FutbolMix
936,Fan Chips Jalapeño
937,Victory Pretzels
617,Mundialitos Queso Picante
617,CrunchMax BBQ
939,Mundialitos Queso Picante
939,ChocoKick Bites
940,Caramel Goal Popcorn
940,Mundialitos Queso Picante
941,ChocoKick Bites
942,Hot Stadium Peanuts
942,Victory Pretzels
943,Gol Nachos Supreme
944,FutbolMix
945,FutbolMix
945,CrunchMax BBQ
945,Gol Nachos Supreme
946,Fan Chips Jalapeño
947,CrunchMax BBQ
947,Fan Chips Jalapeño
948,ChocoKick Bites
948,Fan Chips Jalapeño
948,FutbolMix
949,CrunchMax BBQ
949,Energy Crunch Protein
949,Hot Stadium Peanuts
950,Mundialitos Queso Picante
951,FutbolMix
952,Gol Nachos Supreme
952,CrunchMax BBQ
953,ChocoKick Bites
953,Hot Stadium Peanuts
954,Fan Chips Jalapeño
955,Gol Nachos Supreme
956,Gol Nachos Supreme
957,Fan Chips Jalapeño
958,Victory Pretzels
959,Victory Pretzels
959,Energy Crunch Protein
960,Fan Chips Jalapeño
960,Victory Pretzels
961,CrunchMax BBQ
961,Mundialitos Queso Picante
961,Fan Chips Jalapeño
962,Fan Chips Jalapeño
963,Fan Chips Jalapeño
963,Hot Stadium Peanuts
964,FutbolMix
964,Energy Crunch Protein
964,Gol Nachos Supreme
965,Fan Chips Jalapeño
965,Victory Pretzels
965,Mundialitos Queso Picante
966,Fan Chips Jalapeño
967,Hot Stadium Peanuts
967,CrunchMax BBQ
967,Energy Crunch Protein
968,Fan Chips Jalapeño
968,Energy Crunch Protein
968,Mundialitos Queso Picante
969,Caramel Goal Popcorn
969,Mundialitos Queso Picante
969,Victory Pretzels
970,Hot Stadium Peanuts
970,Fan Chips Jalapeño
971,FutbolMix
971,Fan Chips Jalapeño
971,Caramel Goal Popcorn
972,Gol Nachos Supreme
972,Fan Chips Jalapeño
972,CrunchMax BBQ
973,ChocoKick Bites
973,FutbolMix
973,Gol Nachos Supreme
974,Caramel Goal Popcorn
975,FutbolMix
976,CrunchMax BBQ
977,Mundialitos Queso Picante
977,Victory Pretzels
978,Mundialitos Queso Picante
978,Gol Nachos Supreme
979,Mundialitos Queso Picante
980,CrunchMax BBQ
980,Caramel Goal Popcorn
981,Fan Chips Jalapeño
981,CrunchMax BBQ
981,Energy Crunch Protein
982,Fan Chips Jalapeño
982,Mundialitos Queso Picante
982,Caramel Goal Popcorn
983,Fan Chips Jalapeño
984,ChocoKick Bites
985,CrunchMax BBQ
986,Caramel Goal Popcorn
986,Mundialitos Queso Picante
986,CrunchMax BBQ
987,Victory Pretzels
987,Mundialitos Queso Picante
988,Fan Chips Jalapeño
988,Mundialitos Queso Picante
989,Mundialitos Queso Picante
990,ChocoKick Bites
991,Gol Nachos Supreme
991,Energy Crunch Protein
991,Caramel Goal Popcorn
992,ChocoKick Bites
993,Gol Nachos Supreme
994,CrunchMax BBQ
994,ChocoKick Bites
994,Hot Stadium Peanuts
995,CrunchMax BBQ
996,ChocoKick Bites
996,Mundialitos Queso Picante
996,Fan Chips Jalapeño
997,FutbolMix
997,Gol Nachos Supreme
997,Energy Crunch Protein
998,Gol Nachos Supreme
999,Gol Nachos Supreme
999,Energy Crunch Protein
1000,Gol Nachos Supreme
1001,Gol Nachos Supreme
1002,CrunchMax BBQ
1003,Hot Stadium Peanuts
1004,CrunchMax BBQ
1004,Gol Nachos Supreme
1004,Mundialitos Queso Picante
1005,Fan Chips Jalapeño
1005,CrunchMax BBQ
1006,Mundialitos Queso Picante
1006,Gol Nachos Supreme
1006,CrunchMax BBQ
1007,Energy Crunch Protein
1007,CrunchMax BBQ
1007,FutbolMix
1008,Mundialitos Queso Picante
1008,FutbolMix
1008,Gol Nachos Supreme
1009,Hot Stadium Peanuts
1009,CrunchMax BBQ
1009,Mundialitos Queso Picante
1010,Caramel Goal Popcorn
1011,Hot Stadium Peanuts
1011,Caramel Goal Popcorn
1011,Mundialitos Queso Picante
1012,Gol Nachos Supreme
1012,Fan Chips Jalapeño
1013,Mundialitos Queso Picante
1014,FutbolMix
1015,Fan Chips Jalapeño
1015,FutbolMix
1015,Mundialitos Queso Picante
1016,Caramel Goal Popcorn
1017,Fan Chips Jalapeño
1017,FutbolMix
1017,CrunchMax BBQ
1018,Caramel Goal Popcorn
1019,Energy Crunch Protein
1019,Mundialitos Queso Picante
1020,Hot Stadium Peanuts
1020,Mundialitos Queso Picante
1021,CrunchMax BBQ
1021,Gol Nachos Supreme
1022,Fan Chips Jalapeño
1022,Victory Pretzels
1023,Caramel Goal Popcorn
1024,Hot Stadium Peanuts
1024,Mundialitos Queso Picante
1024,Fan Chips Jalapeño
1025,CrunchMax BBQ
1025,Caramel Goal Popcorn
1026,Caramel Goal Popcorn
1026,Mundialitos Queso Picante
1026,CrunchMax BBQ
1027,CrunchMax BBQ
1027,Energy Crunch Protein
1028,FutbolMix
1028,Gol Nachos Supreme
1029,CrunchMax BBQ
1029,Mundialitos Queso Picante
1029,Caramel Goal Popcorn
1030,FutbolMix
1030,Caramel Goal Popcorn
1031,Gol Nachos Supreme
1032,Mundialitos Queso Picante
1032,Gol Nachos Supreme
1033,ChocoKick Bites
1033,Mundialitos Queso Picante
1034,Energy Crunch Protein
1035,Fan Chips Jalapeño
1035,CrunchMax BBQ
1036,Hot Stadium Peanuts
1036,Mundialitos Queso Picante
1037,ChocoKick Bites
1037,Mundialitos Queso Picante
1037,Gol Nachos Supreme
1038,Mundialitos Queso Picante
1039,ChocoKick Bites
1039,Hot Stadium Peanuts
1040,Fan Chips Jalapeño
1040,Hot Stadium Peanuts
1041,Mundialitos Queso Picante
1041,Energy Crunch Protein
1042,Gol Nachos Supreme
1042,ChocoKick Bites
1043,CrunchMax BBQ
1044,Gol Nachos Supreme
1044,Hot Stadium Peanuts
1045,ChocoKick Bites
1045,Gol Nachos Supreme
1045,Hot Stadium Peanuts
1046,Mundialitos Queso Picante
1046,ChocoKick Bites
1046,Gol Nachos Supreme
1047,Victory Pretzels
1047,Energy Crunch Protein
1048,FutbolMix
1048,Energy Crunch Protein
1048,Gol Nachos Supreme
1049,ChocoKick Bites
1049,Caramel Goal Popcorn
1050,Fan Chips Jalapeño
1050,Mundialitos Queso Picante
1051,Energy Crunch Protein
1051,Caramel Goal Popcorn
1052,Mundialitos Queso Picante
1052,Gol Nachos Supreme
1052,Fan Chips Jalapeño
1053,Gol Nachos Supreme
1054,Hot Stadium Peanuts
1055,Fan Chips Jalapeño
1055,Gol Nachos Supreme
1056,Fan Chips Jalapeño
1056,Gol Nachos Supreme
1057,Gol Nachos Supreme
1057,Hot Stadium Peanuts
1057,Caramel Goal Popcorn
1058,Fan Chips Jalapeño
1058,FutbolMix
1058,Caramel Goal Popcorn
1059,FutbolMix
1059,Gol Nachos Supreme
1059,Caramel Goal Popcorn
1060,Hot Stadium Peanuts
1061,Hot Stadium Peanuts
1062,Energy Crunch Protein
1063,Fan Chips Jalapeño
1063,Caramel Goal Popcorn
1064,FutbolMix
1064,Mundialitos Queso Picante
1064,Fan Chips Jalapeño
1065,FutbolMix
1066,Gol Nachos Supreme
1066,ChocoKick Bites
1066,Mundialitos Queso Picante
1067,FutbolMix
1067,Fan Chips Jalapeño
1068,Hot Stadium Peanuts
1069,FutbolMix
1070,Gol Nachos Supreme
1070,Hot Stadium Peanuts
1070,Mundialitos Queso Picante
1071,Hot Stadium Peanuts
1071,Gol Nachos Supreme
1072,Victory Pretzels
1072,Gol Nachos Supreme
1073,Fan Chips Jalapeño
1073,Hot Stadium Peanuts
1074,Energy Crunch Protein
1075,Energy Crunch Protein
1075,CrunchMax BBQ
1075,Mundialitos Queso Picante
1076,Caramel Goal Popcorn
1076,CrunchMax BBQ
1076,ChocoKick Bites
1077,Mundialitos Queso Picante
1078,Hot Stadium Peanuts
1078,CrunchMax BBQ
1079,ChocoKick Bites
1079,Mundialitos Queso Picante
1079,Hot Stadium Peanuts
1080,Fan Chips Jalapeño
1080,FutbolMix
1080,Mundialitos Queso Picante
1081,CrunchMax BBQ
1082,Mundialitos Queso Picante
1082,Energy Crunch Protein
1082,ChocoKick Bites
1083,CrunchMax BBQ
1083,Energy Crunch Protein
1084,Fan Chips Jalapeño
1085,Hot Stadium Peanuts
1085,FutbolMix
1085,CrunchMax BBQ
1086,ChocoKick Bites
1086,Caramel Goal Popcorn
1086,Gol Nachos Supreme
1087,Caramel Goal Popcorn
1087,Hot Stadium Peanuts
1087,CrunchMax BBQ
1088,Fan Chips Jalapeño
1088,ChocoKick Bites
1088,Energy Crunch Protein
1089,CrunchMax BBQ
1089,Fan Chips Jalapeño
1089,Victory Pretzels
2124,Gol Nachos Supreme
2124,Caramel Goal Popcorn
2124,Fan Chips Jalapeño
1091,Mundialitos Queso Picante
1092,Gol Nachos Supreme
1092,Victory Pretzels
1092,CrunchMax BBQ
1093,Energy Crunch Protein
1094,Mundialitos Queso Picante
1094,Fan Chips Jalapeño
1095,CrunchMax BBQ
1096,ChocoKick Bites
1097,Energy Crunch Protein
1098,Gol Nachos Supreme
1099,CrunchMax BBQ
1099,Caramel Goal Popcorn
1099,FutbolMix
1100,Mundialitos Queso Picante
1100,Fan Chips Jalapeño
1101,FutbolMix
1101,CrunchMax BBQ
1101,ChocoKick Bites
1102,Gol Nachos Supreme
1103,Mundialitos Queso Picante
1104,Gol Nachos Supreme
1104,Mundialitos Queso Picante
1104,FutbolMix
1105,Hot Stadium Peanuts
1106,Hot Stadium Peanuts
1106,Mundialitos Queso Picante
1107,Mundialitos Queso Picante
2199,CrunchMax BBQ
1109,CrunchMax BBQ
1110,Gol Nachos Supreme
1111,Gol Nachos Supreme
1111,CrunchMax BBQ
1111,FutbolMix
1112,CrunchMax BBQ
1112,FutbolMix
1112,Fan Chips Jalapeño
1113,ChocoKick Bites
1113,Energy Crunch Protein
1113,Hot Stadium Peanuts
1114,Caramel Goal Popcorn
1114,Hot Stadium Peanuts
1114,Gol Nachos Supreme
1115,Hot Stadium Peanuts
1115,Mundialitos Queso Picante
1115,FutbolMix
558,Gol Nachos Supreme
1117,Gol Nachos Supreme
1117,Caramel Goal Popcorn
1118,CrunchMax BBQ
1118,Caramel Goal Popcorn
1118,Gol Nachos Supreme
1119,Fan Chips Jalapeño
1120,Mundialitos Queso Picante
1120,Energy Crunch Protein
1121,FutbolMix
1121,Hot Stadium Peanuts
1121,Fan Chips Jalapeño
1122,CrunchMax BBQ
1122,FutbolMix
1122,Gol Nachos Supreme
1123,FutbolMix
1123,CrunchMax BBQ
1124,Gol Nachos Supreme
1124,CrunchMax BBQ
1124,Fan Chips Jalapeño
1125,ChocoKick Bites
1125,Hot Stadium Peanuts
1125,Fan Chips Jalapeño
1126,Hot Stadium Peanuts
1126,Fan Chips Jalapeño
1127,Caramel Goal Popcorn
373,ChocoKick Bites
373,Gol Nachos Supreme
373,FutbolMix
1129,Mundialitos Queso Picante
1129,Gol Nachos Supreme
1130,Hot Stadium Peanuts
1131,Fan Chips Jalapeño
1132,Energy Crunch Protein
1132,FutbolMix
1133,FutbolMix
1134,FutbolMix
1134,Gol Nachos Supreme
1135,FutbolMix
1135,Mundialitos Queso Picante
1136,CrunchMax BBQ
1136,Fan Chips Jalapeño
1136,Gol Nachos Supreme
1137,CrunchMax BBQ
1137,Fan Chips Jalapeño
1138,Gol Nachos Supreme
1138,CrunchMax BBQ
1138,Victory Pretzels
1139,Mundialitos Queso Picante
1139,FutbolMix
1139,Energy Crunch Protein
1140,Mundialitos Queso Picante
1140,Hot Stadium Peanuts
1140,ChocoKick Bites
1141,FutbolMix
1141,Gol Nachos Supreme
1142,ChocoKick Bites
1142,FutbolMix
1143,Caramel Goal Popcorn
1144,Energy Crunch Protein
1144,Hot Stadium Peanuts
1145,Mundialitos Queso Picante
1145,Gol Nachos Supreme
1145,Caramel Goal Popcorn
1146,Victory Pretzels
1146,CrunchMax BBQ
1147,Hot Stadium Peanuts
1147,CrunchMax BBQ
1147,Gol Nachos Supreme
1148,FutbolMix
1149,FutbolMix
1150,FutbolMix
1150,Mundialitos Queso Picante
1150,Gol Nachos Supreme
1151,CrunchMax BBQ
1151,Caramel Goal Popcorn
1151,Gol Nachos Supreme
1152,CrunchMax BBQ
1152,ChocoKick Bites
1153,Victory Pretzels
1153,Gol Nachos Supreme
1154,Gol Nachos Supreme
1155,Victory Pretzels
1155,FutbolMix
1155,CrunchMax BBQ
1156,ChocoKick Bites
1157,Energy Crunch Protein
1158,Caramel Goal Popcorn
1158,Fan Chips Jalapeño
1158,Mundialitos Queso Picante
1159,Hot Stadium Peanuts
1159,Mundialitos Queso Picante
1159,Victory Pretzels
1160,CrunchMax BBQ
1160,Caramel Goal Popcorn
1160,Energy Crunch Protein
1161,Gol Nachos Supreme
1161,Victory Pretzels
1161,Hot Stadium Peanuts
1162,ChocoKick Bites
1162,Fan Chips Jalapeño
1162,CrunchMax BBQ
1163,Mundialitos Queso Picante
1164,Mundialitos Queso Picante
1165,FutbolMix
1165,Caramel Goal Popcorn
1166,FutbolMix
1166,Mundialitos Queso Picante
1167,Mundialitos Queso Picante
1168,Fan Chips Jalapeño
1168,ChocoKick Bites
1169,FutbolMix
1169,CrunchMax BBQ
1169,ChocoKick Bites
1170,Gol Nachos Supreme
1171,Gol Nachos Supreme
1172,FutbolMix
1172,Gol Nachos Supreme
1173,Energy Crunch Protein
1174,Mundialitos Queso Picante
1174,Hot Stadium Peanuts
1174,Caramel Goal Popcorn
1175,Energy Crunch Protein
1175,CrunchMax BBQ
1176,Victory Pretzels
1177,CrunchMax BBQ
1177,FutbolMix
1177,Mundialitos Queso Picante
1178,Energy Crunch Protein
1178,Mundialitos Queso Picante
1178,Caramel Goal Popcorn
1179,Energy Crunch Protein
1180,Fan Chips Jalapeño
1181,Gol Nachos Supreme
1181,ChocoKick Bites
1182,CrunchMax BBQ
1182,Energy Crunch Protein
1183,Gol Nachos Supreme
1184,CrunchMax BBQ
1185,Gol Nachos Supreme
1185,Fan Chips Jalapeño
1186,Mundialitos Queso Picante
1186,Gol Nachos Supreme
1186,CrunchMax BBQ
1187,Caramel Goal Popcorn
1187,Energy Crunch Protein
1187,Victory Pretzels
1481,CrunchMax BBQ
1189,Fan Chips Jalapeño
1189,ChocoKick Bites
1190,Gol Nachos Supreme
1191,FutbolMix
1192,CrunchMax BBQ
1193,Mundialitos Queso Picante
1193,Caramel Goal Popcorn
1194,Mundialitos Queso Picante
1195,Gol Nachos Supreme
1196,Hot Stadium Peanuts
1197,FutbolMix
1197,Gol Nachos Supreme
1198,Mundialitos Queso Picante
1198,FutbolMix
1199,Caramel Goal Popcorn
1199,Hot Stadium Peanuts
1199,CrunchMax BBQ
1200,Victory Pretzels
1200,ChocoKick Bites
1200,Caramel Goal Popcorn
1201,Hot Stadium Peanuts
1201,Fan Chips Jalapeño
1201,Energy Crunch Protein
1202,Fan Chips Jalapeño
1202,Hot Stadium Peanuts
1202,Mundialitos Queso Picante
1203,FutbolMix
1203,Fan Chips Jalapeño
1204,Mundialitos Queso Picante
1204,Fan Chips Jalapeño
1205,Mundialitos Queso Picante
1205,Energy Crunch Protein
1206,Caramel Goal Popcorn
1207,Mundialitos Queso Picante
1208,Gol Nachos Supreme
1209,Caramel Goal Popcorn
1209,Fan Chips Jalapeño
1209,Victory Pretzels
1210,Gol Nachos Supreme
1210,Fan Chips Jalapeño
1210,CrunchMax BBQ
1211,Gol Nachos Supreme
1211,FutbolMix
1212,ChocoKick Bites
1212,CrunchMax BBQ
1213,ChocoKick Bites
1214,Gol Nachos Supreme
1215,FutbolMix
1215,Gol Nachos Supreme
1216,CrunchMax BBQ
1217,Victory Pretzels
1217,CrunchMax BBQ
1217,Fan Chips Jalapeño
1218,Fan Chips Jalapeño
1219,Mundialitos Queso Picante
1219,Caramel Goal Popcorn
1220,FutbolMix
1221,Mundialitos Queso Picante
1221,CrunchMax BBQ
1221,FutbolMix
1222,Energy Crunch Protein
1223,ChocoKick Bites
1223,CrunchMax BBQ
1223,Hot Stadium Peanuts
1224,Hot Stadium Peanuts
1225,FutbolMix
1226,CrunchMax BBQ
1226,Gol Nachos Supreme
1226,Fan Chips Jalapeño
1227,Mundialitos Queso Picante
1228,Caramel Goal Popcorn
1229,Caramel Goal Popcorn
1229,FutbolMix
1229,CrunchMax BBQ
1230,CrunchMax BBQ
1230,Energy Crunch Protein
1231,ChocoKick Bites
1232,Energy Crunch Protein
1233,Fan Chips Jalapeño
1233,Caramel Goal Popcorn
1234,Victory Pretzels
1234,Energy Crunch Protein
1234,Gol Nachos Supreme
1235,Energy Crunch Protein
1236,Gol Nachos Supreme
1236,Hot Stadium Peanuts
1236,FutbolMix
1237,CrunchMax BBQ
1237,Mundialitos Queso Picante
1238,Caramel Goal Popcorn
1239,Hot Stadium Peanuts
1240,ChocoKick Bites
1240,CrunchMax BBQ
1240,Mundialitos Queso Picante
1241,Mundialitos Queso Picante
1241,Energy Crunch Protein
1242,Gol Nachos Supreme
1242,CrunchMax BBQ
1243,FutbolMix
1243,Hot Stadium Peanuts
1244,FutbolMix
1244,Gol Nachos Supreme
1245,Gol Nachos Supreme
1245,ChocoKick Bites
1246,Energy Crunch Protein
1247,Fan Chips Jalapeño
1247,Hot Stadium Peanuts
1247,CrunchMax BBQ
1248,Mundialitos Queso Picante
1248,ChocoKick Bites
1248,Fan Chips Jalapeño
1249,Gol Nachos Supreme
1250,Hot Stadium Peanuts
1250,Mundialitos Queso Picante
1251,FutbolMix
1252,Victory Pretzels
1252,Gol Nachos Supreme
1253,Gol Nachos Supreme
1253,FutbolMix
1254,CrunchMax BBQ
1254,Mundialitos Queso Picante
1254,Fan Chips Jalapeño
1255,Hot Stadium Peanuts
1255,CrunchMax BBQ
1255,FutbolMix
1256,Fan Chips Jalapeño
1256,Mundialitos Queso Picante
1257,Fan Chips Jalapeño
1258,Energy Crunch Protein
1258,FutbolMix
1258,CrunchMax BBQ
1259,ChocoKick Bites
1259,CrunchMax BBQ
1259,FutbolMix
1260,Fan Chips Jalapeño
1260,Energy Crunch Protein
1261,Mundialitos Queso Picante
1262,Fan Chips Jalapeño
1262,Mundialitos Queso Picante
1263,CrunchMax BBQ
1263,Fan Chips Jalapeño
1263,ChocoKick Bites
1264,ChocoKick Bites
1264,FutbolMix
1265,FutbolMix
1265,Mundialitos Queso Picante
1265,Victory Pretzels
1266,Hot Stadium Peanuts
1266,Caramel Goal Popcorn
1266,Mundialitos Queso Picante
1267,FutbolMix
1267,Hot Stadium Peanuts
1267,Gol Nachos Supreme
1268,Fan Chips Jalapeño
1268,CrunchMax BBQ
1268,Hot Stadium Peanuts
1269,Gol Nachos Supreme
1269,Fan Chips Jalapeño
1269,Mundialitos Queso Picante
1270,Caramel Goal Popcorn
1270,FutbolMix
1271,Caramel Goal Popcorn
1864,Victory Pretzels
1273,Mundialitos Queso Picante
1273,Hot Stadium Peanuts
1273,CrunchMax BBQ
1274,Hot Stadium Peanuts
1275,Gol Nachos Supreme
1275,Mundialitos Queso Picante
1275,Caramel Goal Popcorn
1276,ChocoKick Bites
1276,Caramel Goal Popcorn
1276,Mundialitos Queso Picante
1277,Hot Stadium Peanuts
1277,FutbolMix
1278,Hot Stadium Peanuts
1279,Mundialitos Queso Picante
1279,Energy Crunch Protein
1279,Fan Chips Jalapeño
1280,ChocoKick Bites
1280,Fan Chips Jalapeño
1280,CrunchMax BBQ
1281,Mundialitos Queso Picante
1281,Hot Stadium Peanuts
1281,Gol Nachos Supreme
1282,Caramel Goal Popcorn
1283,Gol Nachos Supreme
1283,Energy Crunch Protein
1283,Mundialitos Queso Picante
1284,Mundialitos Queso Picante
1285,FutbolMix
1285,Caramel Goal Popcorn
1285,Mundialitos Queso Picante
1286,Hot Stadium Peanuts
1286,Gol Nachos Supreme
1286,Energy Crunch Protein
1287,Hot Stadium Peanuts
1288,Mundialitos Queso Picante
1288,CrunchMax BBQ
1289,Victory Pretzels
1289,Fan Chips Jalapeño
1289,Mundialitos Queso Picante
1290,Fan Chips Jalapeño
1291,CrunchMax BBQ
1291,Caramel Goal Popcorn
1291,ChocoKick Bites
1292,Mundialitos Queso Picante
1292,FutbolMix
1292,Fan Chips Jalapeño
1293,CrunchMax BBQ
1293,FutbolMix
1294,FutbolMix
1295,Fan Chips Jalapeño
1296,CrunchMax BBQ
1297,Mundialitos Queso Picante
1297,Caramel Goal Popcorn
1297,CrunchMax BBQ
1298,Fan Chips Jalapeño
1299,ChocoKick Bites
1299,Caramel Goal Popcorn
1300,CrunchMax BBQ
1300,Hot Stadium Peanuts
1301,ChocoKick Bites
1301,Gol Nachos Supreme
1301,Energy Crunch Protein
1302,FutbolMix
1303,CrunchMax BBQ
1303,ChocoKick Bites
1304,Hot Stadium Peanuts
1305,CrunchMax BBQ
1306,Caramel Goal Popcorn
1307,Fan Chips Jalapeño
1307,FutbolMix
1307,Mundialitos Queso Picante
1308,CrunchMax BBQ
1308,FutbolMix
1309,CrunchMax BBQ
1309,Fan Chips Jalapeño
1309,Caramel Goal Popcorn
1310,Caramel Goal Popcorn
1311,Mundialitos Queso Picante
1311,Fan Chips Jalapeño
1311,ChocoKick Bites
1312,Hot Stadium Peanuts
1313,Fan Chips Jalapeño
1313,FutbolMix
1313,Hot Stadium Peanuts
1314,Mundialitos Queso Picante
1314,ChocoKick Bites
1314,Gol Nachos Supreme
1315,ChocoKick Bites
1316,Hot Stadium Peanuts
1317,Fan Chips Jalapeño
1317,Hot Stadium Peanuts
1318,Fan Chips Jalapeño
1318,FutbolMix
2405,FutbolMix
2405,Mundialitos Queso Picante
2405,Victory Pretzels
1320,ChocoKick Bites
1320,CrunchMax BBQ
1321,CrunchMax BBQ
1322,Fan Chips Jalapeño
1322,Victory Pretzels
1322,Hot Stadium Peanuts
1323,FutbolMix
1323,Gol Nachos Supreme
1324,Fan Chips Jalapeño
1325,Mundialitos Queso Picante
1326,Gol Nachos Supreme
1326,Victory Pretzels
1326,CrunchMax BBQ
1327,Gol Nachos Supreme
1328,Mundialitos Queso Picante
1328,Energy Crunch Protein
1329,Caramel Goal Popcorn
1330,Energy Crunch Protein
1331,Fan Chips Jalapeño
1331,Gol Nachos Supreme
1332,CrunchMax BBQ
1332,Hot Stadium Peanuts
1333,Energy Crunch Protein
1334,Gol Nachos Supreme
1335,Energy Crunch Protein
1335,Fan Chips Jalapeño
1335,Gol Nachos Supreme
1336,Gol Nachos Supreme
1337,CrunchMax BBQ
1337,ChocoKick Bites
1337,Gol Nachos Supreme
538,FutbolMix
1339,Mundialitos Queso Picante
1339,FutbolMix
1340,Gol Nachos Supreme
1340,ChocoKick Bites
1341,Gol Nachos Supreme
1341,Energy Crunch Protein
1342,Mundialitos Queso Picante
1343,Caramel Goal Popcorn
1343,ChocoKick Bites
1343,Hot Stadium Peanuts
1344,Gol Nachos Supreme
1344,Mundialitos Queso Picante
1345,Gol Nachos Supreme
1346,Gol Nachos Supreme
1346,Mundialitos Queso Picante
1347,Fan Chips Jalapeño
1347,CrunchMax BBQ
1348,CrunchMax BBQ
1349,Gol Nachos Supreme
1349,CrunchMax BBQ
1350,ChocoKick Bites
1351,FutbolMix
1351,Mundialitos Queso Picante
1351,Caramel Goal Popcorn
1352,Caramel Goal Popcorn
1353,Hot Stadium Peanuts
1354,FutbolMix
1355,CrunchMax BBQ
1355,Mundialitos Queso Picante
1355,Gol Nachos Supreme
1356,Hot Stadium Peanuts
1356,Gol Nachos Supreme
1356,Fan Chips Jalapeño
1357,Energy Crunch Protein
1357,Mundialitos Queso Picante
1357,FutbolMix
1358,Energy Crunch Protein
1358,CrunchMax BBQ
1358,Gol Nachos Supreme
1359,Gol Nachos Supreme
1359,Hot Stadium Peanuts
1360,Fan Chips Jalapeño
1360,ChocoKick Bites
1360,Caramel Goal Popcorn
1361,Caramel Goal Popcorn
1362,FutbolMix
1362,Caramel Goal Popcorn
1363,Victory Pretzels
1364,CrunchMax BBQ
1364,Fan Chips Jalapeño
1364,FutbolMix
1365,Victory Pretzels
1366,Caramel Goal Popcorn
1367,Gol Nachos Supreme
1368,CrunchMax BBQ
1368,Energy Crunch Protein
1369,Energy Crunch Protein
1370,Caramel Goal Popcorn
1370,Gol Nachos Supreme
1371,Gol Nachos Supreme
1371,Hot Stadium Peanuts
1372,CrunchMax BBQ
1372,Fan Chips Jalapeño
1372,Caramel Goal Popcorn
1373,Mundialitos Queso Picante
1373,ChocoKick Bites
1373,Fan Chips Jalapeño
1374,Mundialitos Queso Picante
1374,Hot Stadium Peanuts
1374,CrunchMax BBQ
1375,ChocoKick Bites
1375,Victory Pretzels
1375,Gol Nachos Supreme
1376,Hot Stadium Peanuts
1376,Gol Nachos Supreme
1376,Victory Pretzels
1377,Gol Nachos Supreme
1378,Caramel Goal Popcorn
1379,Energy Crunch Protein
1379,Gol Nachos Supreme
1380,Victory Pretzels
1381,Gol Nachos Supreme
1381,FutbolMix
1381,CrunchMax BBQ
1382,Fan Chips Jalapeño
1382,Victory Pretzels
1382,Gol Nachos Supreme
1383,Mundialitos Queso Picante
1384,CrunchMax BBQ
1384,Caramel Goal Popcorn
1384,Gol Nachos Supreme
1385,CrunchMax BBQ
1386,Gol Nachos Supreme
1386,Fan Chips Jalapeño
1387,Fan Chips Jalapeño
1388,CrunchMax BBQ
1389,ChocoKick Bites
1389,Caramel Goal Popcorn
1390,Mundialitos Queso Picante
1390,Caramel Goal Popcorn
1390,Gol Nachos Supreme
1391,ChocoKick Bites
1391,Mundialitos Queso Picante
1392,Energy Crunch Protein
1392,FutbolMix
1393,ChocoKick Bites
1394,Mundialitos Queso Picante
1394,Gol Nachos Supreme
1394,FutbolMix
1395,Caramel Goal Popcorn
1396,Hot Stadium Peanuts
1396,Fan Chips Jalapeño
1396,Gol Nachos Supreme
1397,Victory Pretzels
1397,CrunchMax BBQ
1398,Hot Stadium Peanuts
1399,Caramel Goal Popcorn
1399,ChocoKick Bites
1400,CrunchMax BBQ
1401,Gol Nachos Supreme
1401,Energy Crunch Protein
1402,Hot Stadium Peanuts
1402,FutbolMix
1402,Fan Chips Jalapeño
1403,FutbolMix
1404,CrunchMax BBQ
1405,ChocoKick Bites
1405,Mundialitos Queso Picante
1406,CrunchMax BBQ
1407,Gol Nachos Supreme
1407,Victory Pretzels
1408,Victory Pretzels
1408,Energy Crunch Protein
1408,Gol Nachos Supreme
1409,Energy Crunch Protein
1410,Gol Nachos Supreme
1410,Energy Crunch Protein
1411,Mundialitos Queso Picante
1411,Gol Nachos Supreme
1412,Mundialitos Queso Picante
1413,Mundialitos Queso Picante
1414,Fan Chips Jalapeño
1414,FutbolMix
1415,CrunchMax BBQ
1415,Mundialitos Queso Picante
1415,Caramel Goal Popcorn
1416,FutbolMix
1416,Mundialitos Queso Picante
1416,Victory Pretzels
1417,FutbolMix
1417,Mundialitos Queso Picante
1418,Caramel Goal Popcorn
1418,ChocoKick Bites
1418,Victory Pretzels
1419,FutbolMix
1419,Mundialitos Queso Picante
1419,Gol Nachos Supreme
1420,Mundialitos Queso Picante
1420,Gol Nachos Supreme
1421,Gol Nachos Supreme
1421,CrunchMax BBQ
1421,Mundialitos Queso Picante
1422,FutbolMix
1422,Hot Stadium Peanuts
2478,FutbolMix
1424,Fan Chips Jalapeño
1424,Caramel Goal Popcorn
1425,Gol Nachos Supreme
1425,Energy Crunch Protein
1426,Mundialitos Queso Picante
1426,FutbolMix
1427,FutbolMix
1427,Victory Pretzels
1427,CrunchMax BBQ
1428,Fan Chips Jalapeño
1428,Hot Stadium Peanuts
1429,Fan Chips Jalapeño
1429,Gol Nachos Supreme
1429,Energy Crunch Protein
1430,Hot Stadium Peanuts
1431,Gol Nachos Supreme
1431,FutbolMix
1432,Mundialitos Queso Picante
1432,CrunchMax BBQ
1432,Caramel Goal Popcorn
1433,ChocoKick Bites
1433,Hot Stadium Peanuts
1433,Fan Chips Jalapeño
1434,ChocoKick Bites
1435,ChocoKick Bites
1436,Caramel Goal Popcorn
1436,CrunchMax BBQ
1437,FutbolMix
1437,Victory Pretzels
1437,Hot Stadium Peanuts
1438,Fan Chips Jalapeño
1438,CrunchMax BBQ
1439,Mundialitos Queso Picante
1440,CrunchMax BBQ
1440,Caramel Goal Popcorn
1441,Fan Chips Jalapeño
1441,Energy Crunch Protein
1442,Energy Crunch Protein
1442,Hot Stadium Peanuts
1442,Caramel Goal Popcorn
1443,ChocoKick Bites
1443,Caramel Goal Popcorn
1443,FutbolMix
1444,FutbolMix
1444,ChocoKick Bites
1445,CrunchMax BBQ
1446,FutbolMix
1446,Caramel Goal Popcorn
1447,Victory Pretzels
1448,Fan Chips Jalapeño
1448,CrunchMax BBQ
1448,Hot Stadium Peanuts
1449,Gol Nachos Supreme
1450,Hot Stadium Peanuts
1450,Gol Nachos Supreme
1451,Caramel Goal Popcorn
1452,Fan Chips Jalapeño
1452,FutbolMix
1453,ChocoKick Bites
1453,Mundialitos Queso Picante
1453,Energy Crunch Protein
1454,Victory Pretzels
1454,CrunchMax BBQ
1454,Caramel Goal Popcorn
1455,Caramel Goal Popcorn
1455,CrunchMax BBQ
1456,CrunchMax BBQ
1456,FutbolMix
1456,Mundialitos Queso Picante
1457,Gol Nachos Supreme
1457,Mundialitos Queso Picante
1457,ChocoKick Bites
1458,Mundialitos Queso Picante
927,ChocoKick Bites
927,Mundialitos Queso Picante
927,Gol Nachos Supreme
1460,Caramel Goal Popcorn
1460,Mundialitos Queso Picante
1461,Caramel Goal Popcorn
1462,FutbolMix
1463,Hot Stadium Peanuts
1463,Mundialitos Queso Picante
1464,Gol Nachos Supreme
1464,FutbolMix
1464,CrunchMax BBQ
1465,FutbolMix
1465,Mundialitos Queso Picante
1465,Energy Crunch Protein
1466,Gol Nachos Supreme
1466,Caramel Goal Popcorn
1466,Energy Crunch Protein
1467,Energy Crunch Protein
1467,ChocoKick Bites
1468,Mundialitos Queso Picante
1469,Caramel Goal Popcorn
1470,CrunchMax BBQ
1470,Gol Nachos Supreme
1470,Mundialitos Queso Picante
1471,Mundialitos Queso Picante
1471,Fan Chips Jalapeño
1471,FutbolMix
1472,Mundialitos Queso Picante
1472,Caramel Goal Popcorn
1473,Fan Chips Jalapeño
1473,Mundialitos Queso Picante
1474,ChocoKick Bites
1474,Caramel Goal Popcorn
1474,FutbolMix
1475,Fan Chips Jalapeño
1476,Hot Stadium Peanuts
1476,Mundialitos Queso Picante
1477,Mundialitos Queso Picante
1477,Caramel Goal Popcorn
1478,Mundialitos Queso Picante
1478,FutbolMix
1478,ChocoKick Bites
1479,FutbolMix
1480,CrunchMax BBQ
1481,CrunchMax BBQ
1482,Caramel Goal Popcorn
1483,Fan Chips Jalapeño
1483,Mundialitos Queso Picante
1483,ChocoKick Bites
1484,FutbolMix
1484,ChocoKick Bites
1485,Victory Pretzels
1485,Caramel Goal Popcorn
1485,ChocoKick Bites
1486,CrunchMax BBQ
1486,ChocoKick Bites
1487,Victory Pretzels
1488,Victory Pretzels
1488,Hot Stadium Peanuts
1488,Fan Chips Jalapeño
1489,CrunchMax BBQ
1489,ChocoKick Bites
1489,Mundialitos Queso Picante
1490,FutbolMix
1490,Victory Pretzels
1491,CrunchMax BBQ
1491,Caramel Goal Popcorn
1491,Fan Chips Jalapeño
1492,Mundialitos Queso Picante
1492,FutbolMix
1492,Fan Chips Jalapeño
1493,Caramel Goal Popcorn
1494,CrunchMax BBQ
1494,Hot Stadium Peanuts
1494,Caramel Goal Popcorn
1495,Hot Stadium Peanuts
1496,Mundialitos Queso Picante
1497,Caramel Goal Popcorn
1497,ChocoKick Bites
1498,ChocoKick Bites
1499,Mundialitos Queso Picante
1500,Hot Stadium Peanuts
1501,FutbolMix
1502,Caramel Goal Popcorn
1502,Hot Stadium Peanuts
1502,Energy Crunch Protein
1503,Fan Chips Jalapeño
1504,CrunchMax BBQ
1504,Mundialitos Queso Picante
1504,FutbolMix
1505,CrunchMax BBQ
1506,Hot Stadium Peanuts
1506,CrunchMax BBQ
1506,Caramel Goal Popcorn
1507,Mundialitos Queso Picante
1508,FutbolMix
1508,CrunchMax BBQ
1508,Caramel Goal Popcorn
1509,Gol Nachos Supreme
1509,Mundialitos Queso Picante
1510,Mundialitos Queso Picante
1511,Victory Pretzels
1512,Mundialitos Queso Picante
1512,Fan Chips Jalapeño
1513,Gol Nachos Supreme
1514,FutbolMix
1514,Mundialitos Queso Picante
1515,ChocoKick Bites
1516,CrunchMax BBQ
1517,Fan Chips Jalapeño
1518,Victory Pretzels
1518,Hot Stadium Peanuts
1519,Gol Nachos Supreme
1519,Mundialitos Queso Picante
1519,CrunchMax BBQ
1520,Fan Chips Jalapeño
1520,Caramel Goal Popcorn
1521,Mundialitos Queso Picante
1522,Gol Nachos Supreme
1522,Fan Chips Jalapeño
1523,Fan Chips Jalapeño
1523,Energy Crunch Protein
1524,Mundialitos Queso Picante
1524,ChocoKick Bites
1524,Energy Crunch Protein
1525,ChocoKick Bites
1526,Energy Crunch Protein
1526,CrunchMax BBQ
1527,CrunchMax BBQ
1527,Gol Nachos Supreme
1527,FutbolMix
1528,CrunchMax BBQ
1529,Fan Chips Jalapeño
1529,ChocoKick Bites
1529,CrunchMax BBQ
1530,Mundialitos Queso Picante
1530,FutbolMix
1531,Fan Chips Jalapeño
1531,ChocoKick Bites
1531,FutbolMix
1532,Mundialitos Queso Picante
1532,Caramel Goal Popcorn
1532,Hot Stadium Peanuts
1533,Caramel Goal Popcorn
1533,Mundialitos Queso Picante
1533,FutbolMix
1534,Mundialitos Queso Picante
1535,Fan Chips Jalapeño
1535,FutbolMix
1536,Mundialitos Queso Picante
1536,Victory Pretzels
1537,Mundialitos Queso Picante
1537,ChocoKick Bites
1537,Hot Stadium Peanuts
1538,Caramel Goal Popcorn
1538,CrunchMax BBQ
1539,CrunchMax BBQ
1539,Mundialitos Queso Picante
1539,FutbolMix
1540,Victory Pretzels
1540,Fan Chips Jalapeño
1540,Caramel Goal Popcorn
1541,Victory Pretzels
1541,Fan Chips Jalapeño
1542,Caramel Goal Popcorn
1542,Victory Pretzels
1543,FutbolMix
1544,CrunchMax BBQ
1544,Caramel Goal Popcorn
1545,Fan Chips Jalapeño
1545,Hot Stadium Peanuts
1546,Caramel Goal Popcorn
1546,Gol Nachos Supreme
1547,Fan Chips Jalapeño
1547,Mundialitos Queso Picante
1548,CrunchMax BBQ
1549,ChocoKick Bites
1550,Gol Nachos Supreme
1550,Caramel Goal Popcorn
1551,Caramel Goal Popcorn
1551,Gol Nachos Supreme
1552,CrunchMax BBQ
1553,CrunchMax BBQ
1554,ChocoKick Bites
1555,Mundialitos Queso Picante
1556,Hot Stadium Peanuts
1556,Fan Chips Jalapeño
1557,ChocoKick Bites
1557,Gol Nachos Supreme
1558,FutbolMix
1558,Mundialitos Queso Picante
1559,Caramel Goal Popcorn
1559,Fan Chips Jalapeño
1559,Energy Crunch Protein
1560,Mundialitos Queso Picante
1560,Gol Nachos Supreme
1561,ChocoKick Bites
1561,CrunchMax BBQ
1562,ChocoKick Bites
1563,Fan Chips Jalapeño
1564,ChocoKick Bites
1564,FutbolMix
1565,ChocoKick Bites
1565,CrunchMax BBQ
1566,Victory Pretzels
1566,Hot Stadium Peanuts
1566,Gol Nachos Supreme
1567,Fan Chips Jalapeño
1568,ChocoKick Bites
1568,Victory Pretzels
1569,CrunchMax BBQ
1569,Caramel Goal Popcorn
1570,Hot Stadium Peanuts
1571,FutbolMix
1571,CrunchMax BBQ
1571,Gol Nachos Supreme
1572,Gol Nachos Supreme
1572,Hot Stadium Peanuts
1572,Fan Chips Jalapeño
1573,Mundialitos Queso Picante
1573,Victory Pretzels
1574,Mundialitos Queso Picante
1575,CrunchMax BBQ
1576,Mundialitos Queso Picante
1577,Fan Chips Jalapeño
1577,FutbolMix
1578,Gol Nachos Supreme
1579,Hot Stadium Peanuts
1579,Gol Nachos Supreme
1580,Hot Stadium Peanuts
1580,CrunchMax BBQ
1581,Caramel Goal Popcorn
1581,ChocoKick Bites
1582,Mundialitos Queso Picante
1582,Gol Nachos Supreme
1583,Mundialitos Queso Picante
1583,Caramel Goal Popcorn
1584,Gol Nachos Supreme
1584,ChocoKick Bites
1584,Mundialitos Queso Picante
1585,Caramel Goal Popcorn
1586,Victory Pretzels
1587,FutbolMix
1588,Mundialitos Queso Picante
1589,Energy Crunch Protein
1589,CrunchMax BBQ
1590,ChocoKick Bites
1591,Gol Nachos Supreme
1591,CrunchMax BBQ
1592,Fan Chips Jalapeño
1592,Gol Nachos Supreme
1592,CrunchMax BBQ
1593,Victory Pretzels
1593,CrunchMax BBQ
1594,FutbolMix
1594,Gol Nachos Supreme
1595,FutbolMix
1595,ChocoKick Bites
1596,Fan Chips Jalapeño
1597,Gol Nachos Supreme
1597,CrunchMax BBQ
1597,Fan Chips Jalapeño
1598,Mundialitos Queso Picante
1599,ChocoKick Bites
1599,CrunchMax BBQ
1600,FutbolMix
1601,Fan Chips Jalapeño
1601,Hot Stadium Peanuts
1601,Energy Crunch Protein
1602,Mundialitos Queso Picante
1602,CrunchMax BBQ
1603,Caramel Goal Popcorn
1604,CrunchMax BBQ
1604,Gol Nachos Supreme
1605,Mundialitos Queso Picante
1606,Gol Nachos Supreme
1606,Mundialitos Queso Picante
1607,Mundialitos Queso Picante
1607,CrunchMax BBQ
1607,ChocoKick Bites
1608,Mundialitos Queso Picante
1608,Hot Stadium Peanuts
1608,Energy Crunch Protein
1609,CrunchMax BBQ
1610,Gol Nachos Supreme
1610,Caramel Goal Popcorn
1611,Mundialitos Queso Picante
1611,Energy Crunch Protein
1612,Hot Stadium Peanuts
1612,FutbolMix
1613,ChocoKick Bites
1614,CrunchMax BBQ
1615,Hot Stadium Peanuts
1616,Hot Stadium Peanuts
1616,FutbolMix
1616,Victory Pretzels
1617,Caramel Goal Popcorn
1618,Fan Chips Jalapeño
1618,Gol Nachos Supreme
1618,CrunchMax BBQ
1619,Gol Nachos Supreme
1620,Energy Crunch Protein
1621,Gol Nachos Supreme
1621,CrunchMax BBQ
1622,Fan Chips Jalapeño
1622,Mundialitos Queso Picante
1623,Victory Pretzels
1623,FutbolMix
1623,CrunchMax BBQ
1624,Mundialitos Queso Picante
1625,CrunchMax BBQ
1626,Fan Chips Jalapeño
1626,Mundialitos Queso Picante
1626,Caramel Goal Popcorn
1627,Fan Chips Jalapeño
1628,Gol Nachos Supreme
1629,CrunchMax BBQ
1629,Mundialitos Queso Picante
1630,CrunchMax BBQ
1630,Hot Stadium Peanuts
1630,Energy Crunch Protein
1631,FutbolMix
1631,Gol Nachos Supreme
1632,Mundialitos Queso Picante
1632,Caramel Goal Popcorn
1632,FutbolMix
1633,Mundialitos Queso Picante
1633,ChocoKick Bites
1633,Gol Nachos Supreme
1634,Mundialitos Queso Picante
1634,Gol Nachos Supreme
1634,Hot Stadium Peanuts
1635,Gol Nachos Supreme
1635,CrunchMax BBQ
1635,Energy Crunch Protein
1636,CrunchMax BBQ
1637,ChocoKick Bites
1637,Fan Chips Jalapeño
1638,CrunchMax BBQ
1639,Fan Chips Jalapeño
1640,CrunchMax BBQ
1641,Caramel Goal Popcorn
1642,Mundialitos Queso Picante
1643,Caramel Goal Popcorn
1643,Mundialitos Queso Picante
1644,ChocoKick Bites
1645,Caramel Goal Popcorn
1646,FutbolMix
1646,CrunchMax BBQ
1647,ChocoKick Bites
1647,Caramel Goal Popcorn
1648,FutbolMix
1648,Mundialitos Queso Picante
1648,Hot Stadium Peanuts
1649,Caramel Goal Popcorn
1649,ChocoKick Bites
1649,Mundialitos Queso Picante
1650,Victory Pretzels
1650,Gol Nachos Supreme
1651,FutbolMix
1652,Hot Stadium Peanuts
1652,Mundialitos Queso Picante
1652,Fan Chips Jalapeño
1653,CrunchMax BBQ
1653,FutbolMix
1654,CrunchMax BBQ
1654,Caramel Goal Popcorn
1654,Mundialitos Queso Picante
1655,Mundialitos Queso Picante
1655,Victory Pretzels
1655,Caramel Goal Popcorn
1656,Mundialitos Queso Picante
1656,Caramel Goal Popcorn
1656,CrunchMax BBQ
1657,ChocoKick Bites
1658,Hot Stadium Peanuts
1658,ChocoKick Bites
1659,Gol Nachos Supreme
1659,Victory Pretzels
1659,CrunchMax BBQ
1660,Caramel Goal Popcorn
1660,FutbolMix
1661,Caramel Goal Popcorn
1661,Energy Crunch Protein
1662,Victory Pretzels
1662,Gol Nachos Supreme
1662,Fan Chips Jalapeño
1663,CrunchMax BBQ
1664,CrunchMax BBQ
1664,Gol Nachos Supreme
1664,Mundialitos Queso Picante
1665,Mundialitos Queso Picante
1665,FutbolMix
1666,Caramel Goal Popcorn
1667,FutbolMix
1667,Caramel Goal Popcorn
1667,Gol Nachos Supreme
1668,FutbolMix
1668,Gol Nachos Supreme
1669,Fan Chips Jalapeño
1669,Gol Nachos Supreme
1669,ChocoKick Bites
1670,Victory Pretzels
1671,Mundialitos Queso Picante
1671,ChocoKick Bites
1671,FutbolMix
1672,FutbolMix
1672,Hot Stadium Peanuts
1673,Energy Crunch Protein
1674,FutbolMix
1674,CrunchMax BBQ
1675,Caramel Goal Popcorn
1676,FutbolMix
1676,Hot Stadium Peanuts
1677,Victory Pretzels
1677,Mundialitos Queso Picante
1678,Mundialitos Queso Picante
1679,Gol Nachos Supreme
1679,FutbolMix
1679,Energy Crunch Protein
1680,CrunchMax BBQ
1680,Victory Pretzels
1680,ChocoKick Bites
1681,CrunchMax BBQ
1681,Victory Pretzels
1682,Fan Chips Jalapeño
1683,Fan Chips Jalapeño
1683,Victory Pretzels
1683,Mundialitos Queso Picante
1684,Gol Nachos Supreme
1685,ChocoKick Bites
1686,ChocoKick Bites
1686,Energy Crunch Protein
1687,FutbolMix
1687,Energy Crunch Protein
1688,CrunchMax BBQ
1688,FutbolMix
1688,Caramel Goal Popcorn
1689,Caramel Goal Popcorn
1690,Hot Stadium Peanuts
1690,Gol Nachos Supreme
1690,Mundialitos Queso Picante
1691,FutbolMix
1691,ChocoKick Bites
1692,Gol Nachos Supreme
1693,Hot Stadium Peanuts
1694,Gol Nachos Supreme
1695,CrunchMax BBQ
1695,Gol Nachos Supreme
1695,ChocoKick Bites
1696,Mundialitos Queso Picante
1696,Energy Crunch Protein
1696,Gol Nachos Supreme
1697,Victory Pretzels
1697,CrunchMax BBQ
1697,Caramel Goal Popcorn
1698,CrunchMax BBQ
1698,Caramel Goal Popcorn
1699,Hot Stadium Peanuts
1700,ChocoKick Bites
1701,Gol Nachos Supreme
1701,FutbolMix
1701,CrunchMax BBQ
1702,FutbolMix
1702,CrunchMax BBQ
1703,CrunchMax BBQ
1703,Gol Nachos Supreme
1703,ChocoKick Bites
1704,CrunchMax BBQ
1705,Gol Nachos Supreme
1706,FutbolMix
1706,Caramel Goal Popcorn
1707,FutbolMix
1708,Caramel Goal Popcorn
1709,Gol Nachos Supreme
1709,CrunchMax BBQ
1710,Fan Chips Jalapeño
1710,CrunchMax BBQ
1711,FutbolMix
1711,Caramel Goal Popcorn
1711,Energy Crunch Protein
1712,ChocoKick Bites
1712,Hot Stadium Peanuts
1713,Hot Stadium Peanuts
1713,Mundialitos Queso Picante
1714,Mundialitos Queso Picante
1715,Mundialitos Queso Picante
1715,Fan Chips Jalapeño
1716,Caramel Goal Popcorn
1716,Victory Pretzels
1716,Hot Stadium Peanuts
1717,Gol Nachos Supreme
1718,Fan Chips Jalapeño
1718,CrunchMax BBQ
1718,Gol Nachos Supreme
1719,Mundialitos Queso Picante
1719,Fan Chips Jalapeño
1720,Victory Pretzels
1720,Hot Stadium Peanuts
1721,Gol Nachos Supreme
1721,Hot Stadium Peanuts
1722,Mundialitos Queso Picante
1722,Gol Nachos Supreme
1723,FutbolMix
1723,Gol Nachos Supreme
1723,Mundialitos Queso Picante
1724,FutbolMix
1725,Mundialitos Queso Picante
1725,Fan Chips Jalapeño
1725,FutbolMix
1726,Victory Pretzels
1726,Gol Nachos Supreme
1726,FutbolMix
1727,Hot Stadium Peanuts
1728,Gol Nachos Supreme
1728,Fan Chips Jalapeño
1729,FutbolMix
1730,Caramel Goal Popcorn
1731,Gol Nachos Supreme
1732,FutbolMix
1733,Caramel Goal Popcorn
1733,Fan Chips Jalapeño
1733,CrunchMax BBQ
1734,Hot Stadium Peanuts
1734,Caramel Goal Popcorn
1734,CrunchMax BBQ
1735,ChocoKick Bites
1736,FutbolMix
1737,ChocoKick Bites
1737,CrunchMax BBQ
1737,Victory Pretzels
1738,Gol Nachos Supreme
1739,Caramel Goal Popcorn
1740,Victory Pretzels
1740,FutbolMix
1741,CrunchMax BBQ
1741,FutbolMix
1741,Gol Nachos Supreme
1742,CrunchMax BBQ
1743,Mundialitos Queso Picante
1744,Energy Crunch Protein
1745,Energy Crunch Protein
1745,Victory Pretzels
1746,ChocoKick Bites
1746,FutbolMix
1747,FutbolMix
1747,Mundialitos Queso Picante
1748,FutbolMix
1749,Gol Nachos Supreme
1750,CrunchMax BBQ
1751,Gol Nachos Supreme
1752,Gol Nachos Supreme
1752,CrunchMax BBQ
1752,Fan Chips Jalapeño
1753,Energy Crunch Protein
1753,CrunchMax BBQ
1754,Energy Crunch Protein
1754,Mundialitos Queso Picante
1754,Caramel Goal Popcorn
1755,Energy Crunch Protein
1755,CrunchMax BBQ
1755,Fan Chips Jalapeño
1756,Gol Nachos Supreme
1757,Mundialitos Queso Picante
1758,Hot Stadium Peanuts
1758,Gol Nachos Supreme
1758,FutbolMix
1759,Victory Pretzels
1759,ChocoKick Bites
1759,Caramel Goal Popcorn
1760,Hot Stadium Peanuts
1761,CrunchMax BBQ
1761,ChocoKick Bites
1761,Gol Nachos Supreme
1762,Caramel Goal Popcorn
1763,Caramel Goal Popcorn
1763,Gol Nachos Supreme
1764,Fan Chips Jalapeño
1765,Hot Stadium Peanuts
1766,Caramel Goal Popcorn
1767,ChocoKick Bites
1767,Fan Chips Jalapeño
1768,Mundialitos Queso Picante
1768,Gol Nachos Supreme
1768,Fan Chips Jalapeño
1769,CrunchMax BBQ
1770,CrunchMax BBQ
1770,Mundialitos Queso Picante
1771,CrunchMax BBQ
1771,Hot Stadium Peanuts
1771,ChocoKick Bites
1772,CrunchMax BBQ
1772,Fan Chips Jalapeño
1772,Victory Pretzels
559,ChocoKick Bites
1774,Energy Crunch Protein
1775,Mundialitos Queso Picante
1775,CrunchMax BBQ
1776,Energy Crunch Protein
1776,Mundialitos Queso Picante
1777,Gol Nachos Supreme
1778,Hot Stadium Peanuts
1778,Victory Pretzels
1778,FutbolMix
1779,CrunchMax BBQ
1780,CrunchMax BBQ
1780,Fan Chips Jalapeño
1780,Gol Nachos Supreme
1781,CrunchMax BBQ
1781,Caramel Goal Popcorn
1781,FutbolMix
1782,Mundialitos Queso Picante
1782,Victory Pretzels
1782,Fan Chips Jalapeño
1783,Mundialitos Queso Picante
1783,FutbolMix
1784,CrunchMax BBQ
1785,Mundialitos Queso Picante
1785,Fan Chips Jalapeño
1786,ChocoKick Bites
1786,FutbolMix
1786,CrunchMax BBQ
1787,Gol Nachos Supreme
1787,Energy Crunch Protein
1787,Victory Pretzels
1788,CrunchMax BBQ
1789,Hot Stadium Peanuts
1789,Caramel Goal Popcorn
1790,Mundialitos Queso Picante
1790,CrunchMax BBQ
1791,Gol Nachos Supreme
1791,Fan Chips Jalapeño
1792,Caramel Goal Popcorn
1792,Fan Chips Jalapeño
1793,Fan Chips Jalapeño
1793,FutbolMix
1793,Caramel Goal Popcorn
1794,Mundialitos Queso Picante
1795,ChocoKick Bites
1796,Mundialitos Queso Picante
1796,Energy Crunch Protein
1797,Fan Chips Jalapeño
1797,Gol Nachos Supreme
1798,Energy Crunch Protein
1798,Victory Pretzels
1799,Caramel Goal Popcorn
1799,CrunchMax BBQ
1799,ChocoKick Bites
1800,CrunchMax BBQ
1801,Gol Nachos Supreme
1801,Energy Crunch Protein
1802,Mundialitos Queso Picante
1802,Caramel Goal Popcorn
1803,Fan Chips Jalapeño
1803,Hot Stadium Peanuts
1803,FutbolMix
1804,Fan Chips Jalapeño
1804,Caramel Goal Popcorn
1804,Hot Stadium Peanuts
1805,Mundialitos Queso Picante
1805,Energy Crunch Protein
1805,ChocoKick Bites
1806,ChocoKick Bites
1807,Gol Nachos Supreme
1807,Mundialitos Queso Picante
1807,FutbolMix
1808,FutbolMix
1808,Fan Chips Jalapeño
1808,Gol Nachos Supreme
1809,Fan Chips Jalapeño
1809,CrunchMax BBQ
1810,Hot Stadium Peanuts
1810,FutbolMix
1811,Fan Chips Jalapeño
1811,Gol Nachos Supreme
1811,ChocoKick Bites
1812,Energy Crunch Protein
1813,Gol Nachos Supreme
1813,Mundialitos Queso Picante
1813,ChocoKick Bites
1814,Victory Pretzels
1814,ChocoKick Bites
1815,Fan Chips Jalapeño
1816,Mundialitos Queso Picante
1816,CrunchMax BBQ
1817,Mundialitos Queso Picante
1817,Hot Stadium Peanuts
1817,Victory Pretzels
1818,Caramel Goal Popcorn
1818,Mundialitos Queso Picante
1818,FutbolMix
1819,FutbolMix
1819,Gol Nachos Supreme
1819,ChocoKick Bites
1820,Fan Chips Jalapeño
1821,Energy Crunch Protein
1821,CrunchMax BBQ
1821,ChocoKick Bites
1822,Hot Stadium Peanuts
1823,Fan Chips Jalapeño
1823,CrunchMax BBQ
1824,Fan Chips Jalapeño
1824,Gol Nachos Supreme
1825,Mundialitos Queso Picante
1825,Fan Chips Jalapeño
1826,ChocoKick Bites
1827,Gol Nachos Supreme
1828,CrunchMax BBQ
1828,Victory Pretzels
1828,Hot Stadium Peanuts
1829,CrunchMax BBQ
1829,Mundialitos Queso Picante
1830,CrunchMax BBQ
1830,Fan Chips Jalapeño
1830,Mundialitos Queso Picante
1831,Fan Chips Jalapeño
1832,Caramel Goal Popcorn
1833,Hot Stadium Peanuts
1833,Caramel Goal Popcorn
1833,CrunchMax BBQ
1834,CrunchMax BBQ
1835,Fan Chips Jalapeño
1836,Hot Stadium Peanuts
1836,Caramel Goal Popcorn
1837,Gol Nachos Supreme
1837,Caramel Goal Popcorn
1838,Hot Stadium Peanuts
1838,Energy Crunch Protein
1838,Caramel Goal Popcorn
1839,Fan Chips Jalapeño
1840,Victory Pretzels
1840,Fan Chips Jalapeño
1841,Mundialitos Queso Picante
1842,Fan Chips Jalapeño
1843,Victory Pretzels
1843,CrunchMax BBQ
1844,CrunchMax BBQ
1844,Mundialitos Queso Picante
1844,Fan Chips Jalapeño
1845,Caramel Goal Popcorn
1845,Energy Crunch Protein
1846,FutbolMix
1846,ChocoKick Bites
1846,Fan Chips Jalapeño
1847,CrunchMax BBQ
1847,Mundialitos Queso Picante
1848,Gol Nachos Supreme
1848,CrunchMax BBQ
1848,Hot Stadium Peanuts
1849,Victory Pretzels
1849,Fan Chips Jalapeño
1850,Fan Chips Jalapeño
1851,Gol Nachos Supreme
1852,Gol Nachos Supreme
1852,Energy Crunch Protein
1853,Mundialitos Queso Picante
1854,CrunchMax BBQ
1854,Caramel Goal Popcorn
1855,Fan Chips Jalapeño
1855,CrunchMax BBQ
1856,Energy Crunch Protein
1857,Hot Stadium Peanuts
1858,FutbolMix
1858,Caramel Goal Popcorn
1859,FutbolMix
1859,Hot Stadium Peanuts
1859,Fan Chips Jalapeño
1860,Fan Chips Jalapeño
1860,CrunchMax BBQ
1861,Fan Chips Jalapeño
1861,Victory Pretzels
1861,Hot Stadium Peanuts
1862,Gol Nachos Supreme
1862,CrunchMax BBQ
1862,ChocoKick Bites
1863,Energy Crunch Protein
1863,Gol Nachos Supreme
1863,Caramel Goal Popcorn
1864,Victory Pretzels
1865,Mundialitos Queso Picante
1865,CrunchMax BBQ
1866,Mundialitos Queso Picante
1866,Fan Chips Jalapeño
1867,Mundialitos Queso Picante
1867,ChocoKick Bites
1867,CrunchMax BBQ
1868,ChocoKick Bites
1868,CrunchMax BBQ
1869,Energy Crunch Protein
1869,FutbolMix
1870,Fan Chips Jalapeño
1870,Mundialitos Queso Picante
1871,Hot Stadium Peanuts
1871,CrunchMax BBQ
1872,Fan Chips Jalapeño
1872,Victory Pretzels
1873,FutbolMix
1874,Mundialitos Queso Picante
1874,CrunchMax BBQ
1874,Fan Chips Jalapeño
1875,Fan Chips Jalapeño
1875,FutbolMix
1876,Fan Chips Jalapeño
1877,Mundialitos Queso Picante
1877,Caramel Goal Popcorn
1878,Hot Stadium Peanuts
1878,ChocoKick Bites
1879,Mundialitos Queso Picante
1879,FutbolMix
1879,Caramel Goal Popcorn
1880,Hot Stadium Peanuts
1880,Mundialitos Queso Picante
1881,CrunchMax BBQ
1882,ChocoKick Bites
1882,CrunchMax BBQ
1883,Hot Stadium Peanuts
1883,Energy Crunch Protein
1884,Fan Chips Jalapeño
1884,Mundialitos Queso Picante
1885,Gol Nachos Supreme
1885,Caramel Goal Popcorn
1886,Gol Nachos Supreme
1886,Fan Chips Jalapeño
1886,Hot Stadium Peanuts
1887,Fan Chips Jalapeño
1888,Fan Chips Jalapeño
1888,Gol Nachos Supreme
1888,Mundialitos Queso Picante
1889,FutbolMix
1889,Mundialitos Queso Picante
1890,ChocoKick Bites
1890,CrunchMax BBQ
1890,Caramel Goal Popcorn
1891,ChocoKick Bites
1891,Caramel Goal Popcorn
1891,CrunchMax BBQ
1892,FutbolMix
1893,Fan Chips Jalapeño
1894,Hot Stadium Peanuts
1894,Caramel Goal Popcorn
1894,Victory Pretzels
1895,Gol Nachos Supreme
1895,Caramel Goal Popcorn
1895,Hot Stadium Peanuts
1896,Fan Chips Jalapeño
1896,Hot Stadium Peanuts
1896,Gol Nachos Supreme
1897,Energy Crunch Protein
1897,Mundialitos Queso Picante
1898,CrunchMax BBQ
1898,Mundialitos Queso Picante
1899,CrunchMax BBQ
1899,Mundialitos Queso Picante
1900,CrunchMax BBQ
1900,Gol Nachos Supreme
1901,FutbolMix
1901,Hot Stadium Peanuts
1901,Caramel Goal Popcorn
1902,CrunchMax BBQ
1902,Gol Nachos Supreme
1903,CrunchMax BBQ
1904,Gol Nachos Supreme
1904,Mundialitos Queso Picante
1905,CrunchMax BBQ
1905,Gol Nachos Supreme
1906,CrunchMax BBQ
1906,Gol Nachos Supreme
1906,Fan Chips Jalapeño
1907,Gol Nachos Supreme
1907,CrunchMax BBQ
1908,Energy Crunch Protein
1908,Gol Nachos Supreme
1908,FutbolMix
1909,CrunchMax BBQ
1910,CrunchMax BBQ
1911,Gol Nachos Supreme
1911,Mundialitos Queso Picante
1911,Fan Chips Jalapeño
1912,Mundialitos Queso Picante
1913,Energy Crunch Protein
1913,CrunchMax BBQ
1913,ChocoKick Bites
1914,Mundialitos Queso Picante
1914,Gol Nachos Supreme
1914,ChocoKick Bites
1915,Mundialitos Queso Picante
1916,FutbolMix
1916,CrunchMax BBQ
1917,Hot Stadium Peanuts
1917,Fan Chips Jalapeño
1917,Caramel Goal Popcorn
1918,FutbolMix
1918,Energy Crunch Protein
1918,Mundialitos Queso Picante
1919,Caramel Goal Popcorn
1920,Victory Pretzels
1920,Caramel Goal Popcorn
1921,CrunchMax BBQ
1921,Gol Nachos Supreme
1921,Fan Chips Jalapeño
1922,Mundialitos Queso Picante
1922,Fan Chips Jalapeño
1923,Fan Chips Jalapeño
1923,FutbolMix
1924,Gol Nachos Supreme
1924,Mundialitos Queso Picante
1925,ChocoKick Bites
1926,CrunchMax BBQ
1926,Caramel Goal Popcorn
1926,Hot Stadium Peanuts
1927,Caramel Goal Popcorn
1927,CrunchMax BBQ
1928,Victory Pretzels
1929,FutbolMix
1929,Gol Nachos Supreme
1929,Fan Chips Jalapeño
1930,Mundialitos Queso Picante
1930,CrunchMax BBQ
1127,Caramel Goal Popcorn
1932,Gol Nachos Supreme
1932,CrunchMax BBQ
1932,Hot Stadium Peanuts
1933,Gol Nachos Supreme
1934,Caramel Goal Popcorn
1935,Fan Chips Jalapeño
1935,CrunchMax BBQ
1935,Caramel Goal Popcorn
1936,CrunchMax BBQ
1936,Mundialitos Queso Picante
1936,Fan Chips Jalapeño
1937,CrunchMax BBQ
1938,Gol Nachos Supreme
1938,FutbolMix
1939,Fan Chips Jalapeño
1939,Gol Nachos Supreme
1939,Energy Crunch Protein
1940,Hot Stadium Peanuts
1940,Fan Chips Jalapeño
1941,CrunchMax BBQ
1941,Gol Nachos Supreme
1941,Hot Stadium Peanuts
1942,Caramel Goal Popcorn
1942,Mundialitos Queso Picante
1942,Gol Nachos Supreme
1943,FutbolMix
1944,Mundialitos Queso Picante
1944,Gol Nachos Supreme
1944,ChocoKick Bites
1945,Hot Stadium Peanuts
1946,ChocoKick Bites
1946,FutbolMix
1946,Mundialitos Queso Picante
1947,Caramel Goal Popcorn
1947,Fan Chips Jalapeño
1947,FutbolMix
1948,Gol Nachos Supreme
1948,FutbolMix
1948,Caramel Goal Popcorn
1949,ChocoKick Bites
1950,Mundialitos Queso Picante
1950,Fan Chips Jalapeño
1951,Victory Pretzels
1952,Mundialitos Queso Picante
1953,FutbolMix
1953,Hot Stadium Peanuts
1953,Caramel Goal Popcorn
1954,Victory Pretzels
1954,Gol Nachos Supreme
1955,ChocoKick Bites
1955,Gol Nachos Supreme
1955,FutbolMix
1956,Hot Stadium Peanuts
1956,Mundialitos Queso Picante
1956,ChocoKick Bites
1957,FutbolMix
1957,Gol Nachos Supreme
1957,Hot Stadium Peanuts
1958,CrunchMax BBQ
1958,Fan Chips Jalapeño
1958,Victory Pretzels
1959,CrunchMax BBQ
1959,ChocoKick Bites
1959,Hot Stadium Peanuts
1960,FutbolMix
1960,Gol Nachos Supreme
1960,Energy Crunch Protein
1961,Caramel Goal Popcorn
1961,Fan Chips Jalapeño
1962,ChocoKick Bites
1962,Fan Chips Jalapeño
1963,Victory Pretzels
1963,CrunchMax BBQ
1964,Fan Chips Jalapeño
1964,CrunchMax BBQ
1965,Mundialitos Queso Picante
1965,CrunchMax BBQ
1966,Mundialitos Queso Picante
1966,Caramel Goal Popcorn
1967,Gol Nachos Supreme
1967,FutbolMix
1967,Mundialitos Queso Picante
1968,Gol Nachos Supreme
1968,Mundialitos Queso Picante
1968,Energy Crunch Protein
1969,FutbolMix
1969,CrunchMax BBQ
1970,Fan Chips Jalapeño
1970,FutbolMix
1971,Energy Crunch Protein
1972,FutbolMix
1972,Fan Chips Jalapeño
1973,Fan Chips Jalapeño
1973,CrunchMax BBQ
1973,FutbolMix
1974,CrunchMax BBQ
1975,ChocoKick Bites
1975,FutbolMix
1975,Mundialitos Queso Picante
1976,Gol Nachos Supreme
1976,CrunchMax BBQ
1976,Mundialitos Queso Picante
1977,Fan Chips Jalapeño
1977,Gol Nachos Supreme
1978,FutbolMix
1979,CrunchMax BBQ
1980,Gol Nachos Supreme
1981,CrunchMax BBQ
1982,ChocoKick Bites
1983,FutbolMix
1983,CrunchMax BBQ
1984,Hot Stadium Peanuts
1984,FutbolMix
1984,ChocoKick Bites
1985,Caramel Goal Popcorn
1986,Fan Chips Jalapeño
1986,Caramel Goal Popcorn
1987,CrunchMax BBQ
1987,ChocoKick Bites
1988,Fan Chips Jalapeño
1989,Caramel Goal Popcorn
1990,Energy Crunch Protein
1991,ChocoKick Bites
1991,Victory Pretzels
1992,Gol Nachos Supreme
1992,CrunchMax BBQ
1993,Hot Stadium Peanuts
1993,Energy Crunch Protein
1993,ChocoKick Bites
1994,Gol Nachos Supreme
1994,Mundialitos Queso Picante
1994,CrunchMax BBQ
1995,Gol Nachos Supreme
1995,Caramel Goal Popcorn
1995,Hot Stadium Peanuts
1996,Fan Chips Jalapeño
1997,CrunchMax BBQ
1997,FutbolMix
1998,Fan Chips Jalapeño
1999,ChocoKick Bites
1999,CrunchMax BBQ
2000,Victory Pretzels
2001,Fan Chips Jalapeño
2002,Hot Stadium Peanuts
2002,ChocoKick Bites
2002,Caramel Goal Popcorn
2003,Victory Pretzels
2003,Fan Chips Jalapeño
2003,Mundialitos Queso Picante
2004,FutbolMix
2004,Fan Chips Jalapeño
2005,CrunchMax BBQ
2005,Hot Stadium Peanuts
2006,CrunchMax BBQ
2006,ChocoKick Bites
2006,Mundialitos Queso Picante
2007,Fan Chips Jalapeño
2007,CrunchMax BBQ
2007,ChocoKick Bites
2008,ChocoKick Bites
2008,Hot Stadium Peanuts
2009,CrunchMax BBQ
2010,CrunchMax BBQ
2011,Gol Nachos Supreme
2011,Hot Stadium Peanuts
2011,FutbolMix
2012,ChocoKick Bites
2013,ChocoKick Bites
2014,Fan Chips Jalapeño
2015,FutbolMix
2016,Hot Stadium Peanuts
2016,Fan Chips Jalapeño
2017,Fan Chips Jalapeño
2017,Mundialitos Queso Picante
2018,Mundialitos Queso Picante
2019,Hot Stadium Peanuts
2019,Caramel Goal Popcorn
2019,Energy Crunch Protein
2020,Gol Nachos Supreme
2020,Hot Stadium Peanuts
2021,Caramel Goal Popcorn
2021,Gol Nachos Supreme
2022,Victory Pretzels
2023,Gol Nachos Supreme
2024,CrunchMax BBQ
2025,Mundialitos Queso Picante
2026,Caramel Goal Popcorn
2027,Gol Nachos Supreme
2027,Caramel Goal Popcorn
2028,Energy Crunch Protein
2028,Fan Chips Jalapeño
2028,Gol Nachos Supreme
2029,ChocoKick Bites
2030,Gol Nachos Supreme
2031,Fan Chips Jalapeño
2032,FutbolMix
2032,Mundialitos Queso Picante
2033,ChocoKick Bites
2033,Hot Stadium Peanuts
2034,CrunchMax BBQ
2034,Caramel Goal Popcorn
2034,Mundialitos Queso Picante
2035,Mundialitos Queso Picante
2035,Gol Nachos Supreme
2036,Mundialitos Queso Picante
2036,Hot Stadium Peanuts
2036,Fan Chips Jalapeño
2037,Caramel Goal Popcorn
2037,Gol Nachos Supreme
2038,Gol Nachos Supreme
2038,CrunchMax BBQ
2039,CrunchMax BBQ
2039,Caramel Goal Popcorn
2040,FutbolMix
2040,Gol Nachos Supreme
2040,CrunchMax BBQ
2041,ChocoKick Bites
2041,FutbolMix
2042,Caramel Goal Popcorn
2042,CrunchMax BBQ
2042,FutbolMix
2043,Victory Pretzels
2043,ChocoKick Bites
2044,Hot Stadium Peanuts
2044,Energy Crunch Protein
2044,Caramel Goal Popcorn
2045,FutbolMix
2045,Mundialitos Queso Picante
2045,Caramel Goal Popcorn
2046,Mundialitos Queso Picante
2046,FutbolMix
2046,Gol Nachos Supreme
2047,Caramel Goal Popcorn
2047,FutbolMix
2048,CrunchMax BBQ
2048,Fan Chips Jalapeño
2049,Energy Crunch Protein
2049,Mundialitos Queso Picante
2050,Energy Crunch Protein
2050,Fan Chips Jalapeño
2050,FutbolMix
2051,Fan Chips Jalapeño
2051,Hot Stadium Peanuts
2051,Energy Crunch Protein
2052,Gol Nachos Supreme
2052,ChocoKick Bites
2052,CrunchMax BBQ
2053,Mundialitos Queso Picante
2054,FutbolMix
2054,Hot Stadium Peanuts
2055,CrunchMax BBQ
2055,FutbolMix
2055,Caramel Goal Popcorn
2056,ChocoKick Bites
2056,CrunchMax BBQ
2057,Hot Stadium Peanuts
2058,Caramel Goal Popcorn
2058,FutbolMix
2058,Victory Pretzels
2059,FutbolMix
2059,ChocoKick Bites
2060,Mundialitos Queso Picante
2060,ChocoKick Bites
2061,Mundialitos Queso Picante
2061,CrunchMax BBQ
2061,FutbolMix
2062,FutbolMix
2063,FutbolMix
2063,CrunchMax BBQ
2064,CrunchMax BBQ
2064,Gol Nachos Supreme
2065,Victory Pretzels
2065,Gol Nachos Supreme
2066,Fan Chips Jalapeño
2066,ChocoKick Bites
2067,Gol Nachos Supreme
2067,FutbolMix
2067,Fan Chips Jalapeño
2068,FutbolMix
2068,Mundialitos Queso Picante
2069,Mundialitos Queso Picante
2070,CrunchMax BBQ
2070,Victory Pretzels
2071,Gol Nachos Supreme
2072,Fan Chips Jalapeño
2072,Hot Stadium Peanuts
2073,Mundialitos Queso Picante
2073,Hot Stadium Peanuts
2074,Hot Stadium Peanuts
2074,Energy Crunch Protein
2075,Fan Chips Jalapeño
2075,Gol Nachos Supreme
2075,Mundialitos Queso Picante
2076,Victory Pretzels
2076,CrunchMax BBQ
2076,ChocoKick Bites
2077,FutbolMix
2078,ChocoKick Bites
2078,Mundialitos Queso Picante
2079,ChocoKick Bites
2079,Gol Nachos Supreme
2079,Fan Chips Jalapeño
2080,Mundialitos Queso Picante
2080,Gol Nachos Supreme
2080,FutbolMix
2081,Gol Nachos Supreme
2081,Energy Crunch Protein
2082,Energy Crunch Protein
2082,CrunchMax BBQ
2082,Mundialitos Queso Picante
2083,ChocoKick Bites
2083,CrunchMax BBQ
2083,FutbolMix
2084,Mundialitos Queso Picante
2085,Energy Crunch Protein
2085,Hot Stadium Peanuts
2086,Mundialitos Queso Picante
2087,FutbolMix
2087,Fan Chips Jalapeño
2087,Mundialitos Queso Picante
2088,Fan Chips Jalapeño
638,CrunchMax BBQ
638,Gol Nachos Supreme
2090,Mundialitos Queso Picante
2090,Fan Chips Jalapeño
2091,Gol Nachos Supreme
2091,FutbolMix
2091,Hot Stadium Peanuts
2092,Hot Stadium Peanuts
2092,Mundialitos Queso Picante
2092,Energy Crunch Protein
2093,Gol Nachos Supreme
2093,ChocoKick Bites
2094,Mundialitos Queso Picante
2094,Caramel Goal Popcorn
2095,Gol Nachos Supreme
2096,Gol Nachos Supreme
2096,ChocoKick Bites
2096,Hot Stadium Peanuts
2097,FutbolMix
2097,Fan Chips Jalapeño
2098,ChocoKick Bites
2099,FutbolMix
2099,Victory Pretzels
2100,Hot Stadium Peanuts
2100,Energy Crunch Protein
2101,Fan Chips Jalapeño
2101,FutbolMix
2101,Gol Nachos Supreme
2102,CrunchMax BBQ
2102,Hot Stadium Peanuts
2102,FutbolMix
2103,CrunchMax BBQ
2103,Caramel Goal Popcorn
2103,Gol Nachos Supreme
2104,Mundialitos Queso Picante
2104,CrunchMax BBQ
2104,Fan Chips Jalapeño
2105,Energy Crunch Protein
2106,Mundialitos Queso Picante
2106,ChocoKick Bites
2107,Mundialitos Queso Picante
2107,FutbolMix
2107,ChocoKick Bites
2108,Victory Pretzels
2108,ChocoKick Bites
2109,Energy Crunch Protein
2109,Mundialitos Queso Picante
2109,ChocoKick Bites
2110,Caramel Goal Popcorn
2110,Gol Nachos Supreme
2111,ChocoKick Bites
2111,Mundialitos Queso Picante
2111,Caramel Goal Popcorn
2112,Hot Stadium Peanuts
2112,Fan Chips Jalapeño
2112,Energy Crunch Protein
2113,Gol Nachos Supreme
2113,Energy Crunch Protein
2114,FutbolMix
2114,Fan Chips Jalapeño
2115,Mundialitos Queso Picante
2115,FutbolMix
2116,Mundialitos Queso Picante
2116,Gol Nachos Supreme
2117,CrunchMax BBQ
2118,Mundialitos Queso Picante
2118,Hot Stadium Peanuts
2118,Gol Nachos Supreme
2119,Fan Chips Jalapeño
2119,ChocoKick Bites
2120,Mundialitos Queso Picante
2121,Gol Nachos Supreme
2121,CrunchMax BBQ
2122,Mundialitos Queso Picante
2122,FutbolMix
2122,Victory Pretzels
2123,FutbolMix
2124,Gol Nachos Supreme
2124,Caramel Goal Popcorn
2124,Fan Chips Jalapeño
2125,CrunchMax BBQ
2126,Caramel Goal Popcorn
2127,Mundialitos Queso Picante
2128,Hot Stadium Peanuts
2129,Gol Nachos Supreme
2129,Fan Chips Jalapeño
2129,Hot Stadium Peanuts
2130,Gol Nachos Supreme
2130,Energy Crunch Protein
2131,Mundialitos Queso Picante
2132,Mundialitos Queso Picante
2132,FutbolMix
2132,Gol Nachos Supreme
2133,Gol Nachos Supreme
2133,ChocoKick Bites
2133,Hot Stadium Peanuts
2134,Victory Pretzels
2134,ChocoKick Bites
2135,Caramel Goal Popcorn
2135,FutbolMix
2136,Gol Nachos Supreme
2136,Mundialitos Queso Picante
2137,Mundialitos Queso Picante
2137,Caramel Goal Popcorn
2137,CrunchMax BBQ
2138,Victory Pretzels
2138,FutbolMix
2138,Mundialitos Queso Picante
2139,ChocoKick Bites
2139,Hot Stadium Peanuts
2140,CrunchMax BBQ
2141,Gol Nachos Supreme
2141,FutbolMix
2141,Fan Chips Jalapeño
2142,FutbolMix
2142,ChocoKick Bites
2142,Hot Stadium Peanuts
2143,FutbolMix
2143,Mundialitos Queso Picante
2144,Mundialitos Queso Picante
2144,Victory Pretzels
2145,CrunchMax BBQ
2146,FutbolMix
2147,Hot Stadium Peanuts
2147,CrunchMax BBQ
2148,Energy Crunch Protein
2148,ChocoKick Bites
2148,Caramel Goal Popcorn
2149,Hot Stadium Peanuts
2149,FutbolMix
2149,Mundialitos Queso Picante
2150,Victory Pretzels
2150,CrunchMax BBQ
2151,CrunchMax BBQ
2152,ChocoKick Bites
2152,CrunchMax BBQ
2152,FutbolMix
2153,Hot Stadium Peanuts
2153,Fan Chips Jalapeño
2154,CrunchMax BBQ
2155,CrunchMax BBQ
2155,FutbolMix
2156,Hot Stadium Peanuts
2156,Fan Chips Jalapeño
2157,Victory Pretzels
2158,CrunchMax BBQ
2158,Fan Chips Jalapeño
2158,Mundialitos Queso Picante
2159,Mundialitos Queso Picante
2159,FutbolMix
2160,Hot Stadium Peanuts
2160,Gol Nachos Supreme
2161,ChocoKick Bites
2161,Energy Crunch Protein
2162,Gol Nachos Supreme
2162,Mundialitos Queso Picante
2162,Victory Pretzels
2163,Caramel Goal Popcorn
2163,CrunchMax BBQ
2163,FutbolMix
2164,Victory Pretzels
2164,Hot Stadium Peanuts
2164,Caramel Goal Popcorn
2165,ChocoKick Bites
2166,ChocoKick Bites
2166,FutbolMix
2167,Victory Pretzels
2167,ChocoKick Bites
2168,Energy Crunch Protein
2169,Hot Stadium Peanuts
2170,ChocoKick Bites
2170,Gol Nachos Supreme
2170,Caramel Goal Popcorn
2171,Hot Stadium Peanuts
2171,Victory Pretzels
2171,Caramel Goal Popcorn
2172,FutbolMix
2172,Gol Nachos Supreme
2173,Fan Chips Jalapeño
2173,Mundialitos Queso Picante
2174,Energy Crunch Protein
2174,ChocoKick Bites
2175,FutbolMix
2176,Mundialitos Queso Picante
2176,CrunchMax BBQ
2177,CrunchMax BBQ
2178,Fan Chips Jalapeño
2179,Fan Chips Jalapeño
2179,Caramel Goal Popcorn
2179,Gol Nachos Supreme
2180,Gol Nachos Supreme
2180,Caramel Goal Popcorn
2180,Mundialitos Queso Picante
2181,FutbolMix
2181,ChocoKick Bites
2182,Fan Chips Jalapeño
2182,Caramel Goal Popcorn
2182,Hot Stadium Peanuts
2183,ChocoKick Bites
2183,Victory Pretzels
2183,Fan Chips Jalapeño
2184,FutbolMix
2184,CrunchMax BBQ
2185,ChocoKick Bites
2186,Caramel Goal Popcorn
2187,Fan Chips Jalapeño
2187,FutbolMix
2187,Hot Stadium Peanuts
2188,Fan Chips Jalapeño
2188,ChocoKick Bites
2189,FutbolMix
2190,Gol Nachos Supreme
2190,FutbolMix
2191,Fan Chips Jalapeño
2192,FutbolMix
2193,Hot Stadium Peanuts
2194,ChocoKick Bites
2194,Gol Nachos Supreme
2194,CrunchMax BBQ
2195,Caramel Goal Popcorn
2195,Fan Chips Jalapeño
2196,Gol Nachos Supreme
2197,Mundialitos Queso Picante
2198,Mundialitos Queso Picante
2198,Gol Nachos Supreme
2198,Fan Chips Jalapeño
2199,CrunchMax BBQ
2200,Hot Stadium Peanuts
2201,Gol Nachos Supreme
2201,Mundialitos Queso Picante
2201,Fan Chips Jalapeño
2202,Hot Stadium Peanuts
2202,Mundialitos Queso Picante
2203,Mundialitos Queso Picante
2203,CrunchMax BBQ
2203,Gol Nachos Supreme
2204,Gol Nachos Supreme
2204,Victory Pretzels
2204,Fan Chips Jalapeño
2205,Fan Chips Jalapeño
2206,Gol Nachos Supreme
2207,CrunchMax BBQ
2207,Gol Nachos Supreme
2207,FutbolMix
2208,Caramel Goal Popcorn
2208,Fan Chips Jalapeño
2208,Gol Nachos Supreme
2209,Victory Pretzels
2209,FutbolMix
2210,CrunchMax BBQ
2210,Mundialitos Queso Picante
2211,Fan Chips Jalapeño
2211,ChocoKick Bites
2212,Gol Nachos Supreme
2212,Victory Pretzels
2213,Caramel Goal Popcorn
2214,Energy Crunch Protein
2215,Hot Stadium Peanuts
2215,Mundialitos Queso Picante
2215,Fan Chips Jalapeño
2216,Fan Chips Jalapeño
2217,Hot Stadium Peanuts
2218,Caramel Goal Popcorn
2219,Caramel Goal Popcorn
2219,Gol Nachos Supreme
2219,CrunchMax BBQ
2220,Mundialitos Queso Picante
2220,Gol Nachos Supreme
2220,Energy Crunch Protein
2221,Caramel Goal Popcorn
2222,Caramel Goal Popcorn
2223,Hot Stadium Peanuts
2224,Gol Nachos Supreme
2224,Fan Chips Jalapeño
2225,Fan Chips Jalapeño
2225,CrunchMax BBQ
2226,Mundialitos Queso Picante
2227,Hot Stadium Peanuts
2228,CrunchMax BBQ
2229,CrunchMax BBQ
2229,Mundialitos Queso Picante
2230,CrunchMax BBQ
2231,CrunchMax BBQ
2231,Energy Crunch Protein
2231,Caramel Goal Popcorn
2232,FutbolMix
2232,CrunchMax BBQ
2233,Caramel Goal Popcorn
2233,Hot Stadium Peanuts
2234,Mundialitos Queso Picante
2234,FutbolMix
2235,Hot Stadium Peanuts
2235,Caramel Goal Popcorn
2236,Gol Nachos Supreme
2237,Fan Chips Jalapeño
2238,Mundialitos Queso Picante
2239,CrunchMax BBQ
2240,Fan Chips Jalapeño
2241,Mundialitos Queso Picante
2241,Fan Chips Jalapeño
2241,ChocoKick Bites
2242,ChocoKick Bites
2243,Gol Nachos Supreme
2243,Fan Chips Jalapeño
2243,CrunchMax BBQ
2244,Mundialitos Queso Picante
2244,Fan Chips Jalapeño
2244,Gol Nachos Supreme
2245,Fan Chips Jalapeño
2245,CrunchMax BBQ
2246,Caramel Goal Popcorn
2247,ChocoKick Bites
2247,FutbolMix
2247,CrunchMax BBQ
2248,FutbolMix
2248,Caramel Goal Popcorn
2248,CrunchMax BBQ
2249,Gol Nachos Supreme
2250,Fan Chips Jalapeño
2250,ChocoKick Bites
2251,FutbolMix
2251,Gol Nachos Supreme
2252,Gol Nachos Supreme
2252,Hot Stadium Peanuts
2253,Caramel Goal Popcorn
2254,Gol Nachos Supreme
2254,CrunchMax BBQ
2254,FutbolMix
2255,Fan Chips Jalapeño
2255,Mundialitos Queso Picante
2256,CrunchMax BBQ
2257,Fan Chips Jalapeño
2258,FutbolMix
2258,Hot Stadium Peanuts
2258,Gol Nachos Supreme
2259,Mundialitos Queso Picante
2260,Gol Nachos Supreme
2260,ChocoKick Bites
2261,CrunchMax BBQ
2262,FutbolMix
2262,Gol Nachos Supreme
2262,Fan Chips Jalapeño
2263,FutbolMix
2264,Fan Chips Jalapeño
2264,Caramel Goal Popcorn
2264,FutbolMix
2265,Hot Stadium Peanuts
2265,FutbolMix
2266,Energy Crunch Protein
2267,Fan Chips Jalapeño
2267,Caramel Goal Popcorn
2268,Gol Nachos Supreme
2268,Mundialitos Queso Picante
2268,CrunchMax BBQ
2269,Mundialitos Queso Picante
2270,CrunchMax BBQ
2271,Mundialitos Queso Picante
2271,ChocoKick Bites
2271,Hot Stadium Peanuts
2272,Gol Nachos Supreme
2273,CrunchMax BBQ
2273,Fan Chips Jalapeño
2273,Hot Stadium Peanuts
2274,Gol Nachos Supreme
2275,FutbolMix
2275,Fan Chips Jalapeño
2275,Mundialitos Queso Picante
2276,Victory Pretzels
2276,CrunchMax BBQ
2276,FutbolMix
2277,Energy Crunch Protein
2278,Gol Nachos Supreme
2278,Energy Crunch Protein
2279,Hot Stadium Peanuts
2279,Energy Crunch Protein
2279,ChocoKick Bites
2280,Mundialitos Queso Picante
2280,Gol Nachos Supreme
2280,Hot Stadium Peanuts
2281,Fan Chips Jalapeño
2281,Mundialitos Queso Picante
2282,Fan Chips Jalapeño
2282,CrunchMax BBQ
2283,Fan Chips Jalapeño
2283,Hot Stadium Peanuts
2283,FutbolMix
2284,Hot Stadium Peanuts
2284,Fan Chips Jalapeño
2284,ChocoKick Bites
2285,Hot Stadium Peanuts
2285,ChocoKick Bites
2285,Caramel Goal Popcorn
2286,Mundialitos Queso Picante
2286,ChocoKick Bites
2287,Caramel Goal Popcorn
2287,Fan Chips Jalapeño
2287,Gol Nachos Supreme
2288,Fan Chips Jalapeño
2288,CrunchMax BBQ
2288,Caramel Goal Popcorn
2289,Fan Chips Jalapeño
2289,Mundialitos Queso Picante
2289,FutbolMix
2290,CrunchMax BBQ
2290,Mundialitos Queso Picante
2290,ChocoKick Bites
2291,FutbolMix
2291,Fan Chips Jalapeño
2292,Caramel Goal Popcorn
2292,Mundialitos Queso Picante
2292,ChocoKick Bites
2293,Victory Pretzels
2294,FutbolMix
2294,Mundialitos Queso Picante
2295,Victory Pretzels
2296,Energy Crunch Protein
2296,ChocoKick Bites
2296,CrunchMax BBQ
2297,CrunchMax BBQ
2297,Fan Chips Jalapeño
2297,Mundialitos Queso Picante
2298,Mundialitos Queso Picante
2299,FutbolMix
2300,Mundialitos Queso Picante
2301,Gol Nachos Supreme
2301,CrunchMax BBQ
2301,Energy Crunch Protein
2302,FutbolMix
2302,CrunchMax BBQ
2302,Gol Nachos Supreme
2303,FutbolMix
2303,Gol Nachos Supreme
2304,CrunchMax BBQ
2304,Energy Crunch Protein
2304,Caramel Goal Popcorn
2305,Hot Stadium Peanuts
2305,Gol Nachos Supreme
2306,Fan Chips Jalapeño
2306,Hot Stadium Peanuts
2307,FutbolMix
2307,Victory Pretzels
2307,Caramel Goal Popcorn
2308,Victory Pretzels
2308,Gol Nachos Supreme
2309,Caramel Goal Popcorn
2310,Mundialitos Queso Picante
2310,Gol Nachos Supreme
2311,Energy Crunch Protein
2311,Gol Nachos Supreme
2311,CrunchMax BBQ
2312,Mundialitos Queso Picante
2313,Gol Nachos Supreme
2313,FutbolMix
2313,Fan Chips Jalapeño
2314,Gol Nachos Supreme
2314,Mundialitos Queso Picante
2315,Fan Chips Jalapeño
2316,CrunchMax BBQ
2316,Mundialitos Queso Picante
2316,Caramel Goal Popcorn
2317,Mundialitos Queso Picante
2318,CrunchMax BBQ
2318,FutbolMix
2318,Gol Nachos Supreme
2319,Hot Stadium Peanuts
2320,Fan Chips Jalapeño
2320,Hot Stadium Peanuts
2321,Gol Nachos Supreme
2321,CrunchMax BBQ
2321,ChocoKick Bites
2322,Victory Pretzels
2322,Hot Stadium Peanuts
2323,CrunchMax BBQ
2323,Caramel Goal Popcorn
2323,Hot Stadium Peanuts
2324,CrunchMax BBQ
2325,Mundialitos Queso Picante
2325,Fan Chips Jalapeño
2326,Gol Nachos Supreme
2327,FutbolMix
2327,Fan Chips Jalapeño
2328,Fan Chips Jalapeño
2328,Mundialitos Queso Picante
2329,Victory Pretzels
2329,Fan Chips Jalapeño
2329,Hot Stadium Peanuts
2174,Energy Crunch Protein
2174,ChocoKick Bites
2331,Energy Crunch Protein
2331,CrunchMax BBQ
2331,Gol Nachos Supreme
2332,Gol Nachos Supreme
2332,Caramel Goal Popcorn
2333,CrunchMax BBQ
2334,ChocoKick Bites
2334,Caramel Goal Popcorn
2334,Hot Stadium Peanuts
2335,Gol Nachos Supreme
2335,Energy Crunch Protein
2336,ChocoKick Bites
2336,FutbolMix
2336,Gol Nachos Supreme
2337,CrunchMax BBQ
2337,Mundialitos Queso Picante
2337,FutbolMix
2338,FutbolMix
2338,ChocoKick Bites
2339,ChocoKick Bites
2339,Gol Nachos Supreme
2340,Gol Nachos Supreme
2340,Hot Stadium Peanuts
2341,Gol Nachos Supreme
2341,CrunchMax BBQ
2341,Mundialitos Queso Picante
2342,Fan Chips Jalapeño
2343,Gol Nachos Supreme
2344,CrunchMax BBQ
2344,Caramel Goal Popcorn
2344,Fan Chips Jalapeño
2345,FutbolMix
2345,Mundialitos Queso Picante
2346,Energy Crunch Protein
2347,Victory Pretzels
2348,Fan Chips Jalapeño
2348,ChocoKick Bites
2348,Victory Pretzels
2349,Fan Chips Jalapeño
2349,ChocoKick Bites
2349,Caramel Goal Popcorn
2350,ChocoKick Bites
2350,Mundialitos Queso Picante
2350,CrunchMax BBQ
2351,Gol Nachos Supreme
2351,Mundialitos Queso Picante
2351,Fan Chips Jalapeño
2352,Caramel Goal Popcorn
2353,ChocoKick Bites
2353,FutbolMix
2353,Mundialitos Queso Picante
2354,Hot Stadium Peanuts
2355,Victory Pretzels
2356,CrunchMax BBQ
2356,Gol Nachos Supreme
2356,Mundialitos Queso Picante
2357,Mundialitos Queso Picante
2357,Energy Crunch Protein
2358,Caramel Goal Popcorn
2358,FutbolMix
2359,Hot Stadium Peanuts
2359,ChocoKick Bites
2359,Mundialitos Queso Picante
2360,CrunchMax BBQ
2360,Hot Stadium Peanuts
2360,Fan Chips Jalapeño
2361,Fan Chips Jalapeño
2361,Hot Stadium Peanuts
2361,Gol Nachos Supreme
2362,FutbolMix
2362,Energy Crunch Protein
2363,Fan Chips Jalapeño
2363,Gol Nachos Supreme
2363,Hot Stadium Peanuts
2364,Hot Stadium Peanuts
2364,ChocoKick Bites
2364,FutbolMix
2365,CrunchMax BBQ
2366,Fan Chips Jalapeño
2367,Caramel Goal Popcorn
2367,Gol Nachos Supreme
2368,Hot Stadium Peanuts
2368,Caramel Goal Popcorn
2369,Fan Chips Jalapeño
2370,Mundialitos Queso Picante
2371,Energy Crunch Protein
2371,FutbolMix
2372,Mundialitos Queso Picante
2372,FutbolMix
2373,Mundialitos Queso Picante
2373,Gol Nachos Supreme
2374,Caramel Goal Popcorn
2374,Gol Nachos Supreme
2375,Gol Nachos Supreme
2375,Energy Crunch Protein
2376,CrunchMax BBQ
2377,Fan Chips Jalapeño
2378,Energy Crunch Protein
2379,Energy Crunch Protein
2379,Caramel Goal Popcorn
2379,Mundialitos Queso Picante
2380,ChocoKick Bites
2380,Mundialitos Queso Picante
2381,FutbolMix
2381,Victory Pretzels
2382,Gol Nachos Supreme
2382,Hot Stadium Peanuts
2383,Gol Nachos Supreme
2383,FutbolMix
2383,Fan Chips Jalapeño
2384,Mundialitos Queso Picante
2384,Caramel Goal Popcorn
2385,FutbolMix
2385,Fan Chips Jalapeño
2386,ChocoKick Bites
2387,FutbolMix
2388,Victory Pretzels
2388,CrunchMax BBQ
2388,FutbolMix
2389,ChocoKick Bites
2389,Fan Chips Jalapeño
2389,Mundialitos Queso Picante
2390,Gol Nachos Supreme
2391,CrunchMax BBQ
2391,FutbolMix
2392,Fan Chips Jalapeño
2392,Victory Pretzels
2393,CrunchMax BBQ
2394,CrunchMax BBQ
2394,Caramel Goal Popcorn
2395,Energy Crunch Protein
2396,ChocoKick Bites
2396,FutbolMix
2396,Fan Chips Jalapeño
2397,FutbolMix
2398,Hot Stadium Peanuts
2399,CrunchMax BBQ
2399,Caramel Goal Popcorn
2399,Gol Nachos Supreme
2400,CrunchMax BBQ
2400,Mundialitos Queso Picante
2400,Gol Nachos Supreme
2401,CrunchMax BBQ
2401,Victory Pretzels
2402,CrunchMax BBQ
2403,Energy Crunch Protein
2403,Mundialitos Queso Picante
2403,CrunchMax BBQ
2404,Mundialitos Queso Picante
2404,Caramel Goal Popcorn
2404,Energy Crunch Protein
2405,FutbolMix
2405,Mundialitos Queso Picante
2405,Victory Pretzels
2406,Gol Nachos Supreme
2407,Caramel Goal Popcorn
2408,Energy Crunch Protein
2408,Gol Nachos Supreme
2408,Fan Chips Jalapeño
2409,FutbolMix
2410,Mundialitos Queso Picante
2410,Gol Nachos Supreme
2410,CrunchMax BBQ
2411,Gol Nachos Supreme
2411,ChocoKick Bites
2412,Mundialitos Queso Picante
2412,Caramel Goal Popcorn
2413,FutbolMix
2413,Mundialitos Queso Picante
2414,CrunchMax BBQ
2415,FutbolMix
2416,Hot Stadium Peanuts
2416,ChocoKick Bites
2416,CrunchMax BBQ
2417,Caramel Goal Popcorn
2417,Hot Stadium Peanuts
2417,Mundialitos Queso Picante
2418,FutbolMix
2419,Caramel Goal Popcorn
2420,Caramel Goal Popcorn
2420,Gol Nachos Supreme
2421,ChocoKick Bites
2421,Hot Stadium Peanuts
2421,FutbolMix
2422,Mundialitos Queso Picante
2422,FutbolMix
2423,Hot Stadium Peanuts
2424,Victory Pretzels
2425,Gol Nachos Supreme
2426,Mundialitos Queso Picante
2426,ChocoKick Bites
2427,Mundialitos Queso Picante
2427,Energy Crunch Protein
2427,Fan Chips Jalapeño
2428,ChocoKick Bites
2428,FutbolMix
2428,Gol Nachos Supreme
2429,CrunchMax BBQ
2429,Gol Nachos Supreme
2429,Fan Chips Jalapeño
2430,CrunchMax BBQ
2430,Mundialitos Queso Picante
2431,FutbolMix
2432,Energy Crunch Protein
2432,Mundialitos Queso Picante
2432,Caramel Goal Popcorn
2433,CrunchMax BBQ
2434,CrunchMax BBQ
2434,Hot Stadium Peanuts
2435,Mundialitos Queso Picante
2435,CrunchMax BBQ
2435,Victory Pretzels
2436,Hot Stadium Peanuts
2436,Energy Crunch Protein
2436,CrunchMax BBQ
2437,Energy Crunch Protein
2438,FutbolMix
2439,CrunchMax BBQ
2439,Hot Stadium Peanuts
2440,FutbolMix
2440,Fan Chips Jalapeño
2440,Caramel Goal Popcorn
2441,Caramel Goal Popcorn
2441,Fan Chips Jalapeño
2442,FutbolMix
2442,Fan Chips Jalapeño
2442,ChocoKick Bites
2443,FutbolMix
2444,FutbolMix
2445,Gol Nachos Supreme
2445,Mundialitos Queso Picante
2446,Caramel Goal Popcorn
2446,CrunchMax BBQ
2446,Gol Nachos Supreme
2447,Fan Chips Jalapeño
2447,CrunchMax BBQ
2447,FutbolMix
2448,Caramel Goal Popcorn
2449,Mundialitos Queso Picante
2449,Fan Chips Jalapeño
2450,Mundialitos Queso Picante
2450,Caramel Goal Popcorn
2450,ChocoKick Bites
2451,Mundialitos Queso Picante
2452,Caramel Goal Popcorn
2452,Fan Chips Jalapeño
2452,FutbolMix
2453,FutbolMix
2454,FutbolMix
2455,Gol Nachos Supreme
2455,Caramel Goal Popcorn
2456,Mundialitos Queso Picante
2456,Hot Stadium Peanuts
2457,ChocoKick Bites
2457,Victory Pretzels
2458,Energy Crunch Protein
2458,Fan Chips Jalapeño
2459,FutbolMix
2460,Mundialitos Queso Picante
2460,FutbolMix
2460,Gol Nachos Supreme
2461,Caramel Goal Popcorn
2462,FutbolMix
2462,Fan Chips Jalapeño
2462,Energy Crunch Protein
2463,CrunchMax BBQ
2464,ChocoKick Bites
2464,CrunchMax BBQ
2464,Hot Stadium Peanuts
2465,Mundialitos Queso Picante
2465,CrunchMax BBQ
2466,Energy Crunch Protein
2466,CrunchMax BBQ
2466,Gol Nachos Supreme
2467,Gol Nachos Supreme
2467,Fan Chips Jalapeño
2467,Caramel Goal Popcorn
2468,Hot Stadium Peanuts
2469,Hot Stadium Peanuts
2469,Gol Nachos Supreme
2469,CrunchMax BBQ
2470,Gol Nachos Supreme
2470,Mundialitos Queso Picante
2470,Caramel Goal Popcorn
2471,CrunchMax BBQ
2471,Caramel Goal Popcorn
2472,CrunchMax BBQ
2472,ChocoKick Bites
2472,FutbolMix
2473,ChocoKick Bites
2473,Fan Chips Jalapeño
2474,Fan Chips Jalapeño
2475,Energy Crunch Protein
2476,Energy Crunch Protein
2476,Gol Nachos Supreme
2477,Mundialitos Queso Picante
2477,CrunchMax BBQ
2477,Caramel Goal Popcorn
2478,FutbolMix
2479,Victory Pretzels
2479,Hot Stadium Peanuts
2480,Mundialitos Queso Picante
2480,ChocoKick Bites
2481,Gol Nachos Supreme
2482,CrunchMax BBQ
2482,FutbolMix
2483,Fan Chips Jalapeño
2483,CrunchMax BBQ
2483,Hot Stadium Peanuts
2484,Victory Pretzels
2484,Hot Stadium Peanuts
2484,Energy Crunch Protein
2485,CrunchMax BBQ
2486,ChocoKick Bites
2487,FutbolMix
2487,ChocoKick Bites
2488,Gol Nachos Supreme
2488,FutbolMix
2488,ChocoKick Bites
2489,CrunchMax BBQ
2489,Fan Chips Jalapeño
2490,Hot Stadium Peanuts
2490,Caramel Goal Popcorn
2490,CrunchMax BBQ
2491,CrunchMax BBQ
2492,Mundialitos Queso Picante
2493,CrunchMax BBQ
2493,FutbolMix
2494,Caramel Goal Popcorn
2494,Victory Pretzels
2495,Energy Crunch Protein
2495,CrunchMax BBQ
2496,Fan Chips Jalapeño
2496,Gol Nachos Supreme
2496,FutbolMix
2497,FutbolMix
2498,CrunchMax BBQ
2498,Mundialitos Queso Picante
2498,Gol Nachos Supreme
2499,CrunchMax BBQ
2500,CrunchMax BBQ
2500,Gol Nachos Supreme
2500,Hot Stadium Peanuts
