EncuestaID,RangoEdad,Genero,Departamento,Municipio,Ocupacion
1,55 Años O Más,Femenino,Guatemala,Santa Catarina Pinula,Jubilado
2,18 - 24 Años,Masculino,Guatemala,Santa Catarina Pinula,Empresario
3,35 - 44 Años,Masculino,Alta Verapaz,Alta Verapaz,Estudiante
4,25 - 34 Años,Femenino,Guatemala,San Miguel Petapa,Empleado Privado
5,25 - 34 Años,Femenino,Guatemala,San Miguel Petapa,Estudiante
6,18 - 24 Años,Masculino,Quetzaltenango,Olintepeque,Comerciante
7,35 - 44 Años,Masculino,Sacatepéquez,Ciudad Vieja,Empleado Privado
8,25 - 34 Años,Prefiero No Indicarlo,Guatemala,Villa Nueva,Empresario
9,25 - 34 Años,Femenino,Chimaltenango,Chimaltenango,Profesional Independiente
10,Menos De 18 Años,Femenino,Guatemala,Guatemala,Otro
11,18 - 24 Años,Masculino,Suchitepéquez,Suchitepéquez,Profesional Independiente
12,Menos De 18 Años,Masculino,Quetzaltenango,Quetzaltenango,Empleado Privado
13,25 - 34 Años,Masculino,Chiquimula,Chiquimula,Empresario
14,25 - 34 Años,Femenino,Quiché,Otro Municipio,Jubilado
15,18 - 24 Años,Femenino,Retalhuleu,Otro Municipio,Estudiante
16,Menos De 18 Años,Femenino,Sacatepéquez,Jocotenango,Estudiante
17,18 - 24 Años,Femenino,Guatemala,Guatemala,Empleado Privado
18,35 - 44 Años,Masculino,Guatemala,Santa Catarina Pinula,Empleado Público
19,18 - 24 Años,Femenino,Santa Rosa,Otro Municipio,Comerciante
20,18 - 24 Años,Femenino,Guatemala,San Miguel Petapa,Empresario
21,25 - 34 Años,Masculino,Jutiapa,Jutiapa,Empleado Público
22,25 - 34 Años,Masculino,Jalapa,Otro Municipio,Empleado Privado
23,25 - 34 Años,Masculino,Guatemala,Guatemala,Empresario
24,18 - 24 Años,Femenino,Guatemala,San Miguel Petapa,Otro
25,45 - 54 Años,Femenino,Guatemala,Santa Catarina Pinula,Empresario
26,18 - 24 Años,Femenino,Petén,Poptún,Empleado Privado
27,25 - 34 Años,Femenino,Chimaltenango,Tecpán Guatemala,Jubilado
28,25 - 34 Años,Femenino,Chimaltenango,Chimaltenango,Otro
29,25 - 34 Años,Masculino,Guatemala,San Miguel Petapa,Estudiante
30,25 - 34 Años,Masculino,Guatemala,San Miguel Petapa,Empresario
31,25 - 34 Años,Femenino,Sacatepéquez,Ciudad Vieja,Profesional Independiente
32,18 - 24 Años,Masculino,Escuintla,Santa Lucía Cotzumalguapa,Estudiante
33,18 - 24 Años,Femenino,Escuintla,Escuintla,Profesional Independiente
34,25 - 34 Años,Femenino,Chimaltenango,Tecpán Guatemala,Empresario
35,Menos De 18 Años,Masculino,Guatemala,Guatemala,Empleado Privado
36,25 - 34 Años,Masculino,El Progreso,Cabecera Municipal,Empleado Privado
37,18 - 24 Años,Femenino,Quiché,Otro Municipio,Profesional Independiente
38,25 - 34 Años,Femenino,Guatemala,San Miguel Petapa,Profesional Independiente
39,Menos De 18 Años,Masculino,Chiquimula,Cabecera Municipal,Estudiante
40,45 - 54 Años,Femenino,Quiché,Cabecera Municipal,Empresario
41,18 - 24 Años,Femenino,Quetzaltenango,Olintepeque,No Indicado
42,18 - 24 Años,Femenino,Escuintla,Santa Lucía Cotzumalguapa,Ama De Casa
43,18 - 24 Años,Femenino,Guatemala,Villa Nueva,Ama De Casa
44,45 - 54 Años,Masculino,Guatemala,Villa Nueva,Ama De Casa
45,25 - 34 Años,Femenino,Guatemala,Mixco,Estudiante
46,45 - 54 Años,Masculino,Quetzaltenango,Olintepeque,Estudiante
47,35 - 44 Años,Masculino,Guatemala,Guatemala,Comerciante
48,35 - 44 Años,Masculino,Chimaltenango,Chimaltenango,Estudiante
49,45 - 54 Años,Femenino,Totonicapán,Totonicapán,Empleado Privado
50,Menos De 18 Años,Prefiero No Indicarlo,Escuintla,Escuintla,Empleado Privado
51,18 - 24 Años,Femenino,Chimaltenango,Chimaltenango,Empresario
52,35 - 44 Años,Masculino,Sololá,Otro Municipio,Empleado Privado
53,25 - 34 Años,Masculino,Sololá,Otro Municipio,Empleado Privado
54,18 - 24 Años,Femenino,Guatemala,Santa Catarina Pinula,Profesional Independiente
55,25 - 34 Años,Femenino,Quetzaltenango,,Comerciante
56,18 - 24 Años,Masculino,Escuintla,Escuintla,Estudiante
57,55 Años O Más,Femenino,Guatemala,Mixco,Comerciante
58,25 - 34 Años,Masculino,Quetzaltenango,Coatepeque,Empresario
59,18 - 24 Años,Femenino,Guatemala,Santa Catarina Pinula,Empresario
60,45 - 54 Años,Masculino,Guatemala,Santa Catarina Pinula,Empleado Privado
61,55 Años O Más,Femenino,Guatemala,Mixco,Estudiante
62,55 Años O Más,Masculino,Escuintla,Palín,Estudiante
63,18 - 24 Años,Femenino,Santa Rosa,Otro Municipio,Profesional Independiente
64,25 - 34 Años,Masculino,San Marcos,Otro Municipio,Profesional Independiente
65,Menos De 18 Años,Femenino,El Progreso,El Progreso,Jubilado
66,25 - 34 Años,Femenino,Guatemala,Santa Catarina Pinula,Estudiante
67,25 - 34 Años,Femenino,Guatemala,San Miguel Petapa,Empleado Privado
68,Menos De 18 Años,Femenino,Escuintla,Escuintla,Ama De Casa
69,18 - 24 Años,Masculino,Guatemala,Mixco,Empresario
70,45 - 54 Años,Masculino,Guatemala,Villa Nueva,Estudiante
71,45 - 54 Años,Femenino,Escuintla,Escuintla,Profesional Independiente
72,45 - 54 Años,Femenino,Guatemala,Mixco,No Indicado
73,18 - 24 Años,Femenino,Guatemala,Villa Nueva,Estudiante
74,18 - 24 Años,Femenino,Guatemala,Guatemala,Empleado Público
75,25 - 34 Años,Masculino,Quetzaltenango,Olintepeque,Profesional Independiente
76,25 - 34 Años,Femenino,Guatemala,San Miguel Petapa,Empleado Privado
77,25 - 34 Años,Masculino,Retalhuleu,Otro Municipio,Empleado Privado
78,45 - 54 Años,Femenino,Guatemala,Santa Catarina Pinula,Jubilado
79,25 - 34 Años,Femenino,Guatemala,Mixco,Ama De Casa
80,25 - 34 Años,Masculino,Guatemala,Guatemala,Empleado Privado
81,25 - 34 Años,Masculino,Retalhuleu,Otro Municipio,Jubilado
82,45 - 54 Años,Masculino,Guatemala,Villa Nueva,Empleado Privado
83,25 - 34 Años,Femenino,Quetzaltenango,Coatepeque,Estudiante
84,25 - 34 Años,Femenino,Guatemala,San Miguel Petapa,Ama De Casa
85,25 - 34 Años,Femenino,Guatemala,San Miguel Petapa,Empleado Privado
86,Menos De 18 Años,Femenino,Quetzaltenango,Olintepeque,Estudiante
87,55 Años O Más,Femenino,Chimaltenango,Tecpán Guatemala,Comerciante
88,35 - 44 Años,Masculino,Quetzaltenango,Coatepeque,Estudiante
89,Menos De 18 Años,Femenino,Guatemala,Guatemala,Empresario
90,55 Años O Más,Femenino,Guatemala,,Ama De Casa
91,18 - 24 Años,Femenino,Petén,Flores,Comerciante
92,18 - 24 Años,Femenino,Guatemala,Guatemala,Estudiante
93,45 - 54 Años,Masculino,Guatemala,Guatemala,Comerciante
94,35 - 44 Años,Femenino,Guatemala,San Miguel Petapa,Empleado Privado
95,25 - 34 Años,Masculino,Guatemala,Guatemala,Ama De Casa
96,45 - 54 Años,Masculino,Alta Verapaz,Cabecera Municipal,Empleado Público
97,25 - 34 Años,Masculino,El Progreso,El Progreso,Jubilado
98,35 - 44 Años,Femenino,Guatemala,Mixco,Estudiante
99,25 - 34 Años,Femenino,Totonicapán,Otro Municipio,Empleado Privado
100,55 Años O Más,Masculino,Escuintla,Santa Lucía Cotzumalguapa,Empleado Privado
101,18 - 24 Años,Masculino,Escuintla,Escuintla,Empleado Privado
102,35 - 44 Años,Femenino,Escuintla,Palín,Empleado Privado
103,55 Años O Más,Femenino,Alta Verapaz,Otro Municipio,Empresario
104,25 - 34 Años,Masculino,Guatemala,San Miguel Petapa,Estudiante
105,35 - 44 Años,Masculino,Guatemala,Villa Nueva,Ama De Casa
106,35 - 44 Años,Masculino,El Progreso,Otro Municipio,Empleado Público
107,35 - 44 Años,Femenino,Guatemala,Villa Nueva,Empleado Privado
108,18 - 24 Años,Femenino,Sacatepéquez,Ciudad Vieja,Empleado Privado
109,18 - 24 Años,Femenino,Guatemala,Villa Nueva,Empleado Privado
110,25 - 34 Años,Femenino,Escuintla,Escuintla,Estudiante
111,Menos De 18 Años,Masculino,Escuintla,Santa Lucía Cotzumalguapa,Profesional Independiente
112,25 - 34 Años,Masculino,Alta Verapaz,Alta Verapaz,Estudiante
113,45 - 54 Años,Femenino,Sololá,Cabecera Municipal,Profesional Independiente
114,18 - 24 Años,Masculino,Izabal,Izabal,Empleado Privado
115,35 - 44 Años,Femenino,Guatemala,Mixco,Empleado Privado
116,18 - 24 Años,Femenino,El Progreso,El Progreso,Empleado Privado
117,25 - 34 Años,Femenino,Zacapa,Zacapa,Empleado Público
118,Menos De 18 Años,Femenino,Guatemala,Santa Catarina Pinula,Empleado Privado
119,18 - 24 Años,Femenino,Guate,Santa Catarina Pinula,Empleado Privado
120,18 - 24 Años,Masculino,Guatemala,Guatemala,Empleado Privado
121,18 - 24 Años,Femenino,Chiquimula,Chiquimula,Estudiante
122,25 - 34 Años,Masculino,Huehuetenango,Huehuetenango,Ama De Casa
123,25 - 34 Años,Femenino,Chimaltenango,Chimaltenango,Estudiante
124,Menos De 18 Años,Prefiero No Indicarlo,Sacatepéquez,Antigua Guatemala,Empleado Privado
125,45 - 54 Años,Masculino,Guatemala,Santa Catarina Pinula,Estudiante
126,25 - 34 Años,Masculino,Chimaltenango,Chimaltenango,Empleado Privado
127,25 - 34 Años,Masculino,Escuintla,Palín,Profesional Independiente
128,35 - 44 Años,Femenino,Guatemala,Guatemala,Ama De Casa
129,45 - 54 Años,Femenino,Petén,Poptún,Empleado Privado
130,18 - 24 Años,Femenino,Escuintla,Santa Lucía Cotzumalguapa,Comerciante
131,25 - 34 Años,Femenino,Guatemala,Santa Catarina Pinula,Empleado Privado
132,18 - 24 Años,Masculino,Retalhuleu,Retalhuleu,Otro
133,25 - 34 Años,Masculino,Sololá,Cabecera Municipal,Empleado Privado
134,18 - 24 Años,Masculino,Escuintla,Santa Lucía Cotzumalguapa,Empleado Privado
135,35 - 44 Años,Prefiero No Indicarlo,Alta Verapaz,Otro Municipio,Profesional Independiente
136,18 - 24 Años,Masculino,Zacapa,Cabecera Municipal,Profesional Independiente
137,45 - 54 Años,Masculino,Quiché,Cabecera Municipal,Estudiante
138,45 - 54 Años,Masculino,Sacatepéquez,Sumpango,Estudiante
139,25 - 34 Años,Masculino,Guatemala,Guatemala,Estudiante
140,45 - 54 Años,Masculino,Guatemala,Guatemala,Empleado Privado
141,25 - 34 Años,Masculino,Guatemala,Santa Catarina Pinula,Comerciante
142,45 - 54 Años,Masculino,Guatemala,Mixco,Empleado Privado
143,25 - 34 Años,Masculino,Guatemala,Mixco,Profesional Independiente
144,35 - 44 Años,Masculino,Quiché,Cabecera Municipal,Estudiante
145,25 - 34 Años,Masculino,Guatemala,Guatemala,Empleado Privado
146,25 - 34 Años,Femenino,Quetzaltenango,Quetzaltenango,Otro
147,55 Años O Más,Femenino,Guatemala,Villa Nueva,Estudiante
148,55 Años O Más,Femenino,Escuintla,Santa Lucía Cotzumalguapa,Estudiante
149,35 - 44 Años,Masculino,Guatemala,Villa Nueva,Comerciante
150,55 Años O Más,Femenino,Sacatepéquez,Antigua Guatemala,Comerciante
151,25 - 34 Años,Masculino,Guatemala,San Miguel Petapa,Empleado Privado
152,25 - 34 Años,Masculino,Guatemala,Mixco,Empresario
153,35 - 44 Años,Masculino,Quetzaltenango,Coatepeque,Empleado Privado
154,25 - 34 Años,Masculino,Chimaltenango,Chimaltenango,Empleado Privado
155,35 - 44 Años,Masculino,Guatemala,San Miguel Petapa,Empleado Privado
156,25 - 34 Años,Femenino,Guatemala,Santa Catarina Pinula,Empleado Privado
157,25 - 34 Años,Prefiero No Indicarlo,Escuintla,Palín,Otro
158,25 - 34 Años,Masculino,Suchitepéquez,Otro Municipio,Empleado Privado
159,35 - 44 Años,Femenino,Chimaltenango,Patzún,Estudiante
160,35 - 44 Años,Femenino,Guatemala,San Miguel Petapa,Empleado Privado
161,35 - 44 Años,Masculino,Huehuetenango,Cabecera Municipal,Estudiante
162,25 - 34 Años,Masculino,Guatemala,Mixco,Empleado Privado
163,Menos De 18 Años,Femenino,Guatemala,Guatemala,Profesional Independiente
164,Menos De 18 Años,Masculino,Quetzaltenango,Quetzaltenango,Estudiante
165,25 - 34 Años,Femenino,Guatemala,Guatemala,Estudiante
166,55 Años O Más,Masculino,Zacapa,Otro Municipio,Empleado Privado
167,18 - 24 Años,Femenino,Guatemala,Mixco,Empleado Privado
168,18 - 24 Años,Masculino,Chiquimula,Otro Municipio,Empleado Privado
169,18 - 24 Años,Femenino,Guatemala,Guatemala,Empleado Privado
170,35 - 44 Años,Masculino,Guatemala,Santa Catarina Pinula,Profesional Independiente
171,25 - 34 Años,Femenino,Alta Verapaz,Cabecera Municipal,Profesional Independiente
172,45 - 54 Años,Masculino,Guatemala,San Miguel Petapa,Estudiante
173,Menos De 18 Años,Femenino,Guatemala,Mixco,Empleado Privado
174,18 - 24 Años,Femenino,Guatemala,Santa Catarina Pinula,Empresario
175,Menos De 18 Años,Masculino,San Marcos,Cabecera Municipal,Profesional Independiente
176,35 - 44 Años,Femenino,Guatemala,Guatemala,Empleado Privado
177,35 - 44 Años,Masculino,Petén,San Benito,Empleado Privado
178,45 - 54 Años,Femenino,Sacatepéquez,Antigua Guatemala,Comerciante
179,25 - 34 Años,Femenino,Guatemala,San Miguel Petapa,Profesional Independiente
180,25 - 34 Años,Masculino,Guatemala,Guatemala,Empleado Privado
181,18 - 24 Años,Masculino,Guatemala,San Miguel Petapa,Profesional Independiente
182,35 - 44 Años,Femenino,Sacatepéquez,Jocotenango,Estudiante
183,18 - 24 Años,Masculino,Jalapa,Otro Municipio,Comerciante
184,25 - 34 Años,Femenino,Petén,San Benito,Estudiante
185,Menos De 18 Años,Prefiero No Indicarlo,Guatemala,Villa Nueva,Estudiante
186,45 - 54 Años,Femenino,Guatemala,Mixco,Empleado Privado
187,55 Años O Más,Masculino,Escuintla,Santa Lucía Cotzumalguapa,Estudiante
188,25 - 34 Años,Masculino,Santa Rosa,Otro Municipio,Comerciante
189,18 - 24 Años,Femenino,Zacapa,Cabecera Municipal,Comerciante
190,45 - 54 Años,Femenino,Guatemala,Guatemala,Empleado Privado
191,18 - 24 Años,Masculino,Escuintla,Escuintla,Profesional Independiente
192,25 - 34 Años,Masculino,Guatemala,Guatemala,Empleado Privado
193,25 - 34 Años,Femenino,Baja Verapaz,Baja Verapaz,Comerciante
194,18 - 24 Años,Masculino,Petén,Poptún,Comerciante
195,25 - 34 Años,Femenino,Guatemala,Santa Catarina Pinula,Estudiante
196,18 - 24 Años,Prefiero No Indicarlo,Escuintla,Escuintla,Empleado Privado
197,45 - 54 Años,Femenino,Sacatepéquez,Antigua Guatemala,Estudiante
198,45 - 54 Años,Masculino,Huehuetenango,Otro Municipio,Comerciante
199,45 - 54 Años,Masculino,Izabal,Cabecera Municipal,Empleado Privado
200,18 - 24 Años,Femenino,Escuintla,Escuintla,Empleado Privado
201,18 - 24 Años,Femenino,Guatemala,Guatemala,Profesional Independiente
202,25 - 34 Años,Femenino,Baja Verapaz,Cabecera Municipal,Ama De Casa
203,18 - 24 Años,Femenino,Sololá,Cabecera Municipal,Estudiante
204,35 - 44 Años,Masculino,Escuintla,Santa Lucía Cotzumalguapa,Empresario
205,Menos De 18 Años,Masculino,Guatemala,Guatemala,Estudiante
206,55 Años O Más,Femenino,Guatemala,Mixco,Empleado Privado
207,25 - 34 Años,Femenino,Guatemala,San Miguel Petapa,Empleado Privado
208,35 - 44 Años,Femenino,El Progreso,,Otro
209,25 - 34 Años,Femenino,Guatemala,Mixco,Ama De Casa
210,45 - 54 Años,Femenino,Guatemala,Mixco,Empleado Privado
211,55 Años O Más,Masculino,Baja Verapaz,Cabecera Municipal,Empresario
212,35 - 44 Años,Femenino,Guatemala,Santa Catarina Pinula,Estudiante
213,25 - 34 Años,Masculino,Guatemala,Guatemala,Empleado Privado
214,25 - 34 Años,Masculino,Guatemala,Guatemala,Estudiante
215,45 - 54 Años,Masculino,Escuintla,Escuintla,Estudiante
216,18 - 24 Años,Femenino,Guatemala,Santa Catarina Pinula,Comerciante
217,45 - 54 Años,Femenino,Escuintla,Escuintla,Empleado Privado
218,45 - 54 Años,Masculino,Guatemala,Mixco,Estudiante
219,35 - 44 Años,Femenino,Chimaltenango,Chimaltenango,Empleado Privado
220,18 - 24 Años,Femenino,Alta Verapaz,Otro Municipio,Estudiante
221,18 - 24 Años,Femenino,Escuintla,Santa Lucía Cotzumalguapa,Empresario
222,55 Años O Más,Masculino,Guatemala,San Miguel Petapa,Estudiante
223,Menos De 18 Años,Femenino,Guatemala,Mixco,Empleado Privado
224,35 - 44 Años,Masculino,Chimaltenango,Tecpán Guatemala,Empresario
225,25 - 34 Años,Masculino,Guatemala,Santa Catarina Pinula,Estudiante
226,35 - 44 Años,Femenino,Guatemala,San Miguel Petapa,Empleado Público
227,35 - 44 Años,Masculino,Alta Verapaz,Cabecera Municipal,Otro
228,35 - 44 Años,Femenino,Chimaltenango,Chimaltenango,Empleado Público
229,45 - 54 Años,Femenino,Jalapa,Otro Municipio,Profesional Independiente
230,Menos De 18 Años,Masculino,Guatemala,Villa Nueva,Ama De Casa
231,25 - 34 Años,Femenino,Guatemala,Santa Catarina Pinula,Empleado Privado
232,Menos De 18 Años,Prefiero No Indicarlo,Escuintla,Santa Lucía Cotzumalguapa,Empleado Privado
233,18 - 24 Años,Masculino,Sacatepéquez,Ciudad Vieja,Estudiante
234,25 - 34 Años,Masculino,Chimaltenango,Patzún,Empleado Privado
235,25 - 34 Años,Prefiero No Indicarlo,Guatemala,San Miguel Petapa,Profesional Independiente
236,18 - 24 Años,Masculino,Guatemala,Guatemala,Comerciante
237,45 - 54 Años,Masculino,Guatemala,Mixco,Profesional Independiente
238,25 - 34 Años,Masculino,Guatemala,Guatemala,Ama De Casa
239,35 - 44 Años,Masculino,Guatemala,Villa Nueva,Profesional Independiente
240,18 - 24 Años,Femenino,Guatemala,Mixco,Comerciante
241,25 - 34 Años,Femenino,Guatemala,San Miguel Petapa,Empleado Privado
242,18 - 24 Años,Masculino,Guatemala,Villa Nueva,Empleado Público
243,25 - 34 Años,Femenino,Guatemala,Santa Catarina Pinula,Estudiante
244,25 - 34 Años,Femenino,Guatemala,Santa Catarina Pinula,Empleado Privado
245,45 - 54 Años,Prefiero No Indicarlo,Quetzaltenango,Olintepeque,No Indicado
246,35 - 44 Años,Femenino,Guatemala,Santa Catarina Pinula,Comerciante
247,25 - 34 Años,Femenino,Huehuetenango,Cabecera Municipal,Empleado Público
248,25 - 34 Años,Femenino,Guatemala,Guatemala,Empleado Privado
249,45 - 54 Años,Masculino,Quetzaltenango,Olintepeque,Empleado Privado
250,45 - 54 Años,Masculino,Quetzaltenango,Olintepeque,Profesional Independiente
251,25 - 34 Años,Femenino,Guatemala,Guatemala,Estudiante
252,55 Años O Más,Femenino,Guatemala,Santa Catarina Pinula,Empresario
253,25 - 34 Años,Femenino,Chimaltenango,Tecpán Guatemala,Comerciante
254,25 - 34 Años,Masculino,Guatemala,Santa Catarina Pinula,Comerciante
255,55 Años O Más,Masculino,Guatemala,San Miguel Petapa,Empleado Privado
256,45 - 54 Años,Masculino,Santa Rosa,Cabecera Municipal,Empleado Privado
257,25 - 34 Años,Femenino,Guatemala,San Miguel Petapa,Empleado Privado
258,45 - 54 Años,Femenino,Zacapa,Otro Municipio,Profesional Independiente
259,25 - 34 Años,Femenino,Guatemala,Mixco,Empleado Privado
260,45 - 54 Años,Masculino,Sacatepéquez,Jocotenango,Empleado Privado
261,55 Años O Más,Masculino,Chimaltenango,Tecpán Guatemala,Estudiante
262,35 - 44 Años,Masculino,Quetzaltenango,Coatepeque,Empleado Privado
263,35 - 44 Años,Masculino,Chimaltenango,Chimaltenango,Estudiante
264,25 - 34 Años,Masculino,Guatemala,San Miguel Petapa,Jubilado
265,35 - 44 Años,Masculino,Huehuetenango,Otro Municipio,Profesional Independiente
266,45 - 54 Años,Masculino,Sololá,Cabecera Municipal,Empleado Público
267,35 - 44 Años,Masculino,Jutiapa,Jutiapa,Empleado Privado
268,25 - 34 Años,Femenino,Guatemala,Mixco,Empleado Privado
269,25 - 34 Años,Masculino,Guatemala,Guatemala,Ama De Casa
270,18 - 24 Años,Femenino,Huehuetenango,Otro Municipio,Empleado Público
271,35 - 44 Años,Femenino,Guatemala,San Miguel Petapa,Jubilado
272,25 - 34 Años,Femenino,Guatemala,Guatemala,Empleado Privado
273,55 Años O Más,Femenino,Baja Verapaz,Baja Verapaz,Empresario
274,45 - 54 Años,Femenino,Escuintla,Escuintla,Profesional Independiente
275,55 Años O Más,Femenino,Guatemala,Santa Catarina Pinula,Jubilado
276,18 - 24 Años,Femenino,Escuintla,Santa Lucía Cotzumalguapa,Empleado Privado
277,35 - 44 Años,Masculino,Guatemala,San Miguel Petapa,Empleado Privado
278,18 - 24 Años,Femenino,Guatemala,Mixco,Estudiante
279,Menos De 18 Años,Femenino,El Progreso,El Progreso,Empresario
280,35 - 44 Años,Masculino,Santa Rosa,Otro Municipio,Estudiante
281,45 - 54 Años,Masculino,Guatemala,Santa Catarina Pinula,Otro
282,18 - 24 Años,Femenino,Huehuetenango,Cabecera Municipal,Empleado Privado
283,Menos De 18 Años,Masculino,Guatemala,Mixco,Otro
284,45 - 54 Años,Femenino,Guatemala,Guatemala,Empleado Privado
285,Menos De 18 Años,Femenino,Sololá,Otro Municipio,Comerciante
286,Menos De 18 Años,Femenino,Escuintla,Santa Lucía Cotzumalguapa,Empresario
287,Menos De 18 Años,Masculino,Escuintla,Escuintla,Estudiante
288,18 - 24 Años,Masculino,Guatemala,Guatemala,Jubilado
289,35 - 44 Años,Masculino,Quetzaltenango,Coatepeque,Ama De Casa
290,Menos De 18 Años,Masculino,Guatemala,San Miguel Petapa,Ama De Casa
291,35 - 44 Años,Masculino,Baja Verapaz,Cabecera Municipal,Empresario
1595,55 Años O Más,Femenino,Guatemala,Villa Nueva,Empleado Privado
293,35 - 44 Años,Masculino,Guatemala,Villa Nueva,Estudiante
294,35 - 44 Años,Prefiero No Indicarlo,Guatemala,Villa Nueva,Comerciante
295,Menos De 18 Años,Femenino,Guatemala,San Miguel Petapa,Empleado Público
296,35 - 44 Años,Femenino,Quetzaltenango,Coatepeque,Empleado Público
297,18 - 24 Años,Femenino,Guatemala,Santa Catarina Pinula,Ama De Casa
298,18 - 24 Años,Masculino,El Progreso,Otro Municipio,Empleado Privado
299,25 - 34 Años,Masculino,Guatemala,Guatemala,Empleado Privado
300,55 Años O Más,Masculino,Guatemala,San Miguel Petapa,Ama De Casa
301,45 - 54 Años,Femenino,Chiquimula,Chiquimula,Profesional Independiente
302,45 - 54 Años,Femenino,Guatemala,San Miguel Petapa,Empleado Privado
303,25 - 34 Años,Femenino,Guatemala,Villa Nueva,Empleado Privado
304,45 - 54 Años,Prefiero No Indicarlo,Guatemala,Guatemala,Empleado Privado
305,18 - 24 Años,Masculino,Guatemala,Santa Catarina Pinula,Empleado Público
306,18 - 24 Años,Femenino,Chiquimula,Otro Municipio,Empleado Público
307,35 - 44 Años,Masculino,Quetzaltenango,Quetzaltenango,Empleado Privado
308,Menos De 18 Años,Masculino,Guatemala,San Miguel Petapa,Jubilado
309,18 - 24 Años,Femenino,Quetzaltenango,Olintepeque,Empleado Privado
310,55 Años O Más,Femenino,Guatemala,Santa Catarina Pinula,Empleado Privado
311,Menos De 18 Años,Femenino,Baja Verapaz,Baja Verapaz,Empleado Privado
312,Menos De 18 Años,Femenino,Guatemala,Guatemala,Comerciante
313,18 - 24 Años,Femenino,Quiché,Cabecera Municipal,Empleado Privado
314,25 - 34 Años,Masculino,Jalapa,Cabecera Municipal,Ama De Casa
315,35 - 44 Años,Femenino,Guatemala,Santa Catarina Pinula,Comerciante
316,45 - 54 Años,Masculino,Guatemala,Guatemala,Empleado Público
317,25 - 34 Años,Masculino,Baja Verapaz,Baja Verapaz,Ama De Casa
318,18 - 24 Años,Femenino,Quetzaltenango,Quetzaltenango,Empleado Privado
319,25 - 34 Años,Femenino,Guatemala,Mixco,Empleado Privado
320,25 - 34 Años,Masculino,Totonicapán,Otro Municipio,Ama De Casa
321,25 - 34 Años,Masculino,Suchitepéquez,Cabecera Municipal,Empleado Privado
322,Menos De 18 Años,Masculino,Guatemala,Villa Nueva,Empleado Público
323,35 - 44 Años,Femenino,Guatemala,Villa Nueva,Comerciante
324,45 - 54 Años,Femenino,Chimaltenango,Chimaltenango,No Indicado
325,25 - 34 Años,Masculino,San Marcos,Otro Municipio,Jubilado
326,25 - 34 Años,Masculino,Baja Verapaz,Cabecera Municipal,Profesional Independiente
327,25 - 34 Años,Masculino,Guatemala,San Miguel Petapa,Empleado Privado
328,Menos De 18 Años,Masculino,Chimaltenango,Tecpán Guatemala,Estudiante
329,35 - 44 Años,Masculino,Petén,Poptún,Empleado Privado
330,45 - 54 Años,Femenino,Guatemala,Villa Nueva,Empresario
331,35 - 44 Años,Masculino,Quetzaltenango,Coatepeque,Ama De Casa
332,25 - 34 Años,Femenino,Chimaltenango,Chimaltenango,Profesional Independiente
333,18 - 24 Años,Masculino,Guatemala,Mixco,Empleado Público
334,45 - 54 Años,Femenino,Guatemala,Guatemala,Comerciante
335,35 - 44 Años,Masculino,Petén,Flores,Empleado Privado
336,Menos De 18 Años,Femenino,Totonicapán,Totonicapán,Profesional Independiente
337,55 Años O Más,Masculino,Escuintla,,Empleado Público
338,25 - 34 Años,Femenino,Alta Verapaz,Otro Municipio,Empresario
339,25 - 34 Años,Masculino,Jalapa,Jalapa,Comerciante
340,25 - 34 Años,Masculino,Chimaltenango,Patzún,Empleado Público
341,25 - 34 Años,Masculino,Baja Verapaz,,Empleado Privado
342,35 - 44 Años,Masculino,Sololá,Cabecera Municipal,Profesional Independiente
343,45 - 54 Años,Masculino,Santa Rosa,Santa Rosa,Empleado Privado
344,25 - 34 Años,Femenino,Sacatepéquez,Antigua Guatemala,Profesional Independiente
345,18 - 24 Años,Femenino,Guatemala,Guatemala,Comerciante
346,45 - 54 Años,Femenino,Sololá,Cabecera Municipal,Profesional Independiente
347,18 - 24 Años,Femenino,Guatemala,San Miguel Petapa,Empleado Privado
348,18 - 24 Años,Masculino,Guatemala,Mixco,Empleado Privado
1960,18 - 24 Años,Femenino,Guatemala,Villa Nueva,Empleado Privado
350,35 - 44 Años,Femenino,Santa Rosa,Cabecera Municipal,Empleado Privado
351,18 - 24 Años,Femenino,Guatemala,Santa Catarina Pinula,Empleado Privado
352,25 - 34 Años,Masculino,Guatemala,Mixco,Empleado Privado
353,18 - 24 Años,Masculino,San Marcos,Otro Municipio,Profesional Independiente
354,18 - 24 Años,Femenino,Escuintla,Palín,Ama De Casa
355,35 - 44 Años,Masculino,Guatemala,Guatemala,Otro
356,25 - 34 Años,Masculino,Sacatepéquez,Jocotenango,Estudiante
357,18 - 24 Años,Femenino,Sacatepéquez,Antigua Guatemala,Empleado Privado
358,25 - 34 Años,Femenino,Izabal,Izabal,Estudiante
359,25 - 34 Años,Femenino,Guatemala,Villa Nueva,Otro
360,55 Años O Más,Prefiero No Indicarlo,Sacatepéquez,Ciudad Vieja,Estudiante
361,45 - 54 Años,Femenino,Guatemala,Santa Catarina Pinula,Empleado Público
362,Menos De 18 Años,Masculino,Escuintla,Escuintla,Ama De Casa
363,18 - 24 Años,Femenino,Guatemala,Santa Catarina Pinula,Empleado Privado
364,18 - 24 Años,Masculino,Guatemala,Villa Nueva,Empleado Privado
365,18 - 24 Años,Masculino,Petén,San Benito,Empresario
366,25 - 34 Años,Femenino,Guatemala,Villa Nueva,Ama De Casa
367,35 - 44 Años,Masculino,Escuintla,Escuintla,Empleado Privado
368,35 - 44 Años,Masculino,Escuintla,Escuintla,Empleado Privado
369,25 - 34 Años,Femenino,Guatemala,Guatemala,Ama De Casa
370,18 - 24 Años,Femenino,Quetzaltenango,,Empleado Privado
371,45 - 54 Años,Masculino,Guatemala,Santa Catarina Pinula,Empleado Privado
372,35 - 44 Años,Masculino,Guatemala,Santa Catarina Pinula,Empleado Privado
373,25 - 34 Años,Femenino,Guatemala,Mixco,Comerciante
374,55 Años O Más,Femenino,Guatemala,Santa Catarina Pinula,Profesional Independiente
375,18 - 24 Años,Masculino,Quetzaltenango,Quetzaltenango,Profesional Independiente
376,Menos De 18 Años,Masculino,Sacatepéquez,Antigua Guatemala,Comerciante
377,18 - 24 Años,Masculino,Escuintla,Escuintla,Empresario
378,55 Años O Más,Femenino,Izabal,Izabal,Empresario
379,25 - 34 Años,Femenino,Quetzaltenango,Olintepeque,Estudiante
380,18 - 24 Años,Femenino,Escuintla,Santa Lucía Cotzumalguapa,Ama De Casa
381,55 Años O Más,Femenino,Guatemala,Villa Nueva,Empleado Privado
382,25 - 34 Años,Masculino,Huehuetenango,Otro Municipio,Comerciante
383,35 - 44 Años,Femenino,Guatemala,Mixco,Empleado Privado
384,25 - 34 Años,Masculino,Guatemala,San Miguel Petapa,Comerciante
385,35 - 44 Años,Masculino,Guatemala,San Miguel Petapa,Empleado Privado
386,18 - 24 Años,Masculino,Guatemala,,Empleado Privado
387,25 - 34 Años,Masculino,Guatemala,Guatemala,Estudiante
388,25 - 34 Años,Femenino,Guatemala,Santa Catarina Pinula,Empleado Público
389,Menos De 18 Años,Masculino,Escuintla,Escuintla,Empresario
390,Menos De 18 Años,Femenino,Guatemala,Mixco,Estudiante
391,35 - 44 Años,Femenino,Guatemala,Santa Catarina Pinula,Empleado Privado
392,45 - 54 Años,Masculino,Guatemala,Villa Nueva,Profesional Independiente
393,18 - 24 Años,Masculino,Guatemala,Guatemala,Empleado Privado
394,18 - 24 Años,Masculino,Escuintla,Santa Lucía Cotzumalguapa,Empresario
395,25 - 34 Años,Femenino,Alta Verapaz,Cabecera Municipal,Ama De Casa
396,18 - 24 Años,Femenino,Chimaltenango,Patzún,Estudiante
397,55 Años O Más,Femenino,Guatemala,Santa Catarina Pinula,Empleado Privado
398,35 - 44 Años,Femenino,Sacatepéquez,Ciudad Vieja,Comerciante
399,Menos De 18 Años,Masculino,Totonicapán,Totonicapán,Profesional Independiente
400,18 - 24 Años,Masculino,Quetzaltenango,Olintepeque,Empleado Privado
401,18 - 24 Años,Masculino,Sacatepéquez,Jocotenango,Estudiante
402,55 Años O Más,Femenino,Guatemala,Villa Nueva,Empleado Privado
403,25 - 34 Años,Masculino,Quetzaltenango,Coatepeque,Otro
404,Menos De 18 Años,Femenino,Chimaltenango,Patzún,Comerciante
405,45 - 54 Años,Femenino,Guatemala,Villa Nueva,Empresario
406,25 - 34 Años,Masculino,Guatemala,Santa Catarina Pinula,Empleado Privado
407,25 - 34 Años,Prefiero No Indicarlo,Chiquimula,Chiquimula,Empresario
408,25 - 34 Años,Femenino,Guatemala,San Miguel Petapa,Profesional Independiente
409,25 - 34 Años,Femenino,Petén,Poptún,Comerciante
410,18 - 24 Años,Masculino,Guatemala,Guatemala,Empleado Privado
411,18 - 24 Años,Masculino,Guatemala,Guatemala,Empleado Privado
412,25 - 34 Años,Femenino,Quiché,Quiché,Empleado Privado
413,45 - 54 Años,Femenino,Zacapa,Cabecera Municipal,Empleado Privado
414,55 Años O Más,Femenino,Guatemala,Mixco,Empleado Público
415,18 - 24 Años,Femenino,Sacatepéquez,Antigua Guatemala,Empleado Privado
416,25 - 34 Años,Masculino,Quetzaltenango,Quetzaltenango,Empleado Público
417,45 - 54 Años,Masculino,Jalapa,Jalapa,Estudiante
418,55 Años O Más,Femenino,Guate,Guatemala,Empleado Privado
97,25 - 34 Años,Masculino,El Progreso,El Progreso,Jubilado
420,25 - 34 Años,Femenino,Quetzaltenango,Quetzaltenango,Empleado Privado
421,18 - 24 Años,Femenino,Guatemala,San Miguel Petapa,Empleado Privado
422,18 - 24 Años,Masculino,Guatemala,Guatemala,Profesional Independiente
423,25 - 34 Años,Masculino,Guatemala,Santa Catarina Pinula,Comerciante
424,25 - 34 Años,Femenino,Sololá,Sololá,Ama De Casa
425,45 - 54 Años,Masculino,Chimaltenango,Chimaltenango,Comerciante
426,25 - 34 Años,Femenino,Huehuetenango,Cabecera Municipal,Ama De Casa
427,25 - 34 Años,Masculino,Guatemala,Mixco,Empleado Privado
428,Menos De 18 Años,Masculino,Guatemala,Mixco,Otro
429,25 - 34 Años,Femenino,Chimaltenango,Chimaltenango,Estudiante
430,35 - 44 Años,Femenino,Guatemala,Mixco,No Indicado
431,45 - 54 Años,Masculino,Guatemala,Villa Nueva,Otro
432,18 - 24 Años,Masculino,Jalapa,Cabecera Municipal,Comerciante
433,55 Años O Más,Femenino,Escuintla,Santa Lucía Cotzumalguapa,Empleado Público
434,18 - 24 Años,Femenino,Chimaltenango,Patzún,Empleado Público
435,25 - 34 Años,Masculino,Guatemala,Mixco,Empleado Privado
436,55 Años O Más,Femenino,Quetzaltenango,Olintepeque,Empleado Privado
437,55 Años O Más,Masculino,Baja Verapaz,Cabecera Municipal,Comerciante
438,55 Años O Más,Masculino,Guatemala,San Miguel Petapa,Empleado Privado
439,18 - 24 Años,Femenino,Escuintla,Santa Lucía Cotzumalguapa,Empresario
440,18 - 24 Años,Masculino,Guatemala,San Miguel Petapa,Empleado Privado
441,25 - 34 Años,Masculino,Baja Verapaz,Otro Municipio,Ama De Casa
442,25 - 34 Años,Femenino,Guatemala,San Miguel Petapa,Empleado Privado
443,25 - 34 Años,Masculino,Jalapa,Otro Municipio,Estudiante
444,25 - 34 Años,Femenino,San Marcos,San Marcos,Empleado Privado
445,25 - 34 Años,Femenino,Escuintla,Palín,Empleado Privado
446,45 - 54 Años,Femenino,Escuintla,Palín,Ama De Casa
447,25 - 34 Años,Masculino,Guatemala,Santa Catarina Pinula,Empleado Público
448,25 - 34 Años,Femenino,Escuintla,Escuintla,Empleado Privado
449,25 - 34 Años,Femenino,Alta Verapaz,Cabecera Municipal,Empleado Privado
1193,25 - 34 Años,Masculino,Sacatepéquez,Sumpango,Empleado Privado
451,18 - 24 Años,Masculino,Guatemala,Guatemala,No Indicado
452,18 - 24 Años,Masculino,Suchitepéquez,Otro Municipio,Comerciante
453,25 - 34 Años,Masculino,Quiché,Cabecera Municipal,Comerciante
454,45 - 54 Años,Femenino,Petén,San Benito,Empleado Privado
455,25 - 34 Años,Femenino,Guatemala,Mixco,Estudiante
456,25 - 34 Años,Femenino,Guatemala,Santa Catarina Pinula,Empleado Público
457,55 Años O Más,Masculino,Guatemala,Guatemala,Jubilado
458,25 - 34 Años,Femenino,Guatemala,Santa Catarina Pinula,Estudiante
459,35 - 44 Años,Masculino,Quetzaltenango,Quetzaltenango,Empleado Público
460,25 - 34 Años,Femenino,Quiché,Cabecera Municipal,Otro
461,Menos De 18 Años,Femenino,Retalhuleu,Otro Municipio,Estudiante
462,25 - 34 Años,Femenino,Sacatepéquez,Jocotenango,Ama De Casa
463,25 - 34 Años,Masculino,Guatemala,San Miguel Petapa,Comerciante
1049,25 - 34 Años,Masculino,Sacatepéquez,Antigua Guatemala,Empleado Privado
465,18 - 24 Años,Femenino,Jutiapa,Otro Municipio,Comerciante
466,35 - 44 Años,Femenino,Escuintla,Palín,Empleado Privado
467,18 - 24 Años,Femenino,Guatemala,Santa Catarina Pinula,Empleado Privado
468,45 - 54 Años,Masculino,Quetzaltenango,Coatepeque,Otro
469,25 - 34 Años,Femenino,Chimaltenango,Tecpán Guatemala,Otro
470,18 - 24 Años,Masculino,Chimaltenango,Chimaltenango,Ama De Casa
471,25 - 34 Años,Femenino,Guatemala,Mixco,Estudiante
472,18 - 24 Años,Masculino,Guatemala,Mixco,Estudiante
473,25 - 34 Años,Femenino,Zacapa,Otro Municipio,Comerciante
2439,18 - 24 Años,Femenino,Guatemala,Mixco,Estudiante
475,Menos De 18 Años,Masculino,Quetzaltenango,Coatepeque,Empleado Privado
476,25 - 34 Años,Masculino,Guatemala,Santa Catarina Pinula,Estudiante
477,35 - 44 Años,Femenino,Guatemala,Guatemala,Profesional Independiente
478,35 - 44 Años,Femenino,Guatemala,Santa Catarina Pinula,Estudiante
479,35 - 44 Años,Masculino,Totonicapán,Cabecera Municipal,Profesional Independiente
480,18 - 24 Años,Femenino,Santa Rosa,Santa Rosa,Empleado Público
481,25 - 34 Años,Masculino,Guatemala,Santa Catarina Pinula,Empresario
482,25 - 34 Años,Masculino,Guatemala,Santa Catarina Pinula,Empleado Privado
483,25 - 34 Años,Femenino,Izabal,Izabal,Empleado Privado
484,55 Años O Más,Femenino,El Progreso,Otro Municipio,Empleado Privado
485,45 - 54 Años,Femenino,Guatemala,Mixco,Empleado Privado
486,25 - 34 Años,Masculino,Guatemala,Guatemala,Estudiante
487,18 - 24 Años,Masculino,Jalapa,Jalapa,Empleado Privado
488,45 - 54 Años,Femenino,Guatemala,San Miguel Petapa,Estudiante
489,18 - 24 Años,Masculino,Jalapa,Cabecera Municipal,Empleado Privado
490,55 Años O Más,Prefiero No Indicarlo,Chimaltenango,Patzún,Empleado Privado
491,18 - 24 Años,Femenino,Guatemala,Villa Nueva,Profesional Independiente
492,45 - 54 Años,Masculino,Guatemala,Guatemala,Empleado Privado
493,45 - 54 Años,Femenino,Chimaltenango,Patzún,Estudiante
494,25 - 34 Años,Masculino,Guatemala,San Miguel Petapa,Empleado Privado
495,35 - 44 Años,Masculino,Huehuetenango,Cabecera Municipal,Empleado Privado
496,18 - 24 Años,Masculino,Chimaltenango,Chimaltenango,Estudiante
497,18 - 24 Años,Masculino,Chimaltenango,Tecpán Guatemala,Profesional Independiente
498,Menos De 18 Años,Masculino,Escuintla,Palín,Estudiante
499,25 - 34 Años,Masculino,El Progreso,El Progreso,Empleado Privado
500,35 - 44 Años,Masculino,San Marcos,San Marcos,Empleado Privado
501,18 - 24 Años,Masculino,Chimaltenango,Patzún,Empleado Privado
502,25 - 34 Años,Masculino,Suchitepéquez,Otro Municipio,Empresario
503,25 - 34 Años,Femenino,Quetzaltenango,Coatepeque,Ama De Casa
504,25 - 34 Años,Masculino,Quetzaltenango,Quetzaltenango,Profesional Independiente
505,45 - 54 Años,Masculino,Guatemala,Santa Catarina Pinula,Estudiante
506,Menos De 18 Años,Femenino,Guatemala,Guatemala,Empleado Privado
507,55 Años O Más,Masculino,Petén,San Benito,Empleado Privado
508,35 - 44 Años,Femenino,Guatemala,Mixco,Ama De Casa
509,35 - 44 Años,Masculino,Guatemala,Guatemala,Jubilado
510,18 - 24 Años,Masculino,Guatemala,Villa Nueva,Estudiante
511,35 - 44 Años,Masculino,Guatemala,Guatemala,No Indicado
512,55 Años O Más,Femenino,Suchitepéquez,,Empleado Público
513,35 - 44 Años,Masculino,Sacatepéquez,Antigua Guatemala,Otro
514,35 - 44 Años,Prefiero No Indicarlo,Guatemala,Mixco,Comerciante
515,18 - 24 Años,Masculino,Guatemala,Mixco,Empleado Privado
516,35 - 44 Años,Masculino,Sacatepéquez,Sumpango,Profesional Independiente
517,18 - 24 Años,Masculino,Chimaltenango,Tecpán Guatemala,Profesional Independiente
518,Menos De 18 Años,Femenino,Sacatepéquez,Sumpango,Otro
519,25 - 34 Años,Femenino,Escuintla,Palín,Comerciante
520,55 Años O Más,Masculino,Guatemala,San Miguel Petapa,Empleado Público
521,45 - 54 Años,Masculino,Sacatepéquez,Jocotenango,Empleado Privado
522,25 - 34 Años,Femenino,Zacapa,Cabecera Municipal,Jubilado
523,25 - 34 Años,Masculino,Quetzaltenango,Coatepeque,Empleado Privado
524,35 - 44 Años,Masculino,Guatemala,Villa Nueva,Estudiante
525,25 - 34 Años,Masculino,Guatemala,Mixco,Empresario
526,Menos De 18 Años,Femenino,Guatemala,Santa Catarina Pinula,Comerciante
527,18 - 24 Años,Masculino,Jutiapa,Jutiapa,Empleado Privado
528,18 - 24 Años,Masculino,Sololá,Otro Municipio,Comerciante
529,25 - 34 Años,Femenino,Guatemala,Villa Nueva,Estudiante
530,25 - 34 Años,Masculino,Retalhuleu,Cabecera Municipal,Profesional Independiente
531,18 - 24 Años,Femenino,Jalapa,Otro Municipio,Empresario
532,35 - 44 Años,Femenino,Guatemala,San Miguel Petapa,Estudiante
533,55 Años O Más,Femenino,Guatemala,Villa Nueva,No Indicado
534,55 Años O Más,Masculino,Guatemala,San Miguel Petapa,Estudiante
535,25 - 34 Años,Masculino,Sacatepéquez,Antigua Guatemala,Otro
536,25 - 34 Años,Femenino,Chimaltenango,Chimaltenango,Profesional Independiente
537,25 - 34 Años,Masculino,Escuintla,Santa Lucía Cotzumalguapa,Empleado Privado
538,35 - 44 Años,Femenino,Guatemala,San Miguel Petapa,Empresario
539,18 - 24 Años,Masculino,Guatemala,Villa Nueva,Ama De Casa
540,35 - 44 Años,Femenino,San Marcos,Cabecera Municipal,Comerciante
541,18 - 24 Años,Masculino,Guatemala,San Miguel Petapa,Comerciante
542,Menos De 18 Años,Femenino,Guatemala,San Miguel Petapa,Ama De Casa
543,18 - 24 Años,Masculino,Guatemala,San Miguel Petapa,Profesional Independiente
544,25 - 34 Años,Femenino,Quetzaltenango,,Comerciante
545,25 - 34 Años,Femenino,Quetzaltenango,Quetzaltenango,Empleado Privado
546,45 - 54 Años,Femenino,Guatemala,Villa Nueva,Empresario
547,18 - 24 Años,Masculino,Guatemala,Santa Catarina Pinula,Empresario
548,18 - 24 Años,Femenino,Sacatepéquez,Jocotenango,Ama De Casa
549,35 - 44 Años,Masculino,Guatemala,Santa Catarina Pinula,Empleado Privado
550,25 - 34 Años,Masculino,Guatemala,San Miguel Petapa,Empleado Público
551,55 Años O Más,Masculino,Izabal,Izabal,Empleado Público
552,18 - 24 Años,Masculino,Quetzaltenango,Coatepeque,Empleado Privado
553,45 - 54 Años,Prefiero No Indicarlo,El Progreso,Cabecera Municipal,Estudiante
554,18 - 24 Años,Masculino,Guatemala,San Miguel Petapa,Empresario
555,18 - 24 Años,Femenino,Baja Verapaz,Baja Verapaz,Comerciante
556,Menos De 18 Años,Femenino,Suchitepéquez,Suchitepéquez,Profesional Independiente
557,55 Años O Más,Femenino,Sacatepéquez,Antigua Guatemala,Empleado Público
558,18 - 24 Años,Femenino,Jutiapa,Otro Municipio,Empleado Privado
559,45 - 54 Años,Masculino,Escuintla,Palín,Empleado Privado
560,Menos De 18 Años,Femenino,Guatemala,Villa Nueva,Estudiante
561,45 - 54 Años,Femenino,Guatemala,Guatemala,Empleado Público
562,55 Años O Más,Femenino,Sacatepéquez,Ciudad Vieja,Empleado Público
563,45 - 54 Años,Femenino,Quetzaltenango,Olintepeque,Estudiante
564,55 Años O Más,Femenino,Chimaltenango,Chimaltenango,Empleado Privado
565,Menos De 18 Años,Femenino,Guatemala,Villa Nueva,Estudiante
566,35 - 44 Años,Femenino,Huehuetenango,Otro Municipio,Empleado Privado
567,35 - 44 Años,Femenino,Guatemala,San Miguel Petapa,Empleado Privado
568,45 - 54 Años,Masculino,Guatemala,Villa Nueva,Empleado Público
569,35 - 44 Años,Femenino,Guatemala,Villa Nueva,Profesional Independiente
570,35 - 44 Años,Masculino,Guatemala,San Miguel Petapa,Ama De Casa
571,25 - 34 Años,Femenino,Guatemala,San Miguel Petapa,Estudiante
572,18 - 24 Años,Femenino,Chimaltenango,Tecpán Guatemala,Estudiante
573,18 - 24 Años,Masculino,Escuintla,Palín,Otro
574,18 - 24 Años,Femenino,Guatemala,Mixco,Empleado Público
575,18 - 24 Años,Masculino,Izabal,Otro Municipio,Empleado Público
576,18 - 24 Años,Masculino,El Progreso,Cabecera Municipal,Empleado Privado
577,Menos De 18 Años,Masculino,Guatemala,Mixco,Estudiante
578,18 - 24 Años,Prefiero No Indicarlo,Jalapa,Cabecera Municipal,Estudiante
579,25 - 34 Años,Masculino,Guatemala,Guatemala,Estudiante
580,Menos De 18 Años,Femenino,Guatemala,San Miguel Petapa,Estudiante
581,18 - 24 Años,Femenino,Guatemala,,Empresario
582,35 - 44 Años,Masculino,Suchitepéquez,Suchitepéquez,Profesional Independiente
583,25 - 34 Años,Masculino,Guatemala,Mixco,Empleado Privado
584,55 Años O Más,Masculino,Chimaltenango,Patzún,Empleado Privado
585,25 - 34 Años,Masculino,Sacatepéquez,Jocotenango,Profesional Independiente
586,45 - 54 Años,Masculino,Jutiapa,Jutiapa,Empleado Privado
587,35 - 44 Años,Femenino,Zacapa,Cabecera Municipal,Comerciante
588,18 - 24 Años,Masculino,Escuintla,Escuintla,Comerciante
589,25 - 34 Años,Femenino,Huehuetenango,Huehuetenango,Empleado Privado
590,18 - 24 Años,Masculino,Quetzaltenango,Coatepeque,Ama De Casa
591,25 - 34 Años,Femenino,Guatemala,Santa Catarina Pinula,Jubilado
592,18 - 24 Años,Masculino,Quetzaltenango,Olintepeque,Comerciante
593,Menos De 18 Años,Femenino,Guatemala,Mixco,Empleado Privado
594,35 - 44 Años,Masculino,Guatemala,Mixco,Empresario
595,45 - 54 Años,Femenino,Guatemala,San Miguel Petapa,No Indicado
596,25 - 34 Años,Masculino,Quetzaltenango,Coatepeque,Estudiante
597,Menos De 18 Años,Femenino,Chimaltenango,Chimaltenango,Comerciante
598,Menos De 18 Años,Masculino,Sacatepéquez,Antigua Guatemala,Empleado Privado
599,25 - 34 Años,Femenino,Guatemala,Villa Nueva,Empleado Privado
600,45 - 54 Años,Femenino,Guatemala,Santa Catarina Pinula,Ama De Casa
601,18 - 24 Años,Masculino,Suchitepéquez,Otro Municipio,Comerciante
602,45 - 54 Años,Masculino,Chimaltenango,Tecpán Guatemala,Empleado Privado
603,35 - 44 Años,Femenino,Guatemala,San Miguel Petapa,Empresario
604,Menos De 18 Años,Femenino,Chimaltenango,Patzún,Estudiante
605,25 - 34 Años,Femenino,Chimaltenango,Tecpán Guatemala,Estudiante
606,25 - 34 Años,Femenino,Quetzaltenango,Coatepeque,Empleado Privado
607,Menos De 18 Años,Masculino,Huehuetenango,Huehuetenango,Empleado Privado
608,25 - 34 Años,Masculino,Guatemala,Mixco,Ama De Casa
609,18 - 24 Años,Femenino,Quetzaltenango,Olintepeque,Empleado Privado
1416,45 - 54 Años,Masculino,Huehuetenango,Otro Municipio,Empleado Privado
611,45 - 54 Años,Femenino,Jalapa,Otro Municipio,Profesional Independiente
612,35 - 44 Años,Femenino,Guatemala,Villa Nueva,Profesional Independiente
613,25 - 34 Años,Masculino,Escuintla,Palín,Comerciante
614,45 - 54 Años,Femenino,Guatemala,Santa Catarina Pinula,Ama De Casa
615,18 - 24 Años,Masculino,Guatemala,Villa Nueva,Jubilado
1472,45 - 54 Años,Femenino,Chimaltenango,Chimaltenango,Empleado Público
617,35 - 44 Años,Femenino,Jutiapa,Otro Municipio,Empleado Privado
618,18 - 24 Años,Femenino,Sololá,Sololá,Empleado Privado
619,35 - 44 Años,Masculino,Sacatepéquez,Jocotenango,Empleado Privado
620,25 - 34 Años,Masculino,San Marcos,Cabecera Municipal,Jubilado
621,Menos De 18 Años,Femenino,Escuintla,Escuintla,Estudiante
622,35 - 44 Años,Femenino,Guatemala,Villa Nueva,Empleado Privado
623,18 - 24 Años,Masculino,Guatemala,Villa Nueva,Empleado Privado
624,Menos De 18 Años,Masculino,Petén,Poptún,Estudiante
625,18 - 24 Años,Femenino,Izabal,Otro Municipio,Estudiante
626,18 - 24 Años,Masculino,Guatemala,Mixco,Empleado Privado
627,25 - 34 Años,Masculino,Guatemala,Mixco,Estudiante
628,25 - 34 Años,Masculino,Guatemala,Mixco,Empleado Privado
629,18 - 24 Años,Masculino,Izabal,Cabecera Municipal,Empleado Privado
630,55 Años O Más,Masculino,Baja Verapaz,Baja Verapaz,Comerciante
631,18 - 24 Años,Masculino,Guatemala,Guatemala,Profesional Independiente
632,25 - 34 Años,Femenino,Guatemala,Mixco,Empleado Privado
633,45 - 54 Años,Masculino,Sacatepéquez,Jocotenango,Ama De Casa
634,35 - 44 Años,Masculino,Chimaltenango,Chimaltenango,Empleado Privado
635,35 - 44 Años,Masculino,Guatemala,Villa Nueva,Empleado Público
636,55 Años O Más,Masculino,Jutiapa,Jutiapa,Estudiante
637,18 - 24 Años,Femenino,Escuintla,Santa Lucía Cotzumalguapa,Empleado Privado
638,18 - 24 Años,Masculino,Sacatepéquez,Antigua Guatemala,Empleado Privado
639,25 - 34 Años,Femenino,Guatemala,Villa Nueva,Estudiante
640,45 - 54 Años,Femenino,El Progreso,Otro Municipio,Estudiante
641,18 - 24 Años,Masculino,Jutiapa,Cabecera Municipal,Estudiante
642,Menos De 18 Años,Femenino,San Marcos,San Marcos,Empleado Público
643,55 Años O Más,Femenino,Baja Verapaz,Cabecera Municipal,Ama De Casa
644,25 - 34 Años,Masculino,Guatemala,Mixco,Empleado Privado
645,18 - 24 Años,Masculino,Quetzaltenango,Olintepeque,Otro
646,18 - 24 Años,Femenino,Quetzaltenango,Coatepeque,Estudiante
647,25 - 34 Años,Femenino,Escuintla,Escuintla,Comerciante
648,Menos De 18 Años,Femenino,Guatemala,Santa Catarina Pinula,Empleado Privado
649,55 Años O Más,Femenino,Guatemala,Villa Nueva,Estudiante
650,18 - 24 Años,Masculino,Suchitepéquez,Otro Municipio,Comerciante
651,25 - 34 Años,Femenino,Guatemala,Villa Nueva,Ama De Casa
652,35 - 44 Años,Femenino,Chimaltenango,Tecpán Guatemala,Empresario
653,55 Años O Más,Femenino,Alta Verapaz,Otro Municipio,Comerciante
654,35 - 44 Años,Masculino,Chimaltenango,Tecpán Guatemala,Profesional Independiente
655,45 - 54 Años,Femenino,Guatemala,,Comerciante
656,Menos De 18 Años,Masculino,Xela,Olintepeque,Estudiante
657,25 - 34 Años,Masculino,Guatemala,Santa Catarina Pinula,Estudiante
658,45 - 54 Años,Masculino,Chimaltenango,Tecpán Guatemala,Ama De Casa
659,25 - 34 Años,Femenino,Quiché,,Comerciante
660,35 - 44 Años,Femenino,Guatemala,Guatemala,Estudiante
661,45 - 54 Años,Femenino,Zacapa,Cabecera Municipal,Empleado Privado
662,25 - 34 Años,Masculino,Guatemala,San Miguel Petapa,Estudiante
663,25 - 34 Años,Masculino,Chimaltenango,Chimaltenango,Estudiante
664,35 - 44 Años,Masculino,Sacatepéquez,Antigua Guatemala,Jubilado
665,25 - 34 Años,Masculino,Chimaltenango,Tecpán Guatemala,Empresario
666,Menos De 18 Años,Femenino,Guatemala,Mixco,Comerciante
667,35 - 44 Años,Femenino,Chimaltenango,Patzún,Empleado Privado
668,35 - 44 Años,Masculino,Baja Verapaz,Baja Verapaz,Empleado Privado
669,35 - 44 Años,Prefiero No Indicarlo,Guatemala,San Miguel Petapa,Empresario
670,18 - 24 Años,Masculino,Guatemala,Guatemala,Estudiante
671,18 - 24 Años,Masculino,Chimaltenango,Patzún,Empleado Público
672,25 - 34 Años,Femenino,Alta Verapaz,Alta Verapaz,Empleado Privado
673,35 - 44 Años,Masculino,Guatemala,Santa Catarina Pinula,Empleado Privado
674,25 - 34 Años,Masculino,El Progreso,El Progreso,Otro
675,25 - 34 Años,Femenino,Escuintla,Palín,Estudiante
676,45 - 54 Años,Masculino,Retalhuleu,Retalhuleu,Empleado Privado
677,55 Años O Más,Femenino,Suchitepéquez,Cabecera Municipal,Empleado Privado
678,45 - 54 Años,Femenino,Guatemala,Santa Catarina Pinula,Ama De Casa
679,Menos De 18 Años,Masculino,Sacatepéquez,Ciudad Vieja,No Indicado
680,55 Años O Más,Masculino,Escuintla,Palín,Ama De Casa
681,18 - 24 Años,Masculino,Retalhuleu,Retalhuleu,Otro
682,25 - 34 Años,Femenino,Guatemala,Santa Catarina Pinula,Empleado Privado
683,35 - 44 Años,Femenino,Sololá,Cabecera Municipal,Empleado Privado
684,18 - 24 Años,Femenino,Suchitepéquez,Otro Municipio,Empleado Privado
685,35 - 44 Años,Femenino,Jutiapa,Otro Municipio,Jubilado
686,25 - 34 Años,Masculino,Escuintla,Santa Lucía Cotzumalguapa,Empleado Privado
687,25 - 34 Años,Masculino,Sacatepéquez,Jocotenango,Otro
688,25 - 34 Años,Masculino,Guatemala,San Miguel Petapa,Estudiante
689,18 - 24 Años,Femenino,Suchitepéquez,Cabecera Municipal,Profesional Independiente
1961,18 - 24 Años,Masculino,Guatemala,Guatemala,Empleado Privado
691,25 - 34 Años,Femenino,Huehuetenango,,Profesional Independiente
692,25 - 34 Años,Femenino,Sololá,Sololá,Empleado Privado
693,Menos De 18 Años,Femenino,Guatemala,Villa Nueva,Comerciante
694,45 - 54 Años,Masculino,Guatemala,Villa Nueva,Empleado Privado
695,Menos De 18 Años,Masculino,El Progreso,Cabecera Municipal,Empresario
696,35 - 44 Años,Masculino,Guatemala,Mixco,Profesional Independiente
697,18 - 24 Años,Femenino,Santa Rosa,Cabecera Municipal,Empleado Público
698,18 - 24 Años,Masculino,Chimaltenango,Patzún,Empleado Privado
699,18 - 24 Años,Masculino,Alta Verapaz,Cabecera Municipal,Empleado Privado
700,35 - 44 Años,Femenino,Guatemala,Guatemala,Profesional Independiente
701,45 - 54 Años,Masculino,Totonicapán,Otro Municipio,Comerciante
702,25 - 34 Años,Femenino,Guatemala,Mixco,Empleado Privado
703,18 - 24 Años,Masculino,Guatemala,San Miguel Petapa,Comerciante
704,25 - 34 Años,Femenino,Guatemala,Guatemala,Empleado Privado
705,18 - 24 Años,Masculino,Sacatepéquez,Ciudad Vieja,Empleado Privado
706,45 - 54 Años,Masculino,Guatemala,Guatemala,Otro
707,25 - 34 Años,Masculino,Guatemala,Guatemala,Ama De Casa
708,18 - 24 Años,Femenino,Guatemala,,Estudiante
709,25 - 34 Años,Femenino,El Progreso,Cabecera Municipal,Otro
710,25 - 34 Años,Femenino,Chimaltenango,Chimaltenango,Empleado Privado
711,55 Años O Más,Femenino,Sacatepéquez,Antigua Guatemala,Profesional Independiente
712,Menos De 18 Años,Femenino,Sacatepéquez,Antigua Guatemala,Empleado Privado
713,35 - 44 Años,Masculino,Guatemala,San Miguel Petapa,Estudiante
714,Menos De 18 Años,Masculino,Guatemala,Villa Nueva,No Indicado
715,25 - 34 Años,Masculino,Escuintla,Palín,Estudiante
716,35 - 44 Años,Masculino,Escuintla,Escuintla,Comerciante
717,18 - 24 Años,Masculino,Petén,San Benito,Empleado Privado
718,Menos De 18 Años,Femenino,Guatemala,San Miguel Petapa,Empresario
719,Menos De 18 Años,Femenino,Guatemala,,Estudiante
720,45 - 54 Años,Masculino,Jalapa,Cabecera Municipal,Empleado Público
721,45 - 54 Años,Masculino,Escuintla,Santa Lucía Cotzumalguapa,Comerciante
722,18 - 24 Años,Femenino,Guatemala,Santa Catarina Pinula,Estudiante
723,45 - 54 Años,Femenino,Sacatepéquez,Sumpango,Comerciante
724,Menos De 18 Años,Masculino,Guatemala,Villa Nueva,Empleado Privado
725,45 - 54 Años,Masculino,Guatemala,Villa Nueva,Estudiante
726,35 - 44 Años,Femenino,Huehuetenango,Otro Municipio,Comerciante
727,45 - 54 Años,Masculino,Guatemala,Guatemala,Estudiante
728,35 - 44 Años,Masculino,Guatemala,San Miguel Petapa,Empleado Privado
729,18 - 24 Años,Masculino,Quetzaltenango,Coatepeque,Empleado Privado
730,25 - 34 Años,Femenino,Totonicapán,Cabecera Municipal,Comerciante
731,35 - 44 Años,Femenino,Sacatepéquez,Sumpango,Profesional Independiente
732,25 - 34 Años,Femenino,Quetzaltenango,Coatepeque,Empleado Privado
733,25 - 34 Años,Masculino,Guatemala,Santa Catarina Pinula,Otro
734,35 - 44 Años,Masculino,Guatemala,San Miguel Petapa,Comerciante
735,18 - 24 Años,Masculino,Sacatepéquez,Sumpango,Comerciante
736,25 - 34 Años,Masculino,Guatemala,San Miguel Petapa,Estudiante
737,25 - 34 Años,Masculino,San Marcos,Cabecera Municipal,Estudiante
738,Menos De 18 Años,Masculino,Chimaltenango,Patzún,Estudiante
739,35 - 44 Años,Femenino,Sacatepéquez,Jocotenango,Empleado Privado
740,25 - 34 Años,Femenino,Quetzaltenango,Coatepeque,Comerciante
741,45 - 54 Años,Masculino,Sacatepéquez,Sumpango,Empleado Privado
742,45 - 54 Años,Femenino,Escuintla,Palín,Empleado Público
743,35 - 44 Años,Femenino,Guatemala,Guatemala,Empleado Privado
744,35 - 44 Años,Masculino,Guatemala,Villa Nueva,Empleado Privado
745,18 - 24 Años,Masculino,Xela,Coatepeque,Empleado Privado
746,18 - 24 Años,Femenino,Guatemala,Villa Nueva,Empleado Privado
747,18 - 24 Años,Masculino,El Progreso,Otro Municipio,Empleado Público
748,25 - 34 Años,Prefiero No Indicarlo,Quetzaltenango,Olintepeque,Empleado Privado
749,25 - 34 Años,Femenino,Suchitepéquez,Suchitepéquez,Empresario
750,25 - 34 Años,Femenino,Sacatepéquez,Ciudad Vieja,Empleado Público
751,18 - 24 Años,Femenino,Santa Rosa,Santa Rosa,Empleado Público
752,35 - 44 Años,Masculino,Chimaltenango,Chimaltenango,Estudiante
753,18 - 24 Años,Femenino,Escuintla,Escuintla,Comerciante
754,25 - 34 Años,Femenino,Guatemala,Villa Nueva,Estudiante
755,55 Años O Más,Masculino,Guatemala,Mixco,Empresario
756,25 - 34 Años,Masculino,Suchitepéquez,Cabecera Municipal,Empleado Privado
757,18 - 24 Años,Femenino,Chimaltenango,Patzún,Empleado Público
758,35 - 44 Años,Femenino,Guatemala,Guatemala,Empleado Privado
759,55 Años O Más,Femenino,Escuintla,Santa Lucía Cotzumalguapa,Estudiante
760,18 - 24 Años,Femenino,Guatemala,Mixco,Profesional Independiente
761,35 - 44 Años,Masculino,Huehuetenango,Otro Municipio,Empleado Privado
762,45 - 54 Años,Masculino,Guatemala,Guatemala,Empresario
763,18 - 24 Años,Masculino,Guatemala,Guatemala,Empleado Privado
764,25 - 34 Años,Femenino,Quetzaltenango,Coatepeque,Empleado Público
765,35 - 44 Años,Masculino,Guatemala,San Miguel Petapa,Empleado Privado
766,18 - 24 Años,Femenino,Alta Verapaz,Cabecera Municipal,Empresario
767,18 - 24 Años,Masculino,Jalapa,,Empleado Público
768,35 - 44 Años,Femenino,Chimaltenango,Patzún,No Indicado
769,25 - 34 Años,Femenino,Guatemala,San Miguel Petapa,Empleado Privado
770,25 - 34 Años,Masculino,Sacatepéquez,Ciudad Vieja,Empleado Privado
771,35 - 44 Años,Masculino,Guatemala,San Miguel Petapa,Comerciante
772,18 - 24 Años,Femenino,Guatemala,San Miguel Petapa,Empleado Privado
773,Menos De 18 Años,Masculino,Jutiapa,Cabecera Municipal,Profesional Independiente
774,35 - 44 Años,Masculino,Guatemala,Santa Catarina Pinula,Profesional Independiente
775,25 - 34 Años,Masculino,Baja Verapaz,Otro Municipio,Empleado Público
776,25 - 34 Años,Masculino,Jutiapa,Otro Municipio,Comerciante
777,18 - 24 Años,Femenino,Guatemala,San Miguel Petapa,Estudiante
778,18 - 24 Años,Femenino,Guatemala,Guatemala,Empleado Privado
779,18 - 24 Años,Masculino,Quetzaltenango,Olintepeque,Empleado Privado
780,18 - 24 Años,Masculino,Guatemala,Guatemala,Empleado Privado
781,25 - 34 Años,Femenino,Guatemala,San Miguel Petapa,Ama De Casa
782,35 - 44 Años,Masculino,Retalhuleu,Otro Municipio,Empleado Privado
783,35 - 44 Años,Masculino,Guatemala,Guatemala,Empleado Privado
784,18 - 24 Años,Masculino,Izabal,Izabal,Profesional Independiente
785,25 - 34 Años,Masculino,Sacatepéquez,Sumpango,Estudiante
786,25 - 34 Años,Masculino,Baja Verapaz,Baja Verapaz,Empleado Privado
787,25 - 34 Años,Masculino,Sacatepéquez,Ciudad Vieja,Profesional Independiente
788,18 - 24 Años,Femenino,Guatemala,Santa Catarina Pinula,Ama De Casa
789,Menos De 18 Años,Femenino,Sacatepéquez,Ciudad Vieja,Empleado Privado
790,18 - 24 Años,Masculino,Santa Rosa,Santa Rosa,Estudiante
791,25 - 34 Años,Masculino,Guatemala,Mixco,Profesional Independiente
792,35 - 44 Años,Femenino,Chimaltenango,Patzún,Comerciante
793,Menos De 18 Años,Masculino,Sacatepéquez,Sumpango,Empleado Privado
794,25 - 34 Años,Femenino,Guatemala,Santa Catarina Pinula,Empleado Privado
795,35 - 44 Años,Masculino,Chimaltenango,Patzún,Comerciante
796,25 - 34 Años,Masculino,Quetzaltenango,Quetzaltenango,Comerciante
797,25 - 34 Años,Masculino,Quiché,Cabecera Municipal,Estudiante
798,45 - 54 Años,Masculino,Guatemala,Santa Catarina Pinula,Estudiante
799,Menos De 18 Años,Femenino,Guatemala,Mixco,Empleado Privado
800,25 - 34 Años,Masculino,Guatemala,Guatemala,Empleado Privado
801,18 - 24 Años,Femenino,Sacatepéquez,Ciudad Vieja,Profesional Independiente
802,Menos De 18 Años,Femenino,Sacatepéquez,Sumpango,Estudiante
803,18 - 24 Años,Masculino,Escuintla,Santa Lucía Cotzumalguapa,Empleado Privado
804,45 - 54 Años,Masculino,Quetzaltenango,Coatepeque,Empresario
805,25 - 34 Años,Femenino,Escuintla,Palín,Otro
806,25 - 34 Años,Masculino,Huehuetenango,Cabecera Municipal,Empleado Privado
807,18 - 24 Años,Femenino,Sacatepéquez,Ciudad Vieja,Profesional Independiente
808,35 - 44 Años,Masculino,Baja Verapaz,Otro Municipio,Comerciante
809,25 - 34 Años,Femenino,Guatemala,San Miguel Petapa,Ama De Casa
810,18 - 24 Años,Femenino,Quetzaltenango,Coatepeque,No Indicado
811,18 - 24 Años,Masculino,Sacatepéquez,Sumpango,Empleado Privado
812,55 Años O Más,Masculino,Guatemala,San Miguel Petapa,Estudiante
813,18 - 24 Años,Masculino,Suchitepéquez,Cabecera Municipal,Empresario
814,18 - 24 Años,Masculino,Huehuetenango,Huehuetenango,Profesional Independiente
815,25 - 34 Años,Masculino,Escuintla,Santa Lucía Cotzumalguapa,Comerciante
816,18 - 24 Años,Prefiero No Indicarlo,Guatemala,Santa Catarina Pinula,Otro
817,25 - 34 Años,Femenino,El Progreso,Cabecera Municipal,Empresario
818,25 - 34 Años,Femenino,Guatemala,San Miguel Petapa,Profesional Independiente
819,25 - 34 Años,Femenino,Sacatepéquez,Ciudad Vieja,Comerciante
820,25 - 34 Años,Femenino,Baja Verapaz,Baja Verapaz,Profesional Independiente
821,45 - 54 Años,Masculino,Chimaltenango,Chimaltenango,Empleado Privado
822,18 - 24 Años,Masculino,Chimaltenango,Patzún,Empleado Privado
823,25 - 34 Años,Masculino,Guatemala,Mixco,Profesional Independiente
824,45 - 54 Años,Femenino,Quetzaltenango,Olintepeque,Empleado Privado
825,25 - 34 Años,Femenino,Guatemala,Guatemala,Estudiante
826,25 - 34 Años,Masculino,Suchitepéquez,Cabecera Municipal,Empleado Privado
827,35 - 44 Años,Femenino,Jalapa,Cabecera Municipal,Empleado Privado
828,35 - 44 Años,Masculino,Zacapa,Cabecera Municipal,Empleado Privado
829,25 - 34 Años,Masculino,Santa Rosa,Cabecera Municipal,Empleado Privado
830,18 - 24 Años,Femenino,Izabal,Cabecera Municipal,Jubilado
831,Menos De 18 Años,Femenino,Chiquimula,Cabecera Municipal,Empleado Privado
832,35 - 44 Años,Femenino,Sololá,Cabecera Municipal,Empresario
833,25 - 34 Años,Masculino,Guatemala,Guatemala,Comerciante
834,45 - 54 Años,Masculino,Chiquimula,Chiquimula,Jubilado
835,35 - 44 Años,Femenino,Chimaltenango,Patzún,Empleado Privado
836,35 - 44 Años,Masculino,Sacatepéquez,Sumpango,Comerciante
837,25 - 34 Años,Femenino,Guatemala,Santa Catarina Pinula,Empleado Privado
838,35 - 44 Años,Masculino,Guatemala,San Miguel Petapa,Comerciante
839,25 - 34 Años,Femenino,Jutiapa,Cabecera Municipal,Empleado Privado
840,18 - 24 Años,Femenino,Guatemala,San Miguel Petapa,Comerciante
841,35 - 44 Años,Masculino,Guatemala,Santa Catarina Pinula,Profesional Independiente
842,25 - 34 Años,Femenino,Chimaltenango,Chimaltenango,Profesional Independiente
843,35 - 44 Años,Femenino,Sacatepéquez,Jocotenango,Estudiante
844,35 - 44 Años,Masculino,El Progreso,Otro Municipio,Estudiante
845,18 - 24 Años,Masculino,Sacatepéquez,Sumpango,Empleado Público
846,18 - 24 Años,Masculino,Guatemala,Villa Nueva,Estudiante
847,25 - 34 Años,Masculino,Guatemala,Villa Nueva,Empleado Privado
848,18 - 24 Años,Femenino,Guatemala,Guatemala,Empleado Privado
849,25 - 34 Años,Masculino,Totonicapán,Totonicapán,Estudiante
850,25 - 34 Años,Masculino,Guatemala,Santa Catarina Pinula,Estudiante
851,18 - 24 Años,Femenino,Escuintla,Escuintla,Comerciante
852,25 - 34 Años,Femenino,Guatemala,,Empleado Privado
853,35 - 44 Años,Femenino,Jalapa,Cabecera Municipal,Estudiante
854,18 - 24 Años,Femenino,Chimaltenango,Patzún,Empleado Público
855,35 - 44 Años,Femenino,Sacatepéquez,Sumpango,Empleado Privado
856,25 - 34 Años,Masculino,Sacatepéquez,Sumpango,Empleado Privado
857,35 - 44 Años,Femenino,Guatemala,Villa Nueva,Estudiante
858,45 - 54 Años,Masculino,Suchitepéquez,Otro Municipio,Estudiante
859,18 - 24 Años,Femenino,Sacatepéquez,Antigua Guatemala,Estudiante
860,18 - 24 Años,Masculino,Sacatepéquez,Ciudad Vieja,Empleado Privado
861,25 - 34 Años,Femenino,Guatemala,Villa Nueva,Empleado Privado
862,25 - 34 Años,Femenino,Escuintla,Palín,Empleado Privado
863,18 - 24 Años,Femenino,Guatemala,Mixco,Estudiante
864,35 - 44 Años,Femenino,Guatemala,Villa Nueva,Empleado Privado
865,45 - 54 Años,Masculino,Chimaltenango,Patzún,Otro
866,35 - 44 Años,Femenino,Guatemala,Mixco,Empleado Público
867,45 - 54 Años,Femenino,Escuintla,Palín,Comerciante
868,35 - 44 Años,Femenino,Guatemala,Guatemala,Estudiante
869,45 - 54 Años,Femenino,Sacatepéquez,Antigua Guatemala,Estudiante
870,25 - 34 Años,Femenino,Alta Verapaz,Otro Municipio,Profesional Independiente
871,Menos De 18 Años,Prefiero No Indicarlo,Escuintla,Palín,Empresario
872,25 - 34 Años,Femenino,Guatemala,Guatemala,Empresario
873,35 - 44 Años,Masculino,Guatemala,Mixco,Empleado Privado
874,18 - 24 Años,Masculino,Guatemala,Guatemala,Empleado Público
875,25 - 34 Años,Femenino,Guatemala,Mixco,Empleado Privado
876,18 - 24 Años,Masculino,Chimaltenango,Patzún,Profesional Independiente
877,45 - 54 Años,Masculino,Guatemala,Villa Nueva,Estudiante
878,18 - 24 Años,Femenino,Chimaltenango,Patzún,Empleado Privado
879,18 - 24 Años,Masculino,Petén,San Benito,Empleado Privado
880,25 - 34 Años,Femenino,Guatemala,Santa Catarina Pinula,Ama De Casa
881,18 - 24 Años,Femenino,Huehuetenango,Cabecera Municipal,Estudiante
882,45 - 54 Años,Femenino,Chimaltenango,Chimaltenango,Estudiante
883,18 - 24 Años,Masculino,Guatemala,Mixco,Estudiante
884,25 - 34 Años,Masculino,Guatemala,Mixco,Ama De Casa
885,18 - 24 Años,Masculino,San Marcos,Cabecera Municipal,Empleado Público
886,25 - 34 Años,Masculino,Guatemala,Villa Nueva,Empleado Público
95,25 - 34 Años,Masculino,Guatemala,,Ama De Casa
888,55 Años O Más,Femenino,Quetzaltenango,Olintepeque,Profesional Independiente
889,55 Años O Más,Femenino,San Marcos,San Marcos,No Indicado
890,45 - 54 Años,Masculino,Guatemala,Mixco,Ama De Casa
891,25 - 34 Años,Femenino,Guatemala,Mixco,Ama De Casa
892,55 Años O Más,Masculino,Chiquimula,Otro Municipio,Empleado Privado
893,18 - 24 Años,Femenino,El Progreso,Otro Municipio,Empleado Privado
894,45 - 54 Años,Masculino,Guatemala,Santa Catarina Pinula,Ama De Casa
895,25 - 34 Años,Femenino,Guatemala,San Miguel Petapa,Comerciante
896,35 - 44 Años,Femenino,Guatemala,San Miguel Petapa,Empleado Privado
897,35 - 44 Años,Masculino,Jalapa,Jalapa,Profesional Independiente
898,35 - 44 Años,Masculino,Guatemala,Villa Nueva,Estudiante
899,35 - 44 Años,Masculino,Guatemala,Guatemala,Comerciante
900,Menos De 18 Años,Femenino,Suchitepéquez,Otro Municipio,Comerciante
901,35 - 44 Años,Femenino,Chimaltenango,Patzún,Profesional Independiente
902,25 - 34 Años,Masculino,Guatemala,San Miguel Petapa,Empleado Privado
903,25 - 34 Años,Masculino,Guatemala,Guatemala,Comerciante
904,35 - 44 Años,Masculino,Escuintla,Palín,Profesional Independiente
905,45 - 54 Años,Masculino,Alta Verapaz,Cabecera Municipal,Empleado Privado
906,25 - 34 Años,Femenino,Sacatepéquez,Ciudad Vieja,Empleado Privado
907,25 - 34 Años,Femenino,Quetzaltenango,Olintepeque,Estudiante
908,18 - 24 Años,Femenino,Escuintla,Escuintla,Empresario
909,35 - 44 Años,Masculino,Guatemala,Santa Catarina Pinula,Profesional Independiente
910,55 Años O Más,Femenino,Sacatepéquez,Antigua Guatemala,Empleado Privado
911,35 - 44 Años,Femenino,Guatemala,Mixco,Estudiante
912,25 - 34 Años,Femenino,Escuintla,Escuintla,Empleado Privado
913,35 - 44 Años,Masculino,Guatemala,Guatemala,Estudiante
914,25 - 34 Años,Femenino,Suchitepéquez,Suchitepéquez,Profesional Independiente
915,25 - 34 Años,Masculino,Guatemala,Santa Catarina Pinula,Comerciante
916,18 - 24 Años,Femenino,Chimaltenango,Patzún,Comerciante
917,25 - 34 Años,Femenino,Guatemala,Mixco,Empleado Privado
918,35 - 44 Años,Femenino,Guatemala,Villa Nueva,Profesional Independiente
919,25 - 34 Años,Femenino,Guatemala,San Miguel Petapa,Estudiante
920,45 - 54 Años,Femenino,Sacatepéquez,Sumpango,Comerciante
921,45 - 54 Años,Femenino,Guatemala,Mixco,Estudiante
922,18 - 24 Años,Masculino,Escuintla,Santa Lucía Cotzumalguapa,Empleado Privado
923,25 - 34 Años,Femenino,Guatemala,Santa Catarina Pinula,Profesional Independiente
924,18 - 24 Años,Femenino,Quetzaltenango,Coatepeque,Empleado Privado
925,18 - 24 Años,Masculino,Chimaltenango,Chimaltenango,Empleado Privado
926,25 - 34 Años,Femenino,Jalapa,Jalapa,Comerciante
927,55 Años O Más,Masculino,Zacapa,Otro Municipio,Otro
928,25 - 34 Años,Masculino,Guatemala,Villa Nueva,Otro
929,35 - 44 Años,Femenino,Baja Verapaz,Otro Municipio,Estudiante
930,25 - 34 Años,Masculino,Retalhuleu,Retalhuleu,Empleado Privado
931,18 - 24 Años,Masculino,Guatemala,San Miguel Petapa,Ama De Casa
932,18 - 24 Años,Masculino,Alta Verapaz,Alta Verapaz,Empleado Privado
933,25 - 34 Años,Femenino,San Marcos,Cabecera Municipal,Empleado Privado
934,55 Años O Más,Masculino,Quetzaltenango,Olintepeque,Empleado Privado
935,25 - 34 Años,Femenino,Guatemala,Mixco,Empresario
936,35 - 44 Años,Masculino,Totonicapán,,Empleado Privado
937,55 Años O Más,Masculino,Guatemala,Santa Catarina Pinula,Empleado Privado
617,35 - 44 Años,Femenino,Jutiapa,Otro Municipio,Empleado Privado
939,45 - 54 Años,Femenino,Chimaltenango,Chimaltenango,Estudiante
940,45 - 54 Años,Femenino,Guatemala,Guatemala,Profesional Independiente
941,35 - 44 Años,Femenino,Sacatepéquez,Jocotenango,Estudiante
942,35 - 44 Años,Femenino,Sacatepéquez,Jocotenango,Ama De Casa
943,18 - 24 Años,Masculino,Guatemala,Santa Catarina Pinula,Comerciante
944,45 - 54 Años,Masculino,Guatemala,Santa Catarina Pinula,Otro
945,25 - 34 Años,Femenino,Guatemala,Villa Nueva,Empleado Privado
946,18 - 24 Años,Femenino,Quetzaltenango,Olintepeque,Ama De Casa
947,25 - 34 Años,Masculino,Chimaltenango,Patzún,Empleado Público
948,35 - 44 Años,Masculino,Chimaltenango,Tecpán Guatemala,Empresario
949,25 - 34 Años,Masculino,Retalhuleu,Cabecera Municipal,Ama De Casa
950,45 - 54 Años,Masculino,Escuintla,Palín,Empresario
951,35 - 44 Años,Femenino,Guate,Santa Catarina Pinula,Empleado Privado
952,25 - 34 Años,Femenino,Guatemala,San Miguel Petapa,Ama De Casa
953,35 - 44 Años,Masculino,Sacatepéquez,,Empleado Privado
954,55 Años O Más,Femenino,Sacatepéquez,Jocotenango,Comerciante
955,18 - 24 Años,Masculino,Quetzaltenango,Olintepeque,Empresario
956,55 Años O Más,Masculino,Suchitepéquez,Cabecera Municipal,Empleado Privado
957,18 - 24 Años,Masculino,Quetzaltenango,Quetzaltenango,Otro
958,25 - 34 Años,Masculino,Huehuetenango,Cabecera Municipal,Comerciante
959,55 Años O Más,Femenino,Guatemala,Guatemala,Empleado Privado
960,35 - 44 Años,Masculino,Guatemala,San Miguel Petapa,Empleado Público
961,25 - 34 Años,Femenino,Guatemala,San Miguel Petapa,Ama De Casa
962,18 - 24 Años,Femenino,Guatemala,Guatemala,Empleado Privado
963,25 - 34 Años,Femenino,Izabal,Izabal,Empleado Privado
964,25 - 34 Años,Femenino,Sacatepéquez,Antigua Guatemala,Ama De Casa
965,25 - 34 Años,Femenino,Guatemala,Mixco,Comerciante
966,25 - 34 Años,Masculino,Totonicapán,Otro Municipio,Otro
967,25 - 34 Años,Femenino,Sacatepéquez,Antigua Guatemala,Estudiante
968,18 - 24 Años,Masculino,Chimaltenango,Patzún,Empleado Privado
969,Menos De 18 Años,Masculino,Escuintla,Palín,Empleado Privado
970,35 - 44 Años,Femenino,Guatemala,Villa Nueva,Comerciante
971,25 - 34 Años,Femenino,Escuintla,Santa Lucía Cotzumalguapa,Profesional Independiente
972,35 - 44 Años,Femenino,Guatemala,Villa Nueva,Empleado Privado
973,18 - 24 Años,Masculino,Guatemala,Santa Catarina Pinula,Ama De Casa
974,Menos De 18 Años,Masculino,Guatemala,Guatemala,Empleado Privado
975,45 - 54 Años,Femenino,Zacapa,Zacapa,Empleado Privado
976,25 - 34 Años,Masculino,Guatemala,San Miguel Petapa,Ama De Casa
977,35 - 44 Años,Masculino,Guatemala,Guatemala,Empleado Privado
978,25 - 34 Años,Femenino,Petén,Poptún,Empleado Público
979,18 - 24 Años,Masculino,Guatemala,Villa Nueva,Empleado Privado
980,18 - 24 Años,Femenino,Quetzaltenango,Coatepeque,Empleado Privado
981,45 - 54 Años,Femenino,Baja Verapaz,Baja Verapaz,Estudiante
982,35 - 44 Años,Masculino,Guatemala,Guatemala,Empleado Privado
983,25 - 34 Años,Masculino,Quiché,Quiché,Estudiante
984,Menos De 18 Años,Masculino,Guatemala,Villa Nueva,Otro
985,Menos De 18 Años,Femenino,Guatemala,San Miguel Petapa,Estudiante
986,55 Años O Más,Femenino,Guatemala,San Miguel Petapa,Ama De Casa
987,35 - 44 Años,Masculino,Zacapa,Otro Municipio,Profesional Independiente
988,Menos De 18 Años,Masculino,Guatemala,Guatemala,Estudiante
989,55 Años O Más,Femenino,Guatemala,,Estudiante
990,18 - 24 Años,Masculino,Retalhuleu,Cabecera Municipal,Empleado Público
991,25 - 34 Años,Masculino,Alta Verapaz,,Empleado Público
992,18 - 24 Años,Masculino,Jutiapa,,Estudiante
993,18 - 24 Años,Masculino,Guatemala,San Miguel Petapa,Empresario
994,25 - 34 Años,Femenino,Quetzaltenango,Coatepeque,Estudiante
995,55 Años O Más,Masculino,Guatemala,,Estudiante
996,45 - 54 Años,Masculino,Guatemala,Guatemala,Empleado Privado
997,18 - 24 Años,Masculino,Quetzaltenango,Quetzaltenango,Empleado Privado
998,35 - 44 Años,Masculino,Chimaltenango,Tecpán Guatemala,Ama De Casa
999,Menos De 18 Años,Femenino,Quetzaltenango,Coatepeque,Empresario
1000,35 - 44 Años,Masculino,Guatemala,Santa Catarina Pinula,Empresario
1001,55 Años O Más,Masculino,Jutiapa,Cabecera Municipal,Estudiante
1002,25 - 34 Años,Femenino,Sacatepéquez,Jocotenango,Empresario
1003,25 - 34 Años,Prefiero No Indicarlo,Guatemala,Guatemala,Estudiante
1004,35 - 44 Años,Masculino,Guatemala,Villa Nueva,Comerciante
1005,45 - 54 Años,Masculino,Petén,Flores,Profesional Independiente
1006,Menos De 18 Años,Masculino,El Progreso,El Progreso,Empresario
1007,45 - 54 Años,Masculino,San Marcos,Otro Municipio,Comerciante
1008,35 - 44 Años,Masculino,El Progreso,El Progreso,Empleado Privado
1009,18 - 24 Años,Femenino,Guatemala,San Miguel Petapa,Comerciante
1010,Menos De 18 Años,Femenino,San Marcos,Otro Municipio,Estudiante
1011,55 Años O Más,Femenino,Guatemala,Santa Catarina Pinula,Empleado Público
1012,25 - 34 Años,Masculino,Guatemala,Villa Nueva,Empleado Privado
1013,55 Años O Más,Masculino,Alta Verapaz,Cabecera Municipal,Empleado Privado
1014,45 - 54 Años,Femenino,Quetzaltenango,Coatepeque,Empresario
1015,Menos De 18 Años,Femenino,Retalhuleu,Cabecera Municipal,Empleado Privado
1016,25 - 34 Años,Masculino,Guatemala,San Miguel Petapa,Profesional Independiente
1017,35 - 44 Años,Masculino,Escuintla,Escuintla,Empresario
1018,Menos De 18 Años,Masculino,Zacapa,Otro Municipio,Comerciante
1019,25 - 34 Años,Masculino,Guatemala,Santa Catarina Pinula,Ama De Casa
1020,25 - 34 Años,Femenino,Escuintla,Santa Lucía Cotzumalguapa,Estudiante
1021,25 - 34 Años,Femenino,Quetzaltenango,Olintepeque,Estudiante
1022,18 - 24 Años,Masculino,Chimaltenango,Chimaltenango,Comerciante
1023,18 - 24 Años,Femenino,Quetzaltenango,Olintepeque,Estudiante
1024,18 - 24 Años,Femenino,Quetzaltenango,Quetzaltenango,Profesional Independiente
1025,Menos De 18 Años,Femenino,Huehuetenango,Cabecera Municipal,Ama De Casa
1026,35 - 44 Años,Prefiero No Indicarlo,Quetzaltenango,Coatepeque,Profesional Independiente
1027,55 Años O Más,Masculino,Chimaltenango,Tecpán Guatemala,Ama De Casa
1028,35 - 44 Años,Masculino,Guatemala,Santa Catarina Pinula,Empleado Privado
1029,45 - 54 Años,Femenino,Guatemala,Guatemala,Comerciante
1030,25 - 34 Años,Femenino,Huehuetenango,Huehuetenango,Empleado Público
1031,Menos De 18 Años,Masculino,Guatemala,Villa Nueva,Estudiante
1032,25 - 34 Años,Masculino,Guatemala,Santa Catarina Pinula,Ama De Casa
1033,18 - 24 Años,Femenino,Guatemala,Santa Catarina Pinula,Estudiante
1034,45 - 54 Años,Femenino,Guatemala,Guatemala,Comerciante
1035,Menos De 18 Años,Femenino,Chimaltenango,Patzún,Otro
1036,25 - 34 Años,Femenino,Guatemala,Santa Catarina Pinula,Empleado Privado
1037,18 - 24 Años,Femenino,Quetzaltenango,Coatepeque,Profesional Independiente
1038,Menos De 18 Años,Masculino,Guatemala,San Miguel Petapa,Empleado Privado
1039,25 - 34 Años,Femenino,Escuintla,Palín,Estudiante
1040,Menos De 18 Años,Masculino,Sololá,Sololá,Otro
1041,18 - 24 Años,Femenino,Escuintla,Santa Lucía Cotzumalguapa,Empleado Público
1042,18 - 24 Años,Masculino,Guatemala,Mixco,Otro
1043,Menos De 18 Años,Femenino,Quetzaltenango,Coatepeque,Ama De Casa
1044,55 Años O Más,Masculino,Guatemala,,Empleado Privado
1045,25 - 34 Años,Masculino,Guatemala,Santa Catarina Pinula,Empleado Público
1046,45 - 54 Años,Femenino,Sacatepéquez,Antigua Guatemala,Empleado Privado
1047,18 - 24 Años,Femenino,Quiché,Quiché,Jubilado
1048,18 - 24 Años,Femenino,Quiché,Otro Municipio,Profesional Independiente
1049,25 - 34 Años,Masculino,Sacatepéquez,Antigua Guatemala,Empleado Privado
1050,18 - 24 Años,Femenino,Escuintla,Palín,Empleado Privado
1051,18 - 24 Años,Femenino,Totonicapán,Cabecera Municipal,Estudiante
1052,25 - 34 Años,Femenino,Guatemala,Mixco,Estudiante
1053,Menos De 18 Años,Femenino,Guatemala,Villa Nueva,Empleado Público
1054,Menos De 18 Años,Femenino,Totonicapán,Otro Municipio,Empleado Privado
1055,18 - 24 Años,Femenino,Guatemala,Villa Nueva,Empleado Privado
1056,25 - 34 Años,Femenino,Izabal,Otro Municipio,Empleado Privado
1057,25 - 34 Años,Femenino,Guatemala,Mixco,Profesional Independiente
1058,55 Años O Más,Masculino,Guatemala,Villa Nueva,Profesional Independiente
1059,25 - 34 Años,Femenino,Guatemala,Santa Catarina Pinula,Estudiante
1060,35 - 44 Años,Masculino,Guatemala,Mixco,Ama De Casa
1061,25 - 34 Años,Masculino,Guatemala,Mixco,Empleado Privado
1062,Menos De 18 Años,Femenino,Guatemala,,Estudiante
1063,18 - 24 Años,Femenino,Guatemala,Villa Nueva,Jubilado
1064,18 - 24 Años,Femenino,Guatemala,Santa Catarina Pinula,Comerciante
1065,18 - 24 Años,Femenino,Guatemala,San Miguel Petapa,Empleado Privado
1066,25 - 34 Años,Masculino,Guatemala,Santa Catarina Pinula,Empleado Privado
1067,25 - 34 Años,Femenino,Guatemala,Mixco,Empleado Privado
1068,Menos De 18 Años,Femenino,Escuintla,Escuintla,Profesional Independiente
1069,18 - 24 Años,Femenino,Chimaltenango,Chimaltenango,Otro
1070,25 - 34 Años,Femenino,Guatemala,Santa Catarina Pinula,Empleado Público
1071,25 - 34 Años,Masculino,Guatemala,Mixco,Empleado Privado
1072,35 - 44 Años,Femenino,Sacatepéquez,Sumpango,Otro
1073,45 - 54 Años,Femenino,Guatemala,Villa Nueva,Ama De Casa
1074,18 - 24 Años,Femenino,Chimaltenango,Patzún,Empleado Privado
1075,45 - 54 Años,Femenino,Sacatepéquez,Ciudad Vieja,Ama De Casa
1076,55 Años O Más,Masculino,Sacatepéquez,Sumpango,Comerciante
1077,25 - 34 Años,Femenino,Guatemala,Guatemala,Profesional Independiente
1078,25 - 34 Años,Femenino,Guatemala,Mixco,Otro
1079,45 - 54 Años,Femenino,Guatemala,Villa Nueva,Estudiante
1080,35 - 44 Años,Masculino,Guatemala,San Miguel Petapa,Profesional Independiente
1081,35 - 44 Años,Masculino,Escuintla,Escuintla,Estudiante
1082,55 Años O Más,Masculino,Guatemala,Villa Nueva,Empleado Público
1083,35 - 44 Años,Femenino,Guatemala,Guatemala,Empleado Privado
1084,45 - 54 Años,Masculino,Sacatepéquez,Ciudad Vieja,Empleado Privado
1085,25 - 34 Años,Masculino,Guatemala,Villa Nueva,Empleado Privado
1086,18 - 24 Años,Masculino,Petén,Poptún,Ama De Casa
1087,25 - 34 Años,Femenino,Guatemala,Villa Nueva,Empleado Privado
1088,18 - 24 Años,Femenino,Jalapa,Otro Municipio,Comerciante
1089,25 - 34 Años,Masculino,Guatemala,Mixco,Estudiante
2124,25 - 34 Años,Masculino,Guatemala,Santa Catarina Pinula,Estudiante
1091,35 - 44 Años,Prefiero No Indicarlo,Guatemala,Villa Nueva,Empleado Público
1092,35 - 44 Años,Femenino,Petén,Poptún,Estudiante
1093,Menos De 18 Años,Masculino,Guatemala,Santa Catarina Pinula,Empresario
1094,18 - 24 Años,Femenino,Guatemala,San Miguel Petapa,Empleado Privado
1095,45 - 54 Años,Masculino,Sololá,Otro Municipio,Estudiante
1096,18 - 24 Años,Femenino,Guatemala,San Miguel Petapa,Empleado Privado
1097,25 - 34 Años,Masculino,Quetzaltenango,Coatepeque,Empleado Privado
1098,18 - 24 Años,Femenino,Escuintla,Palín,Estudiante
1099,25 - 34 Años,Masculino,Chimaltenango,,Empleado Privado
1100,45 - 54 Años,Femenino,Quiché,Quiché,Empleado Público
1101,25 - 34 Años,Femenino,Guatemala,San Miguel Petapa,Empresario
1102,25 - 34 Años,Masculino,Chimaltenango,Chimaltenango,Estudiante
1103,18 - 24 Años,Masculino,Escuintla,Palín,Estudiante
1104,45 - 54 Años,Femenino,Sacatepéquez,Jocotenango,Empleado Privado
1105,25 - 34 Años,Masculino,Santa Rosa,Otro Municipio,Empleado Público
1106,35 - 44 Años,Masculino,Guatemala,Guatemala,No Indicado
1107,45 - 54 Años,Femenino,Chimaltenango,Tecpán Guatemala,Estudiante
2199,45 - 54 Años,Femenino,Guatemala,San Miguel Petapa,Comerciante
1109,35 - 44 Años,Masculino,Guatemala,San Miguel Petapa,Empleado Privado
1110,45 - 54 Años,Masculino,Guatemala,San Miguel Petapa,Empleado Privado
1111,Menos De 18 Años,Femenino,Guatemala,Guatemala,Profesional Independiente
1112,35 - 44 Años,Masculino,Guatemala,,Comerciante
1113,25 - 34 Años,Femenino,Guatemala,Guatemala,Empleado Público
1114,18 - 24 Años,Masculino,Quetzaltenango,Coatepeque,Empresario
1115,18 - 24 Años,Masculino,Guatemala,Mixco,Profesional Independiente
558,18 - 24 Años,Femenino,Jutiapa,Otro Municipio,Empleado Privado
1117,25 - 34 Años,Masculino,Sacatepéquez,Sumpango,Empleado Público
1118,25 - 34 Años,Masculino,Guatemala,Mixco,Otro
1119,35 - 44 Años,Masculino,Chimaltenango,Chimaltenango,Comerciante
1120,18 - 24 Años,Femenino,Guatemala,Mixco,Empleado Público
1121,Menos De 18 Años,Masculino,Jalapa,Otro Municipio,Empleado Público
1122,45 - 54 Años,Masculino,Quetzaltenango,Quetzaltenango,Estudiante
1123,18 - 24 Años,Femenino,Escuintla,Escuintla,Empleado Privado
1124,25 - 34 Años,Masculino,Chimaltenango,Patzún,Estudiante
1125,35 - 44 Años,Masculino,Guatemala,Mixco,Estudiante
1126,18 - 24 Años,Masculino,Escuintla,Escuintla,Estudiante
1127,18 - 24 Años,Masculino,Guatemala,Guatemala,Empleado Privado
373,25 - 34 Años,Femenino,Guatemala,Mixco,Comerciante
1129,45 - 54 Años,Masculino,Guatemala,Villa Nueva,Profesional Independiente
1130,45 - 54 Años,Masculino,Guatemala,Mixco,Otro
1131,35 - 44 Años,Masculino,Quetzaltenango,Quetzaltenango,Empresario
1132,35 - 44 Años,Femenino,Guatemala,San Miguel Petapa,Estudiante
1133,25 - 34 Años,Masculino,Suchitepéquez,Otro Municipio,Empleado Público
1134,35 - 44 Años,Femenino,Escuintla,Escuintla,Comerciante
1135,25 - 34 Años,Femenino,Huehuetenango,Huehuetenango,Jubilado
1136,25 - 34 Años,Masculino,Guatemala,San Miguel Petapa,Empleado Privado
1137,25 - 34 Años,Femenino,Guatemala,Mixco,No Indicado
1138,35 - 44 Años,Masculino,Chimaltenango,Chimaltenango,Jubilado
1139,45 - 54 Años,Masculino,Santa Rosa,Otro Municipio,Empresario
1140,25 - 34 Años,Masculino,Escuintla,Escuintla,Empresario
1141,35 - 44 Años,Masculino,Guatemala,Santa Catarina Pinula,Empleado Privado
1142,Menos De 18 Años,Masculino,Chimaltenango,Chimaltenango,Estudiante
1143,18 - 24 Años,Masculino,Jalapa,Otro Municipio,Profesional Independiente
1144,18 - 24 Años,Femenino,Guatemala,Villa Nueva,Empleado Privado
1145,18 - 24 Años,Femenino,Chiquimula,Chiquimula,Empleado Privado
1146,25 - 34 Años,Femenino,Izabal,Otro Municipio,Empleado Privado
1147,18 - 24 Años,Masculino,Guatemala,Santa Catarina Pinula,No Indicado
1148,25 - 34 Años,Femenino,Alta Verapaz,Alta Verapaz,Empleado Privado
1149,35 - 44 Años,Masculino,Guatemala,Santa Catarina Pinula,Empleado Público
1150,35 - 44 Años,Masculino,Guatemala,Mixco,Profesional Independiente
1151,45 - 54 Años,Prefiero No Indicarlo,Quetzaltenango,Olintepeque,Empleado Público
1152,25 - 34 Años,Femenino,Escuintla,Palín,Empleado Privado
1153,55 Años O Más,Femenino,Guatemala,Mixco,Empleado Privado
1154,25 - 34 Años,Femenino,Izabal,Cabecera Municipal,Empleado Privado
1155,25 - 34 Años,Masculino,Alta Verapaz,Cabecera Municipal,Comerciante
1156,25 - 34 Años,Femenino,Guatemala,Mixco,Empresario
1157,18 - 24 Años,Femenino,Guatemala,Villa Nueva,Profesional Independiente
1158,55 Años O Más,Masculino,Escuintla,Escuintla,Estudiante
1159,18 - 24 Años,Femenino,Sacatepéquez,Jocotenango,Empleado Privado
1160,18 - 24 Años,Femenino,Alta Verapaz,Otro Municipio,Ama De Casa
1161,35 - 44 Años,Masculino,Guatemala,Guatemala,Comerciante
1162,25 - 34 Años,Prefiero No Indicarlo,Guatemala,Santa Catarina Pinula,Profesional Independiente
1163,25 - 34 Años,Femenino,Guatemala,Mixco,Empleado Privado
1164,18 - 24 Años,Femenino,Zacapa,Zacapa,Ama De Casa
1165,Menos De 18 Años,Femenino,Guatemala,Villa Nueva,Profesional Independiente
1166,25 - 34 Años,Femenino,Quiché,Quiché,Empleado Privado
1167,35 - 44 Años,Masculino,Baja Verapaz,Otro Municipio,Estudiante
1168,Menos De 18 Años,Prefiero No Indicarlo,Guatemala,Villa Nueva,Empleado Público
1169,Menos De 18 Años,Masculino,Alta Verapaz,Otro Municipio,Empleado Privado
1170,35 - 44 Años,Femenino,Chimaltenango,Chimaltenango,Empleado Privado
1171,35 - 44 Años,Masculino,Baja Verapaz,Otro Municipio,Comerciante
1172,35 - 44 Años,Masculino,Guatemala,Villa Nueva,Profesional Independiente
1173,18 - 24 Años,Femenino,Chimaltenango,Patzún,Profesional Independiente
1174,18 - 24 Años,Femenino,Retalhuleu,Cabecera Municipal,Estudiante
1175,35 - 44 Años,Femenino,Escuintla,Palín,Empresario
1176,25 - 34 Años,Femenino,Guatemala,Villa Nueva,Jubilado
1177,18 - 24 Años,Masculino,Izabal,Cabecera Municipal,Empleado Privado
1178,35 - 44 Años,Femenino,Guatemala,Guatemala,Empleado Público
1179,25 - 34 Años,Masculino,Escuintla,Santa Lucía Cotzumalguapa,Empleado Privado
1180,45 - 54 Años,Masculino,Sacatepéquez,Antigua Guatemala,Otro
1181,18 - 24 Años,Femenino,Sacatepéquez,Jocotenango,Empleado Público
1182,45 - 54 Años,Femenino,Guatemala,San Miguel Petapa,Empleado Privado
1183,55 Años O Más,Femenino,Sacatepéquez,Sumpango,Estudiante
1184,25 - 34 Años,Masculino,Jutiapa,Otro Municipio,Empleado Privado
1185,25 - 34 Años,Masculino,Petén,Flores,Ama De Casa
1186,35 - 44 Años,Femenino,Quetzaltenango,Quetzaltenango,Comerciante
1187,35 - 44 Años,Masculino,Santa Rosa,Otro Municipio,Empleado Público
1481,25 - 34 Años,Masculino,El Progreso,Otro Municipio,Empresario
1189,25 - 34 Años,Masculino,Sacatepéquez,Jocotenango,Empleado Público
1190,18 - 24 Años,Masculino,Alta Verapaz,Cabecera Municipal,Empleado Público
1191,18 - 24 Años,Masculino,Guatemala,Villa Nueva,Jubilado
1192,55 Años O Más,Femenino,Guatemala,Guatemala,Empleado Privado
1193,25 - 34 Años,Masculino,Sacatepéquez,Sumpango,Empleado Privado
1194,35 - 44 Años,Femenino,Retalhuleu,Otro Municipio,Empresario
1195,Menos De 18 Años,Masculino,Guatemala,Santa Catarina Pinula,Estudiante
1196,Menos De 18 Años,Masculino,Guatemala,Mixco,Empleado Privado
1197,18 - 24 Años,Femenino,Guatemala,San Miguel Petapa,Comerciante
1198,18 - 24 Años,Masculino,Guatemala,Santa Catarina Pinula,Empleado Privado
1199,45 - 54 Años,Masculino,Quetzaltenango,Quetzaltenango,Profesional Independiente
1200,45 - 54 Años,Femenino,Izabal,Cabecera Municipal,Profesional Independiente
1201,25 - 34 Años,Masculino,Guatemala,Villa Nueva,Estudiante
1202,Menos De 18 Años,Femenino,Chimaltenango,Patzún,Estudiante
1203,18 - 24 Años,Femenino,Quetzaltenango,Olintepeque,Ama De Casa
1204,Menos De 18 Años,Masculino,Guatemala,Santa Catarina Pinula,Empleado Privado
1205,25 - 34 Años,Femenino,Guatemala,San Miguel Petapa,Empleado Privado
1206,35 - 44 Años,Femenino,Guatemala,Santa Catarina Pinula,Estudiante
1207,35 - 44 Años,Femenino,Guatemala,San Miguel Petapa,Empleado Privado
1208,25 - 34 Años,Femenino,Guatemala,Guatemala,Profesional Independiente
1209,18 - 24 Años,Femenino,Guatemala,Villa Nueva,Estudiante
1210,18 - 24 Años,Femenino,Guatemala,Santa Catarina Pinula,Empresario
1211,18 - 24 Años,Femenino,Petén,Flores,Comerciante
1212,55 Años O Más,Masculino,Guatemala,Villa Nueva,Comerciante
1213,25 - 34 Años,Masculino,Sacatepéquez,Jocotenango,Estudiante
1214,18 - 24 Años,Masculino,Guatemala,Santa Catarina Pinula,Comerciante
1215,18 - 24 Años,Femenino,Guatemala,Guatemala,Profesional Independiente
1216,18 - 24 Años,Femenino,Escuintla,Santa Lucía Cotzumalguapa,Ama De Casa
1217,25 - 34 Años,Femenino,San Marcos,Cabecera Municipal,Jubilado
1218,45 - 54 Años,Masculino,Escuintla,Palín,Empleado Privado
1219,25 - 34 Años,Masculino,Sacatepéquez,Sumpango,Jubilado
1220,25 - 34 Años,Femenino,Guatemala,Villa Nueva,Comerciante
1221,55 Años O Más,Femenino,Guatemala,Guatemala,Empleado Privado
1222,Menos De 18 Años,Masculino,Retalhuleu,Cabecera Municipal,Jubilado
1223,Menos De 18 Años,Femenino,Guate,Guatemala,Estudiante
1224,18 - 24 Años,Femenino,Guatemala,Mixco,Empleado Privado
1225,55 Años O Más,Masculino,Guatemala,Mixco,Empleado Privado
1226,25 - 34 Años,Femenino,Izabal,Cabecera Municipal,Jubilado
1227,55 Años O Más,Masculino,Izabal,Otro Municipio,Profesional Independiente
1228,35 - 44 Años,Masculino,Quetzaltenango,Olintepeque,Estudiante
1229,55 Años O Más,Masculino,Sacatepéquez,Jocotenango,Comerciante
1230,55 Años O Más,Femenino,Jutiapa,Cabecera Municipal,Empleado Privado
1231,35 - 44 Años,Masculino,Guatemala,Guatemala,Empleado Privado
1232,35 - 44 Años,Masculino,Guatemala,Villa Nueva,Estudiante
1233,35 - 44 Años,Masculino,Quetzaltenango,Quetzaltenango,Empresario
1234,35 - 44 Años,Masculino,Guatemala,Mixco,Ama De Casa
1235,18 - 24 Años,Masculino,Guatemala,Guatemala,Empleado Público
1236,45 - 54 Años,Masculino,Guatemala,Guatemala,Jubilado
1237,25 - 34 Años,Masculino,Guatemala,San Miguel Petapa,Empleado Privado
1238,35 - 44 Años,Masculino,Sacatepéquez,Ciudad Vieja,Otro
1239,25 - 34 Años,Masculino,Sacatepéquez,Sumpango,Empleado Privado
1240,25 - 34 Años,Femenino,Guatemala,Guatemala,Estudiante
1241,55 Años O Más,Masculino,Guatemala,Santa Catarina Pinula,Estudiante
1242,25 - 34 Años,Femenino,Guatemala,Santa Catarina Pinula,Empleado Privado
1243,25 - 34 Años,Masculino,Guatemala,,Estudiante
1244,45 - 54 Años,Femenino,Guatemala,Santa Catarina Pinula,Empleado Público
1245,18 - 24 Años,Femenino,Escuintla,Palín,Estudiante
1246,Menos De 18 Años,Femenino,Sacatepéquez,,Empleado Público
1247,Menos De 18 Años,Masculino,Izabal,Cabecera Municipal,Empleado Privado
1248,18 - 24 Años,Femenino,Guatemala,Guatemala,Empleado Privado
1249,25 - 34 Años,Masculino,Guatemala,Mixco,Empleado Privado
1250,45 - 54 Años,Prefiero No Indicarlo,Jalapa,Otro Municipio,Estudiante
1251,25 - 34 Años,Femenino,Quiché,Otro Municipio,Empleado Privado
1252,55 Años O Más,Masculino,Guatemala,San Miguel Petapa,Ama De Casa
1253,18 - 24 Años,Masculino,Escuintla,Santa Lucía Cotzumalguapa,Empresario
1254,35 - 44 Años,Masculino,Guatemala,Mixco,Estudiante
1255,35 - 44 Años,Femenino,El Progreso,El Progreso,Empleado Privado
1256,55 Años O Más,Femenino,Guatemala,Villa Nueva,Empleado Público
1257,25 - 34 Años,Masculino,Guatemala,Villa Nueva,Profesional Independiente
1258,35 - 44 Años,Masculino,Quiché,Cabecera Municipal,Estudiante
1259,25 - 34 Años,Masculino,Guatemala,Villa Nueva,Empresario
1260,Menos De 18 Años,Femenino,Totonicapán,Otro Municipio,Empleado Privado
1261,25 - 34 Años,Femenino,Petén,San Benito,Comerciante
1262,35 - 44 Años,Masculino,Petén,Flores,Empleado Privado
1263,25 - 34 Años,Masculino,Guatemala,Mixco,Jubilado
1264,18 - 24 Años,Masculino,Totonicapán,Totonicapán,Empresario
1265,35 - 44 Años,Femenino,Quetzaltenango,Olintepeque,Comerciante
1266,25 - 34 Años,Femenino,Guatemala,Santa Catarina Pinula,Empresario
1267,25 - 34 Años,Femenino,Chimaltenango,Patzún,Estudiante
1268,45 - 54 Años,Femenino,Sacatepéquez,Sumpango,Empleado Privado
1269,45 - 54 Años,Femenino,Quetzaltenango,Coatepeque,Empresario
1270,25 - 34 Años,Femenino,Santa Rosa,Cabecera Municipal,Profesional Independiente
1271,35 - 44 Años,Masculino,Guatemala,Santa Catarina Pinula,Comerciante
1864,Menos De 18 Años,Masculino,Sacatepéquez,Ciudad Vieja,Ama De Casa
1273,25 - 34 Años,Masculino,San Marcos,San Marcos,Empleado Privado
1274,45 - 54 Años,Femenino,Sacatepéquez,Antigua Guatemala,Empleado Privado
1275,18 - 24 Años,Masculino,Jalapa,Cabecera Municipal,Ama De Casa
1276,18 - 24 Años,Femenino,Guatemala,San Miguel Petapa,Estudiante
1277,18 - 24 Años,Femenino,Guatemala,San Miguel Petapa,Estudiante
1278,25 - 34 Años,Femenino,Escuintla,Escuintla,Empleado Privado
1279,45 - 54 Años,Femenino,Sacatepéquez,Antigua Guatemala,Estudiante
1280,Menos De 18 Años,Femenino,Izabal,Otro Municipio,Profesional Independiente
1281,35 - 44 Años,Masculino,Guatemala,Guatemala,Empresario
1282,18 - 24 Años,Femenino,Guatemala,,Empleado Privado
1283,18 - 24 Años,Masculino,Huehuetenango,Otro Municipio,Empleado Privado
1284,55 Años O Más,Femenino,Guatemala,Santa Catarina Pinula,Empleado Privado
1285,35 - 44 Años,Masculino,Escuintla,Santa Lucía Cotzumalguapa,Empleado Privado
1286,35 - 44 Años,Masculino,Guatemala,Villa Nueva,Estudiante
1287,35 - 44 Años,Femenino,Alta Verapaz,,Empleado Privado
1288,25 - 34 Años,Femenino,Guatemala,Villa Nueva,Ama De Casa
1289,45 - 54 Años,Masculino,Quetzaltenango,Coatepeque,Empleado Privado
1290,25 - 34 Años,Femenino,Guatemala,Mixco,Comerciante
1291,Menos De 18 Años,Femenino,Petén,,Profesional Independiente
1292,25 - 34 Años,Masculino,Quetzaltenango,Olintepeque,Profesional Independiente
1293,25 - 34 Años,Masculino,Guatemala,Mixco,Empleado Privado
1294,35 - 44 Años,Femenino,Escuintla,Escuintla,Empleado Privado
1295,18 - 24 Años,Femenino,Guatemala,Santa Catarina Pinula,Empleado Privado
1296,55 Años O Más,Masculino,Quetzaltenango,Quetzaltenango,Comerciante
1297,35 - 44 Años,Masculino,Guatemala,San Miguel Petapa,Ama De Casa
1298,45 - 54 Años,Femenino,Alta Verapaz,Cabecera Municipal,Empleado Privado
1299,45 - 54 Años,Masculino,Chimaltenango,Tecpán Guatemala,Estudiante
1300,25 - 34 Años,Femenino,Guatemala,Villa Nueva,Estudiante
1301,18 - 24 Años,Masculino,Guatemala,Guatemala,Ama De Casa
1302,18 - 24 Años,Masculino,Guatemala,Santa Catarina Pinula,Empleado Privado
1303,25 - 34 Años,Femenino,El Progreso,Cabecera Municipal,Ama De Casa
1304,25 - 34 Años,Femenino,Guatemala,Villa Nueva,Estudiante
1305,18 - 24 Años,Masculino,Guatemala,Mixco,Estudiante
1306,35 - 44 Años,Femenino,Chimaltenango,Tecpán Guatemala,Estudiante
1307,25 - 34 Años,Femenino,Alta Verapaz,Cabecera Municipal,Empleado Privado
1308,18 - 24 Años,Masculino,Petén,Poptún,Otro
1309,45 - 54 Años,Masculino,Baja Verapaz,Cabecera Municipal,Profesional Independiente
1310,35 - 44 Años,Prefiero No Indicarlo,Guatemala,Villa Nueva,Empleado Privado
1311,18 - 24 Años,Femenino,Guate,San Miguel Petapa,Empleado Privado
1312,25 - 34 Años,Masculino,Guatemala,Guatemala,Estudiante
1313,Menos De 18 Años,Masculino,Guatemala,Guatemala,Empleado Público
1314,Menos De 18 Años,Masculino,Quetzaltenango,Quetzaltenango,Otro
1315,18 - 24 Años,Masculino,Escuintla,Escuintla,Empresario
1316,35 - 44 Años,Femenino,Guatemala,Mixco,Comerciante
1317,18 - 24 Años,Femenino,Retalhuleu,Cabecera Municipal,Empleado Público
1318,25 - 34 Años,Femenino,Guatemala,Mixco,Estudiante
2405,25 - 34 Años,Femenino,Guatemala,Villa Nueva,Profesional Independiente
1320,45 - 54 Años,Femenino,Guatemala,San Miguel Petapa,No Indicado
1321,55 Años O Más,Femenino,Sacatepéquez,Antigua Guatemala,No Indicado
1322,18 - 24 Años,Masculino,Escuintla,Palín,Comerciante
1323,18 - 24 Años,Masculino,Guatemala,Santa Catarina Pinula,Otro
1324,45 - 54 Años,Masculino,Sacatepéquez,Ciudad Vieja,Empleado Privado
1325,35 - 44 Años,Masculino,Guatemala,Villa Nueva,Profesional Independiente
1326,Menos De 18 Años,Femenino,Guatemala,Mixco,Estudiante
1327,18 - 24 Años,Masculino,Guatemala,Santa Catarina Pinula,Comerciante
1328,45 - 54 Años,Femenino,Guatemala,San Miguel Petapa,Empleado Privado
1329,Menos De 18 Años,Masculino,Guatemala,San Miguel Petapa,Empleado Privado
1330,25 - 34 Años,Femenino,Quetzaltenango,Coatepeque,Empleado Privado
1331,35 - 44 Años,Femenino,Chiquimula,Chiquimula,Empleado Privado
1332,25 - 34 Años,Masculino,Guatemala,Santa Catarina Pinula,Empleado Privado
1333,35 - 44 Años,Masculino,Santa Rosa,Cabecera Municipal,Empleado Privado
1334,55 Años O Más,Masculino,Sacatepéquez,Jocotenango,Comerciante
1335,45 - 54 Años,Femenino,Quetzaltenango,Olintepeque,Empresario
1336,55 Años O Más,Femenino,Guatemala,Santa Catarina Pinula,Empleado Público
1337,Menos De 18 Años,Masculino,Guatemala,Guatemala,Empleado Privado
538,35 - 44 Años,Femenino,Guatemala,San Miguel Petapa,Empresario
1339,25 - 34 Años,Femenino,Escuintla,Santa Lucía Cotzumalguapa,Empleado Privado
1340,45 - 54 Años,Masculino,Sacatepéquez,Ciudad Vieja,Empleado Privado
1341,18 - 24 Años,Femenino,El Progreso,,Empleado Privado
1342,25 - 34 Años,Femenino,Guatemala,Santa Catarina Pinula,Estudiante
1343,18 - 24 Años,Femenino,Guatemala,Mixco,Empleado Privado
1344,45 - 54 Años,Masculino,Guatemala,Villa Nueva,No Indicado
1345,Menos De 18 Años,Femenino,Escuintla,Palín,Empresario
1346,25 - 34 Años,Masculino,Jalapa,Jalapa,Estudiante
1347,25 - 34 Años,Masculino,Guatemala,San Miguel Petapa,Estudiante
1348,35 - 44 Años,Femenino,Guatemala,Santa Catarina Pinula,Empresario
1349,45 - 54 Años,Masculino,Quetzaltenango,Quetzaltenango,Empleado Privado
1350,35 - 44 Años,Femenino,Escuintla,Palín,Empleado Público
1351,Menos De 18 Años,Prefiero No Indicarlo,Quetzaltenango,Olintepeque,Empleado Privado
1352,Menos De 18 Años,Masculino,Chimaltenango,Tecpán Guatemala,Empleado Privado
1353,Menos De 18 Años,Masculino,Totonicapán,Cabecera Municipal,Empleado Público
1354,55 Años O Más,Masculino,Escuintla,Escuintla,Empleado Privado
1355,45 - 54 Años,Masculino,Guatemala,Santa Catarina Pinula,Otro
1356,25 - 34 Años,Masculino,Guatemala,Santa Catarina Pinula,Otro
1357,35 - 44 Años,Masculino,Guatemala,Santa Catarina Pinula,Otro
1358,45 - 54 Años,Femenino,Guatemala,Mixco,Estudiante
1359,45 - 54 Años,Femenino,Guatemala,Villa Nueva,Profesional Independiente
1360,35 - 44 Años,Masculino,Guatemala,Santa Catarina Pinula,Estudiante
1361,25 - 34 Años,Femenino,Escuintla,Escuintla,Empleado Privado
1362,18 - 24 Años,Femenino,Jalapa,Cabecera Municipal,Empleado Privado
1363,18 - 24 Años,Masculino,Guatemala,Santa Catarina Pinula,Empleado Público
1364,18 - 24 Años,Masculino,Quetzaltenango,Olintepeque,Ama De Casa
1365,35 - 44 Años,Femenino,Guatemala,Villa Nueva,Empleado Privado
1366,25 - 34 Años,Femenino,Guatemala,San Miguel Petapa,Empleado Público
1367,45 - 54 Años,Masculino,Escuintla,Santa Lucía Cotzumalguapa,Empleado Público
1368,25 - 34 Años,Femenino,Guatemala,Villa Nueva,Empleado Privado
1369,25 - 34 Años,Masculino,Quetzaltenango,Coatepeque,Empleado Privado
1370,25 - 34 Años,Masculino,Sacatepéquez,Antigua Guatemala,Otro
1371,25 - 34 Años,Masculino,Guatemala,San Miguel Petapa,Empleado Privado
1372,25 - 34 Años,Masculino,Guatemala,Santa Catarina Pinula,Estudiante
1373,25 - 34 Años,Masculino,Quiché,Quiché,Comerciante
1374,18 - 24 Años,Femenino,Sacatepéquez,Sumpango,Empleado Privado
1375,25 - 34 Años,Femenino,Guatemala,San Miguel Petapa,Empleado Privado
1376,25 - 34 Años,Masculino,San Marcos,San Marcos,Profesional Independiente
1377,Menos De 18 Años,Masculino,Guatemala,San Miguel Petapa,Profesional Independiente
1378,35 - 44 Años,Masculino,Retalhuleu,Retalhuleu,Empleado Privado
1379,45 - 54 Años,Femenino,Sacatepéquez,Jocotenango,Empleado Privado
1380,25 - 34 Años,Femenino,Baja Verapaz,Baja Verapaz,Empleado Público
1381,55 Años O Más,Prefiero No Indicarlo,Escuintla,Escuintla,Empleado Privado
1382,18 - 24 Años,Masculino,Quetzaltenango,Quetzaltenango,Empleado Privado
1383,45 - 54 Años,Femenino,Baja Verapaz,Otro Municipio,Estudiante
1384,25 - 34 Años,Femenino,Sacatepéquez,Ciudad Vieja,Empleado Privado
1385,35 - 44 Años,Masculino,Jutiapa,Jutiapa,Empleado Privado
1386,35 - 44 Años,Femenino,Sololá,Sololá,Profesional Independiente
1387,18 - 24 Años,Femenino,Guatemala,Guatemala,Otro
1388,Menos De 18 Años,Femenino,Suchitepéquez,Otro Municipio,Empresario
1389,45 - 54 Años,Masculino,Guatemala,Mixco,Empleado Privado
1390,35 - 44 Años,Femenino,Guatemala,Villa Nueva,Estudiante
1391,45 - 54 Años,Femenino,Sololá,Cabecera Municipal,Empleado Privado
1392,25 - 34 Años,Femenino,Guatemala,Mixco,Empleado Público
1393,Menos De 18 Años,Prefiero No Indicarlo,Guatemala,Santa Catarina Pinula,Profesional Independiente
1394,Menos De 18 Años,Masculino,Chimaltenango,Patzún,Otro
1395,18 - 24 Años,Femenino,Retalhuleu,Otro Municipio,Empleado Privado
1396,45 - 54 Años,Femenino,Guatemala,Santa Catarina Pinula,Empleado Público
1397,25 - 34 Años,Masculino,Suchitepéquez,Cabecera Municipal,Profesional Independiente
1398,18 - 24 Años,Masculino,Guatemala,Guatemala,Estudiante
1399,18 - 24 Años,Femenino,Guatemala,San Miguel Petapa,Empleado Privado
1400,Menos De 18 Años,Femenino,Quetzaltenango,Coatepeque,Comerciante
1401,25 - 34 Años,Masculino,Guatemala,San Miguel Petapa,Comerciante
1402,35 - 44 Años,Femenino,Guatemala,Guatemala,Ama De Casa
1403,18 - 24 Años,Masculino,Guatemala,Villa Nueva,Ama De Casa
1404,35 - 44 Años,Femenino,Chimaltenango,Tecpán Guatemala,Empleado Privado
1405,Menos De 18 Años,Femenino,San Marcos,Otro Municipio,Empleado Privado
1406,35 - 44 Años,Masculino,Guatemala,Mixco,Estudiante
1407,35 - 44 Años,Femenino,Guatemala,Santa Catarina Pinula,Comerciante
1408,35 - 44 Años,Femenino,Guatemala,San Miguel Petapa,Empleado Privado
1409,25 - 34 Años,Femenino,Escuintla,Palín,Empleado Privado
1410,18 - 24 Años,Masculino,Sacatepéquez,Jocotenango,Estudiante
1411,18 - 24 Años,Prefiero No Indicarlo,Huehuetenango,Huehuetenango,Empleado Privado
1412,25 - 34 Años,Femenino,Guatemala,Santa Catarina Pinula,Ama De Casa
1413,18 - 24 Años,Masculino,Chimaltenango,,Comerciante
1414,35 - 44 Años,Masculino,Guatemala,Santa Catarina Pinula,Empleado Privado
1415,55 Años O Más,Masculino,Guatemala,Guatemala,Estudiante
1416,45 - 54 Años,Masculino,Huehuetenango,Otro Municipio,Empleado Privado
1417,25 - 34 Años,Femenino,Guatemala,Santa Catarina Pinula,Profesional Independiente
1418,25 - 34 Años,Femenino,Guatemala,Mixco,Empleado Privado
1419,35 - 44 Años,Femenino,Huehuetenango,Otro Municipio,Comerciante
1420,35 - 44 Años,Masculino,Jutiapa,Jutiapa,Empleado Público
1421,55 Años O Más,Femenino,Guatemala,San Miguel Petapa,Empleado Privado
1422,25 - 34 Años,Masculino,Zacapa,Otro Municipio,Empleado Público
2478,18 - 24 Años,Femenino,Guatemala,Villa Nueva,Comerciante
1424,45 - 54 Años,Masculino,Guatemala,Santa Catarina Pinula,Estudiante
1425,45 - 54 Años,Femenino,Guatemala,Villa Nueva,Estudiante
1426,25 - 34 Años,Femenino,Quetzaltenango,Olintepeque,Empleado Privado
1427,18 - 24 Años,Femenino,Guatemala,Santa Catarina Pinula,Comerciante
1428,25 - 34 Años,Masculino,Guatemala,Villa Nueva,Empleado Privado
1429,45 - 54 Años,Femenino,Guatemala,Villa Nueva,Estudiante
1430,25 - 34 Años,Masculino,Guatemala,Guatemala,Estudiante
1431,55 Años O Más,Masculino,Santa Rosa,Cabecera Municipal,Profesional Independiente
1432,18 - 24 Años,Masculino,Chiquimula,Chiquimula,Empleado Privado
1433,35 - 44 Años,Femenino,Sacatepéquez,Ciudad Vieja,Comerciante
1434,25 - 34 Años,Masculino,Chimaltenango,,Empleado Privado
1435,35 - 44 Años,Prefiero No Indicarlo,Guatemala,San Miguel Petapa,Otro
1436,45 - 54 Años,Femenino,Guatemala,Mixco,Ama De Casa
1437,35 - 44 Años,Masculino,Guatemala,Santa Catarina Pinula,Comerciante
1438,Menos De 18 Años,Masculino,Guatemala,Villa Nueva,Profesional Independiente
1439,25 - 34 Años,Masculino,Quetzaltenango,Coatepeque,Empleado Público
1440,45 - 54 Años,Femenino,Chimaltenango,Patzún,Empleado Privado
1441,25 - 34 Años,Femenino,Jutiapa,Jutiapa,Empleado Privado
1442,35 - 44 Años,Masculino,Totonicapán,Totonicapán,Otro
1443,55 Años O Más,Masculino,Guatemala,Mixco,Empleado Público
1444,25 - 34 Años,Femenino,Guatemala,Villa Nueva,Comerciante
1445,35 - 44 Años,Masculino,Guatemala,Guatemala,Empleado Privado
1446,55 Años O Más,Masculino,Guatemala,Mixco,Estudiante
1447,55 Años O Más,Femenino,El Progreso,El Progreso,Empleado Privado
1448,18 - 24 Años,Femenino,Baja Verapaz,Baja Verapaz,No Indicado
1449,45 - 54 Años,Femenino,Escuintla,Santa Lucía Cotzumalguapa,Estudiante
1450,18 - 24 Años,Masculino,Quetzaltenango,Olintepeque,Empleado Privado
1451,18 - 24 Años,Masculino,Guatemala,Villa Nueva,Empleado Público
1452,25 - 34 Años,Masculino,Guatemala,Mixco,Empleado Privado
1453,25 - 34 Años,Masculino,Petén,Flores,Empresario
1454,45 - 54 Años,Masculino,Sacatepéquez,Sumpango,Comerciante
1455,45 - 54 Años,Femenino,Guatemala,Santa Catarina Pinula,No Indicado
1456,18 - 24 Años,Masculino,Retalhuleu,Otro Municipio,Empleado Privado
1457,45 - 54 Años,Femenino,Guatemala,Guatemala,Empleado Privado
1458,35 - 44 Años,Femenino,Sacatepéquez,Sumpango,Empleado Privado
927,55 Años O Más,Masculino,Zacapa,Otro Municipio,Otro
1460,25 - 34 Años,Femenino,San Marcos,Otro Municipio,Empleado Público
1461,25 - 34 Años,Masculino,Totonicapán,Cabecera Municipal,Jubilado
1462,25 - 34 Años,Masculino,Quetzaltenango,Quetzaltenango,Empresario
1463,35 - 44 Años,Femenino,Guatemala,San Miguel Petapa,Comerciante
1464,18 - 24 Años,Masculino,Izabal,Cabecera Municipal,Empresario
1465,18 - 24 Años,Masculino,Guatemala,San Miguel Petapa,Profesional Independiente
1466,25 - 34 Años,Femenino,Guatemala,San Miguel Petapa,Estudiante
1467,35 - 44 Años,Masculino,Guatemala,Santa Catarina Pinula,Empleado Privado
1468,18 - 24 Años,Femenino,El Progreso,El Progreso,Empleado Privado
1469,18 - 24 Años,Femenino,Escuintla,Escuintla,Profesional Independiente
1470,18 - 24 Años,Masculino,Guatemala,San Miguel Petapa,Otro
1471,25 - 34 Años,Femenino,Sacatepéquez,Jocotenango,Estudiante
1472,45 - 54 Años,Femenino,Chimaltenango,Chimaltenango,Empleado Público
1473,45 - 54 Años,Femenino,Jalapa,Jalapa,Profesional Independiente
1474,18 - 24 Años,Femenino,Guatemala,Villa Nueva,Estudiante
1475,25 - 34 Años,Femenino,Jalapa,Cabecera Municipal,Comerciante
1476,25 - 34 Años,Masculino,Escuintla,Santa Lucía Cotzumalguapa,Empleado Privado
1477,18 - 24 Años,Femenino,Sololá,Otro Municipio,Empresario
1478,25 - 34 Años,Masculino,Quetzaltenango,Quetzaltenango,Empleado Privado
1479,25 - 34 Años,Masculino,Quetzaltenango,Olintepeque,Estudiante
1480,18 - 24 Años,Femenino,Quetzaltenango,Quetzaltenango,Estudiante
1481,25 - 34 Años,Masculino,El Progreso,Otro Municipio,Empresario
1482,25 - 34 Años,Masculino,Santa Rosa,Cabecera Municipal,Empleado Privado
1483,55 Años O Más,Masculino,Guatemala,Santa Catarina Pinula,Otro
1484,18 - 24 Años,Femenino,Guatemala,Santa Catarina Pinula,Empleado Privado
1485,18 - 24 Años,Femenino,Guatemala,Mixco,Profesional Independiente
1486,Menos De 18 Años,Femenino,Santa Rosa,Cabecera Municipal,Comerciante
1487,18 - 24 Años,Femenino,Alta Verapaz,Alta Verapaz,Empresario
1488,55 Años O Más,Femenino,Guatemala,Mixco,Empleado Privado
1489,45 - 54 Años,Masculino,Guatemala,Villa Nueva,Comerciante
1490,18 - 24 Años,Masculino,Guatemala,Santa Catarina Pinula,No Indicado
1491,35 - 44 Años,Femenino,Guatemala,San Miguel Petapa,Estudiante
1492,18 - 24 Años,Femenino,Sacatepéquez,Antigua Guatemala,Empleado Privado
1493,Menos De 18 Años,Femenino,Quetzaltenango,Olintepeque,Empleado Privado
1494,25 - 34 Años,Masculino,Chimaltenango,Chimaltenango,Estudiante
1495,45 - 54 Años,Masculino,Chimaltenango,Patzún,Empleado Privado
1496,Menos De 18 Años,Masculino,Quiché,Otro Municipio,Empleado Privado
1497,35 - 44 Años,Femenino,Quetzaltenango,Olintepeque,Empresario
1498,Menos De 18 Años,Femenino,Guatemala,San Miguel Petapa,Empleado Privado
1499,35 - 44 Años,Femenino,Guatemala,Villa Nueva,Estudiante
1500,18 - 24 Años,Femenino,Chimaltenango,Patzún,Empleado Privado
1501,18 - 24 Años,Femenino,Guatemala,San Miguel Petapa,Empleado Privado
1502,18 - 24 Años,Femenino,Guatemala,Villa Nueva,Ama De Casa
1503,35 - 44 Años,Masculino,Guatemala,Villa Nueva,Empresario
1504,25 - 34 Años,Prefiero No Indicarlo,Escuintla,Escuintla,Empleado Privado
1505,25 - 34 Años,Femenino,Guatemala,Mixco,Estudiante
1506,45 - 54 Años,Prefiero No Indicarlo,Quetzaltenango,Coatepeque,Estudiante
1507,25 - 34 Años,Masculino,Guatemala,Mixco,Empleado Público
1508,18 - 24 Años,Masculino,Guatemala,San Miguel Petapa,Empleado Público
1509,Menos De 18 Años,Masculino,Sacatepéquez,Jocotenango,Comerciante
1510,Menos De 18 Años,Femenino,Sacatepéquez,Antigua Guatemala,Empleado Público
1511,45 - 54 Años,Masculino,Santa Rosa,Santa Rosa,Estudiante
1512,Menos De 18 Años,Masculino,Guatemala,Mixco,Empleado Público
1513,18 - 24 Años,Masculino,Huehuetenango,Otro Municipio,Comerciante
1514,35 - 44 Años,Masculino,Sacatepéquez,Jocotenango,Profesional Independiente
1515,35 - 44 Años,Masculino,Suchitepéquez,Cabecera Municipal,Empleado Privado
1516,25 - 34 Años,Femenino,Guatemala,San Miguel Petapa,Empleado Privado
1517,25 - 34 Años,Masculino,Guatemala,Mixco,Comerciante
1518,Menos De 18 Años,Masculino,Guatemala,San Miguel Petapa,Comerciante
1519,45 - 54 Años,Femenino,Guatemala,Santa Catarina Pinula,Empleado Público
1520,Menos De 18 Años,Masculino,Guatemala,Villa Nueva,Empresario
1521,18 - 24 Años,Femenino,Sacatepéquez,Sumpango,Comerciante
1522,Menos De 18 Años,Masculino,El Progreso,Cabecera Municipal,Estudiante
1523,25 - 34 Años,Masculino,Guatemala,San Miguel Petapa,Profesional Independiente
1524,25 - 34 Años,Masculino,Sacatepéquez,Antigua Guatemala,Empleado Público
1525,18 - 24 Años,Femenino,Guatemala,San Miguel Petapa,Empleado Privado
1526,18 - 24 Años,Femenino,Retalhuleu,Cabecera Municipal,Empleado Privado
1527,25 - 34 Años,Femenino,Chimaltenango,Chimaltenango,Empleado Público
1528,Menos De 18 Años,Masculino,Guatemala,Villa Nueva,Empleado Privado
1529,45 - 54 Años,Prefiero No Indicarlo,Huehuetenango,Huehuetenango,Empleado Privado
1530,18 - 24 Años,Masculino,Guatemala,Villa Nueva,Empleado Privado
1531,35 - 44 Años,Masculino,Escuintla,Palín,Otro
1532,18 - 24 Años,Masculino,Guatemala,San Miguel Petapa,Ama De Casa
1533,25 - 34 Años,Masculino,Alta Verapaz,Cabecera Municipal,Estudiante
1534,25 - 34 Años,Masculino,Guatemala,Mixco,Comerciante
1535,18 - 24 Años,Femenino,Sacatepéquez,Sumpango,Empresario
1536,25 - 34 Años,Masculino,Escuintla,Santa Lucía Cotzumalguapa,Comerciante
1537,35 - 44 Años,Femenino,Guatemala,Santa Catarina Pinula,Ama De Casa
1538,25 - 34 Años,Femenino,Guatemala,San Miguel Petapa,Comerciante
1539,18 - 24 Años,Masculino,Huehuetenango,Huehuetenango,Empleado Público
1540,25 - 34 Años,Femenino,Suchitepéquez,Cabecera Municipal,Empleado Privado
1541,45 - 54 Años,Femenino,Guatemala,San Miguel Petapa,Empleado Privado
1542,18 - 24 Años,Femenino,Quetzaltenango,Olintepeque,Empleado Privado
1543,45 - 54 Años,Masculino,Alta Verapaz,Otro Municipio,Empleado Privado
1544,18 - 24 Años,Femenino,Quetzaltenango,Olintepeque,Empleado Privado
1545,Menos De 18 Años,Femenino,Chiquimula,Cabecera Municipal,Estudiante
1546,35 - 44 Años,Masculino,Guatemala,Villa Nueva,Estudiante
1547,18 - 24 Años,Femenino,Guatemala,Villa Nueva,Empleado Privado
1548,35 - 44 Años,Femenino,Guatemala,Mixco,Empleado Privado
1549,18 - 24 Años,Masculino,Xela,Olintepeque,Empleado Privado
1550,25 - 34 Años,Femenino,Guatemala,Guatemala,Comerciante
1551,18 - 24 Años,Femenino,Quiché,Otro Municipio,Ama De Casa
1552,Menos De 18 Años,Masculino,Quetzaltenango,Olintepeque,Empleado Privado
1553,25 - 34 Años,Prefiero No Indicarlo,Retalhuleu,Retalhuleu,Comerciante
1554,18 - 24 Años,Masculino,Guatemala,Santa Catarina Pinula,Estudiante
1555,45 - 54 Años,Femenino,Guatemala,Guatemala,Profesional Independiente
1556,Menos De 18 Años,Masculino,Jalapa,Cabecera Municipal,Empleado Privado
1557,18 - 24 Años,Femenino,Guatemala,Santa Catarina Pinula,Ama De Casa
1558,45 - 54 Años,Femenino,Guatemala,,Otro
1559,45 - 54 Años,Masculino,Totonicapán,Cabecera Municipal,Comerciante
1560,25 - 34 Años,Masculino,Guatemala,Guatemala,Comerciante
1561,35 - 44 Años,Femenino,Zacapa,Otro Municipio,Empleado Privado
1562,35 - 44 Años,Femenino,Baja Verapaz,Otro Municipio,Comerciante
1563,25 - 34 Años,Femenino,Quetzaltenango,Olintepeque,Estudiante
1564,25 - 34 Años,Masculino,Quetzaltenango,Olintepeque,Empleado Privado
1565,35 - 44 Años,Masculino,Guatemala,Santa Catarina Pinula,Empleado Público
1566,25 - 34 Años,Femenino,Quetzaltenango,Coatepeque,Estudiante
1567,18 - 24 Años,Femenino,Chimaltenango,Tecpán Guatemala,Empleado Privado
1568,45 - 54 Años,Masculino,Guatemala,Guatemala,Empleado Privado
1569,18 - 24 Años,Femenino,Sacatepéquez,Antigua Guatemala,Otro
1570,18 - 24 Años,Masculino,Guatemala,Mixco,Profesional Independiente
1571,25 - 34 Años,Masculino,Suchitepéquez,Otro Municipio,Comerciante
1572,Menos De 18 Años,Masculino,Quetzaltenango,Olintepeque,Empleado Privado
1573,25 - 34 Años,Masculino,Chiquimula,Chiquimula,Empleado Público
1574,18 - 24 Años,Femenino,Guatemala,Santa Catarina Pinula,Empleado Privado
1575,25 - 34 Años,Masculino,Escuintla,Escuintla,Empleado Privado
1576,25 - 34 Años,Femenino,Sacatepéquez,Sumpango,Empleado Privado
1577,25 - 34 Años,Femenino,Guatemala,Guatemala,Ama De Casa
1578,18 - 24 Años,Masculino,El Progreso,Otro Municipio,Comerciante
1579,Menos De 18 Años,Masculino,Guatemala,,Profesional Independiente
1580,25 - 34 Años,Masculino,Jalapa,Otro Municipio,Empleado Privado
1581,18 - 24 Años,Femenino,Chimaltenango,Tecpán Guatemala,Ama De Casa
1582,25 - 34 Años,Masculino,Sacatepéquez,Sumpango,Profesional Independiente
1583,18 - 24 Años,Femenino,Guatemala,Guatemala,Profesional Independiente
1584,25 - 34 Años,Masculino,Guatemala,San Miguel Petapa,Comerciante
1585,35 - 44 Años,Masculino,Escuintla,Santa Lucía Cotzumalguapa,Profesional Independiente
1586,45 - 54 Años,Femenino,Guatemala,Mixco,Empresario
1587,Menos De 18 Años,Prefiero No Indicarlo,Guatemala,San Miguel Petapa,Empleado Público
1588,35 - 44 Años,Masculino,Retalhuleu,Retalhuleu,Empleado Privado
1589,35 - 44 Años,Masculino,Guatemala,Guatemala,Empresario
1590,35 - 44 Años,Femenino,Guatemala,Mixco,Empleado Público
1591,18 - 24 Años,Masculino,Chimaltenango,Chimaltenango,Empleado Privado
1592,25 - 34 Años,Femenino,Escuintla,Escuintla,Estudiante
1593,18 - 24 Años,Femenino,Quetzaltenango,Olintepeque,Empresario
1594,18 - 24 Años,Masculino,Guatemala,Guatemala,Empleado Privado
1595,55 Años O Más,Femenino,Guatemala,Villa Nueva,Empleado Privado
1596,25 - 34 Años,Femenino,Huehuetenango,Huehuetenango,Empleado Privado
1597,35 - 44 Años,Femenino,Chiquimula,,Estudiante
1598,18 - 24 Años,Femenino,Guatemala,Mixco,Empleado Privado
1599,25 - 34 Años,Masculino,Escuintla,Escuintla,Empleado Privado
1600,Menos De 18 Años,Femenino,Guatemala,Santa Catarina Pinula,Comerciante
1601,18 - 24 Años,Masculino,Chimaltenango,Tecpán Guatemala,Empleado Público
1602,Menos De 18 Años,Femenino,Guatemala,Villa Nueva,Empleado Privado
1603,25 - 34 Años,Femenino,Escuintla,Escuintla,Profesional Independiente
1604,35 - 44 Años,Femenino,Alta Verapaz,Cabecera Municipal,Estudiante
1605,Menos De 18 Años,Femenino,Guatemala,Villa Nueva,Empleado Privado
1606,45 - 54 Años,Femenino,Izabal,Otro Municipio,Empleado Privado
1607,25 - 34 Años,Femenino,Guatemala,Mixco,Profesional Independiente
1608,25 - 34 Años,Femenino,Guatemala,Villa Nueva,Empleado Público
1609,45 - 54 Años,Femenino,Huehuetenango,Cabecera Municipal,Ama De Casa
1610,45 - 54 Años,Masculino,Guatemala,Mixco,Estudiante
1611,45 - 54 Años,Femenino,Chimaltenango,Tecpán Guatemala,Empleado Privado
1612,25 - 34 Años,Masculino,Petén,San Benito,Otro
1613,25 - 34 Años,Femenino,Guatemala,Mixco,Estudiante
1614,45 - 54 Años,Femenino,Escuintla,Santa Lucía Cotzumalguapa,No Indicado
1615,18 - 24 Años,Femenino,Guatemala,Santa Catarina Pinula,Profesional Independiente
1616,18 - 24 Años,Masculino,Quetzaltenango,Coatepeque,Estudiante
1617,35 - 44 Años,Femenino,Jalapa,Otro Municipio,Empleado Privado
1618,Menos De 18 Años,Masculino,Chimaltenango,Patzún,Otro
1619,25 - 34 Años,Femenino,Guatemala,Guatemala,Empleado Privado
1620,45 - 54 Años,Masculino,Escuintla,Santa Lucía Cotzumalguapa,Empleado Privado
1621,18 - 24 Años,Femenino,Guatemala,San Miguel Petapa,Empleado Privado
1622,25 - 34 Años,Femenino,Guatemala,Villa Nueva,Comerciante
1623,18 - 24 Años,Femenino,Guatemala,Mixco,Estudiante
1624,18 - 24 Años,Masculino,Guatemala,Villa Nueva,Comerciante
1625,18 - 24 Años,Masculino,Guatemala,Mixco,Profesional Independiente
1626,Menos De 18 Años,Masculino,Guatemala,San Miguel Petapa,Empleado Privado
1627,45 - 54 Años,Femenino,Petén,Flores,Profesional Independiente
1628,45 - 54 Años,Masculino,Sololá,Otro Municipio,Jubilado
1629,25 - 34 Años,Masculino,Guatemala,Guatemala,Otro
1630,35 - 44 Años,Femenino,Zacapa,Cabecera Municipal,Empleado Privado
1631,25 - 34 Años,Femenino,Guatemala,San Miguel Petapa,Estudiante
1632,55 Años O Más,Masculino,Chimaltenango,Tecpán Guatemala,Empleado Privado
1633,18 - 24 Años,Femenino,Guatemala,Mixco,Profesional Independiente
1634,18 - 24 Años,Femenino,Guatemala,Mixco,Estudiante
1635,18 - 24 Años,Femenino,Guatemala,Villa Nueva,Empleado Público
1636,35 - 44 Años,Femenino,Guatemala,San Miguel Petapa,Comerciante
1637,35 - 44 Años,Masculino,Escuintla,Santa Lucía Cotzumalguapa,Empleado Privado
1638,18 - 24 Años,Femenino,Guatemala,Villa Nueva,Comerciante
1639,25 - 34 Años,Femenino,Alta Verapaz,Cabecera Municipal,Ama De Casa
1640,25 - 34 Años,Prefiero No Indicarlo,Chimaltenango,Patzún,Jubilado
1641,25 - 34 Años,Masculino,Guatemala,Mixco,Estudiante
1642,35 - 44 Años,Femenino,Guatemala,Santa Catarina Pinula,Empleado Privado
1643,18 - 24 Años,Femenino,Guatemala,Guatemala,Empleado Privado
1644,25 - 34 Años,Masculino,Zacapa,Zacapa,Comerciante
1645,Menos De 18 Años,Femenino,Escuintla,Santa Lucía Cotzumalguapa,Empresario
1646,25 - 34 Años,Masculino,Guatemala,Mixco,Profesional Independiente
1647,55 Años O Más,Femenino,Guatemala,Guatemala,Estudiante
1648,35 - 44 Años,Femenino,Sololá,Cabecera Municipal,Empleado Privado
1649,35 - 44 Años,Masculino,Jalapa,Otro Municipio,Jubilado
1650,35 - 44 Años,Femenino,Guatemala,Santa Catarina Pinula,Empleado Privado
1651,35 - 44 Años,Masculino,Huehuetenango,Huehuetenango,Estudiante
1652,25 - 34 Años,Masculino,Guatemala,San Miguel Petapa,Profesional Independiente
1653,35 - 44 Años,Masculino,Guatemala,Guatemala,Empleado Privado
1654,Menos De 18 Años,Masculino,San Marcos,Otro Municipio,Ama De Casa
1655,35 - 44 Años,Femenino,Quetzaltenango,Olintepeque,Ama De Casa
1656,18 - 24 Años,Masculino,Guatemala,Santa Catarina Pinula,Empleado Público
1657,18 - 24 Años,Masculino,Jalapa,Cabecera Municipal,Empleado Privado
1658,25 - 34 Años,Femenino,Totonicapán,Totonicapán,Empleado Privado
1659,18 - 24 Años,Femenino,Totonicapán,Totonicapán,Otro
1660,18 - 24 Años,Femenino,Baja Verapaz,Otro Municipio,Ama De Casa
1661,Menos De 18 Años,Femenino,Escuintla,Palín,Empleado Público
1662,35 - 44 Años,Masculino,Zacapa,,Empleado Privado
1663,18 - 24 Años,Femenino,Guatemala,Mixco,No Indicado
1664,35 - 44 Años,Femenino,Guatemala,Guatemala,Comerciante
1665,25 - 34 Años,Masculino,Sololá,Cabecera Municipal,Empleado Privado
1666,35 - 44 Años,Femenino,Izabal,Otro Municipio,Ama De Casa
1667,25 - 34 Años,Masculino,Guate,Mixco,Estudiante
1668,35 - 44 Años,Femenino,San Marcos,San Marcos,Profesional Independiente
1669,25 - 34 Años,Masculino,Guatemala,San Miguel Petapa,Empleado Privado
1670,35 - 44 Años,Femenino,Guate,Villa Nueva,Empleado Privado
1671,35 - 44 Años,Masculino,Chimaltenango,Chimaltenango,Estudiante
1672,25 - 34 Años,Femenino,Escuintla,Palín,Estudiante
1673,Menos De 18 Años,Femenino,Guatemala,Mixco,Empleado Privado
1674,35 - 44 Años,Femenino,Guatemala,Villa Nueva,Empresario
1675,25 - 34 Años,Femenino,Guatemala,Mixco,Estudiante
1676,45 - 54 Años,Femenino,Sacatepéquez,Ciudad Vieja,Empleado Público
1677,25 - 34 Años,Femenino,Suchitepéquez,Otro Municipio,Empleado Privado
1678,25 - 34 Años,Masculino,Quetzaltenango,,Estudiante
1679,18 - 24 Años,Masculino,Quetzaltenango,Quetzaltenango,Ama De Casa
1680,55 Años O Más,Masculino,Guate,Santa Catarina Pinula,Comerciante
1681,35 - 44 Años,Femenino,Guatemala,Guatemala,Ama De Casa
1682,18 - 24 Años,Masculino,Guatemala,Guatemala,Empleado Público
1683,25 - 34 Años,Masculino,Guatemala,San Miguel Petapa,Otro
1684,Menos De 18 Años,Masculino,Guatemala,Mixco,Empleado Privado
1685,25 - 34 Años,Masculino,Chimaltenango,Chimaltenango,Profesional Independiente
1686,Menos De 18 Años,Masculino,Guatemala,Guatemala,Ama De Casa
1687,25 - 34 Años,Femenino,Retalhuleu,Otro Municipio,Empleado Privado
1688,25 - 34 Años,Femenino,Chiquimula,Cabecera Municipal,Empleado Privado
1689,35 - 44 Años,Masculino,Quetzaltenango,Coatepeque,Otro
1690,35 - 44 Años,Masculino,Jalapa,,Ama De Casa
1691,18 - 24 Años,Femenino,Sacatepéquez,Antigua Guatemala,Profesional Independiente
1692,45 - 54 Años,Masculino,Guatemala,Villa Nueva,Profesional Independiente
1693,35 - 44 Años,Masculino,Sololá,Sololá,Estudiante
1694,45 - 54 Años,Femenino,Guatemala,Guatemala,Empleado Privado
1695,18 - 24 Años,Femenino,Petén,Flores,Empleado Privado
1696,18 - 24 Años,Masculino,Chiquimula,Otro Municipio,Empresario
1697,45 - 54 Años,Masculino,Guatemala,Mixco,Profesional Independiente
1698,25 - 34 Años,Femenino,Guatemala,Santa Catarina Pinula,Empleado Público
1699,45 - 54 Años,Masculino,Guatemala,Guatemala,Estudiante
1700,18 - 24 Años,Masculino,Sacatepéquez,Jocotenango,Empleado Privado
1701,45 - 54 Años,Masculino,Guatemala,Mixco,Empleado Privado
1702,Menos De 18 Años,Masculino,Retalhuleu,Cabecera Municipal,Estudiante
1703,45 - 54 Años,Masculino,Guatemala,San Miguel Petapa,Empleado Privado
1704,55 Años O Más,Masculino,Sololá,Cabecera Municipal,Profesional Independiente
1705,Menos De 18 Años,Masculino,Chimaltenango,Patzún,Comerciante
1706,45 - 54 Años,Masculino,Guatemala,Villa Nueva,Empleado Privado
1707,18 - 24 Años,Masculino,Chimaltenango,Chimaltenango,Comerciante
1708,Menos De 18 Años,Masculino,Quetzaltenango,Quetzaltenango,Profesional Independiente
1709,18 - 24 Años,Masculino,Guatemala,Mixco,Empleado Privado
1710,35 - 44 Años,Femenino,Guatemala,Guatemala,Empleado Privado
1711,25 - 34 Años,Masculino,Guatemala,,Empleado Privado
1712,45 - 54 Años,Femenino,Chimaltenango,Patzún,Ama De Casa
1713,35 - 44 Años,Masculino,Sacatepéquez,Antigua Guatemala,Empleado Privado
1714,35 - 44 Años,Femenino,Sololá,Cabecera Municipal,Empleado Público
1715,35 - 44 Años,Masculino,Guatemala,Villa Nueva,Estudiante
1716,35 - 44 Años,Femenino,Chimaltenango,Tecpán Guatemala,Empleado Público
1717,35 - 44 Años,Prefiero No Indicarlo,Suchitepéquez,Otro Municipio,Estudiante
1718,35 - 44 Años,Femenino,Quiché,Otro Municipio,Estudiante
1719,55 Años O Más,Masculino,San Marcos,Cabecera Municipal,Empleado Privado
1720,25 - 34 Años,Femenino,Guatemala,Mixco,Empresario
1721,25 - 34 Años,Masculino,Guatemala,San Miguel Petapa,Empleado Privado
1722,18 - 24 Años,Masculino,Zacapa,Otro Municipio,Comerciante
1723,Menos De 18 Años,Masculino,Guatemala,Mixco,Ama De Casa
1724,25 - 34 Años,Prefiero No Indicarlo,Retalhuleu,Cabecera Municipal,Ama De Casa
1725,18 - 24 Años,Masculino,Quetzaltenango,Coatepeque,Ama De Casa
1726,18 - 24 Años,Masculino,Guatemala,Guatemala,Empleado Público
1727,35 - 44 Años,Femenino,Quetzaltenango,Olintepeque,Empleado Privado
1728,35 - 44 Años,Femenino,Guatemala,Guatemala,No Indicado
1729,18 - 24 Años,Masculino,Escuintla,Palín,Otro
1730,25 - 34 Años,Masculino,Chimaltenango,Tecpán Guatemala,Profesional Independiente
1731,25 - 34 Años,Femenino,Guatemala,Mixco,Empleado Privado
1732,25 - 34 Años,Femenino,Jutiapa,Otro Municipio,Ama De Casa
1733,18 - 24 Años,Femenino,Quiché,Cabecera Municipal,Empresario
1734,35 - 44 Años,Masculino,Chimaltenango,Patzún,Estudiante
1735,18 - 24 Años,Femenino,Guatemala,San Miguel Petapa,Empleado Privado
1736,35 - 44 Años,Femenino,Totonicapán,Cabecera Municipal,Ama De Casa
1737,Menos De 18 Años,Masculino,Sacatepéquez,Jocotenango,Empleado Privado
1738,18 - 24 Años,Masculino,Retalhuleu,Cabecera Municipal,Empresario
1739,18 - 24 Años,Masculino,Chimaltenango,Tecpán Guatemala,Profesional Independiente
1740,35 - 44 Años,Masculino,Guatemala,Santa Catarina Pinula,Jubilado
1741,25 - 34 Años,Femenino,Huehuetenango,Cabecera Municipal,Empleado Privado
1742,35 - 44 Años,Femenino,Chiquimula,Otro Municipio,Otro
1743,25 - 34 Años,Masculino,Escuintla,Escuintla,Ama De Casa
1744,35 - 44 Años,Femenino,Quiché,Cabecera Municipal,Empleado Privado
1745,18 - 24 Años,Femenino,Retalhuleu,Cabecera Municipal,Comerciante
1746,18 - 24 Años,Masculino,Quetzaltenango,Olintepeque,Comerciante
1747,45 - 54 Años,Femenino,Chimaltenango,Patzún,Ama De Casa
1748,25 - 34 Años,Masculino,Guatemala,San Miguel Petapa,Estudiante
1749,25 - 34 Años,Masculino,El Progreso,Cabecera Municipal,Estudiante
1750,35 - 44 Años,Femenino,Escuintla,Santa Lucía Cotzumalguapa,Ama De Casa
1751,35 - 44 Años,Femenino,Guatemala,Guatemala,Comerciante
1752,18 - 24 Años,Femenino,Sacatepéquez,Sumpango,Empresario
1753,45 - 54 Años,Femenino,Santa Rosa,Cabecera Municipal,Empleado Público
1754,25 - 34 Años,Femenino,Jutiapa,Otro Municipio,Empleado Público
1755,25 - 34 Años,Femenino,Guatemala,Santa Catarina Pinula,Estudiante
1756,18 - 24 Años,Femenino,Guatemala,San Miguel Petapa,Jubilado
1757,35 - 44 Años,Masculino,Guatemala,Guatemala,Empleado Privado
1758,45 - 54 Años,Prefiero No Indicarlo,Quetzaltenango,Coatepeque,Otro
1759,35 - 44 Años,Femenino,Guatemala,Guatemala,Empleado Privado
1760,18 - 24 Años,Femenino,Escuintla,Escuintla,Empleado Privado
1761,35 - 44 Años,Masculino,Chimaltenango,Chimaltenango,Profesional Independiente
1762,35 - 44 Años,Femenino,Guatemala,Mixco,Empleado Privado
1763,Menos De 18 Años,Masculino,Guatemala,San Miguel Petapa,Ama De Casa
1764,25 - 34 Años,Femenino,Jutiapa,Otro Municipio,Profesional Independiente
1765,25 - 34 Años,Masculino,Santa Rosa,Cabecera Municipal,Estudiante
1766,25 - 34 Años,Femenino,Chimaltenango,Patzún,Empleado Privado
1767,25 - 34 Años,Masculino,Guatemala,Guatemala,Empleado Privado
1768,Menos De 18 Años,Masculino,Jalapa,Otro Municipio,Empleado Privado
1769,35 - 44 Años,Masculino,Guatemala,Santa Catarina Pinula,Estudiante
1770,25 - 34 Años,Masculino,Guatemala,Santa Catarina Pinula,Ama De Casa
1771,25 - 34 Años,Masculino,Quetzaltenango,Olintepeque,Empleado Privado
1772,25 - 34 Años,Femenino,Quetzaltenango,Olintepeque,Empleado Público
559,45 - 54 Años,Masculino,Escuintla,Palín,Empleado Privado
1774,Menos De 18 Años,Masculino,Guate,Guatemala,Empleado Privado
1775,Menos De 18 Años,Masculino,Sacatepéquez,Jocotenango,Estudiante
1776,45 - 54 Años,Femenino,Sacatepéquez,Ciudad Vieja,Empleado Público
1777,25 - 34 Años,Femenino,Guatemala,San Miguel Petapa,Empresario
1778,35 - 44 Años,Femenino,Jutiapa,Otro Municipio,Empleado Privado
1779,18 - 24 Años,Masculino,Guatemala,Santa Catarina Pinula,Empleado Privado
1780,35 - 44 Años,Femenino,Guatemala,Santa Catarina Pinula,Profesional Independiente
1781,45 - 54 Años,Femenino,Guatemala,San Miguel Petapa,Empleado Privado
1782,18 - 24 Años,Masculino,Quetzaltenango,Olintepeque,Empleado Privado
1783,25 - 34 Años,Femenino,Sacatepéquez,Ciudad Vieja,Comerciante
1784,55 Años O Más,Masculino,Chimaltenango,Tecpán Guatemala,No Indicado
1785,18 - 24 Años,Femenino,Quiché,Cabecera Municipal,Comerciante
1786,18 - 24 Años,Femenino,Escuintla,Escuintla,Ama De Casa
1787,18 - 24 Años,Femenino,Chimaltenango,Patzún,Jubilado
1788,35 - 44 Años,Femenino,Guatemala,San Miguel Petapa,Profesional Independiente
1789,25 - 34 Años,Masculino,Guatemala,Guatemala,Estudiante
1790,25 - 34 Años,Masculino,Guatemala,Santa Catarina Pinula,Estudiante
1791,Menos De 18 Años,Femenino,Escuintla,Santa Lucía Cotzumalguapa,Empresario
1792,35 - 44 Años,Masculino,Guatemala,Villa Nueva,Empleado Privado
1793,55 Años O Más,Masculino,Guatemala,San Miguel Petapa,Empleado Privado
1794,25 - 34 Años,Prefiero No Indicarlo,San Marcos,Cabecera Municipal,Comerciante
1795,55 Años O Más,Femenino,Guatemala,Mixco,Empresario
1796,18 - 24 Años,Femenino,Escuintla,Palín,Empleado Privado
1797,Menos De 18 Años,Masculino,Guatemala,Santa Catarina Pinula,Empleado Público
1798,35 - 44 Años,Masculino,El Progreso,Cabecera Municipal,Empleado Público
1799,45 - 54 Años,Masculino,Quetzaltenango,Olintepeque,Profesional Independiente
1800,Menos De 18 Años,Femenino,Guatemala,Villa Nueva,Empresario
1801,25 - 34 Años,Femenino,Quetzaltenango,Quetzaltenango,Empleado Público
1802,Menos De 18 Años,Masculino,Sacatepéquez,Antigua Guatemala,Empleado Privado
1803,18 - 24 Años,Femenino,Quetzaltenango,Coatepeque,Estudiante
1804,18 - 24 Años,Femenino,Guatemala,Guatemala,Empresario
1805,35 - 44 Años,Masculino,Suchitepéquez,Suchitepéquez,Empleado Público
1806,35 - 44 Años,Masculino,Quiché,Cabecera Municipal,Comerciante
1807,45 - 54 Años,Femenino,Huehuetenango,Otro Municipio,Comerciante
1808,25 - 34 Años,Femenino,Guatemala,Mixco,Comerciante
1809,45 - 54 Años,Femenino,Escuintla,Santa Lucía Cotzumalguapa,Empleado Privado
1810,45 - 54 Años,Masculino,Suchitepéquez,Otro Municipio,Profesional Independiente
1811,45 - 54 Años,Femenino,Guatemala,Villa Nueva,Estudiante
1812,45 - 54 Años,Femenino,Guatemala,Santa Catarina Pinula,Empleado Privado
1813,25 - 34 Años,Masculino,Guatemala,Santa Catarina Pinula,Empleado Privado
1814,25 - 34 Años,Masculino,Guatemala,San Miguel Petapa,Empleado Público
1815,18 - 24 Años,Femenino,Guatemala,San Miguel Petapa,Estudiante
1816,25 - 34 Años,Masculino,Guatemala,Mixco,Empleado Privado
1817,25 - 34 Años,Masculino,Guatemala,San Miguel Petapa,Profesional Independiente
1818,45 - 54 Años,Femenino,Guatemala,Santa Catarina Pinula,Empleado Privado
1819,18 - 24 Años,Femenino,Chimaltenango,Tecpán Guatemala,Comerciante
1820,25 - 34 Años,Femenino,Quetzaltenango,Quetzaltenango,Empleado Privado
1821,35 - 44 Años,Prefiero No Indicarlo,Guatemala,San Miguel Petapa,Comerciante
1822,18 - 24 Años,Masculino,Guatemala,Villa Nueva,Comerciante
1823,45 - 54 Años,Masculino,Alta Verapaz,Otro Municipio,Empleado Privado
1824,Menos De 18 Años,Femenino,Guatemala,Mixco,Empleado Privado
1825,18 - 24 Años,Masculino,Sololá,Sololá,Comerciante
1826,Menos De 18 Años,Femenino,Guate,Guatemala,Comerciante
1827,35 - 44 Años,Femenino,Escuintla,,Ama De Casa
1828,25 - 34 Años,Femenino,Chimaltenango,Chimaltenango,Estudiante
1829,55 Años O Más,Masculino,Guatemala,Mixco,Empleado Privado
1830,45 - 54 Años,Femenino,Guatemala,Santa Catarina Pinula,Ama De Casa
1831,35 - 44 Años,Femenino,Jalapa,Jalapa,Comerciante
1832,18 - 24 Años,Femenino,Guatemala,Santa Catarina Pinula,Empresario
1833,25 - 34 Años,Femenino,Baja Verapaz,Cabecera Municipal,Profesional Independiente
1834,18 - 24 Años,Masculino,Guatemala,Santa Catarina Pinula,Otro
1835,25 - 34 Años,Femenino,Guatemala,Mixco,Empleado Privado
1836,18 - 24 Años,Femenino,Guatemala,Guatemala,Estudiante
1837,Menos De 18 Años,Masculino,Guatemala,Mixco,Empresario
1838,35 - 44 Años,Femenino,Sacatepéquez,Jocotenango,Empleado Privado
1839,25 - 34 Años,Masculino,Guatemala,Guatemala,Empleado Privado
1840,25 - 34 Años,Femenino,Guatemala,Mixco,Empleado Público
1841,18 - 24 Años,Femenino,Baja Verapaz,Baja Verapaz,Empleado Público
1842,18 - 24 Años,Masculino,Chimaltenango,Chimaltenango,Empresario
1843,35 - 44 Años,Femenino,Guatemala,Mixco,Empresario
1844,35 - 44 Años,Femenino,Sacatepéquez,Sumpango,Ama De Casa
1845,18 - 24 Años,Femenino,Quetzaltenango,Quetzaltenango,Profesional Independiente
1846,Menos De 18 Años,Femenino,El Progreso,Cabecera Municipal,Profesional Independiente
1847,25 - 34 Años,Femenino,Guatemala,San Miguel Petapa,Ama De Casa
1848,25 - 34 Años,Femenino,Santa Rosa,Santa Rosa,Comerciante
1849,25 - 34 Años,Prefiero No Indicarlo,Petén,San Benito,Empleado Público
1850,25 - 34 Años,Femenino,San Marcos,San Marcos,Empleado Privado
1851,18 - 24 Años,Femenino,El Progreso,El Progreso,Comerciante
1852,18 - 24 Años,Femenino,Guatemala,San Miguel Petapa,Empleado Privado
1853,35 - 44 Años,Masculino,Jalapa,Otro Municipio,Ama De Casa
1854,25 - 34 Años,Femenino,Zacapa,Cabecera Municipal,Empleado Privado
1855,25 - 34 Años,Masculino,Sacatepéquez,Jocotenango,Empleado Privado
1856,35 - 44 Años,Femenino,Guatemala,San Miguel Petapa,Estudiante
1857,18 - 24 Años,Femenino,Escuintla,Santa Lucía Cotzumalguapa,Profesional Independiente
1858,35 - 44 Años,Masculino,Guatemala,Santa Catarina Pinula,Empresario
1859,25 - 34 Años,Femenino,Guatemala,Villa Nueva,Empleado Privado
1860,55 Años O Más,Prefiero No Indicarlo,Guatemala,Mixco,Comerciante
1861,18 - 24 Años,Femenino,Jalapa,Jalapa,Empleado Público
1862,45 - 54 Años,Femenino,Sacatepéquez,Antigua Guatemala,Otro
1863,35 - 44 Años,Masculino,Zacapa,Cabecera Municipal,Otro
1864,Menos De 18 Años,Masculino,Sacatepéquez,Ciudad Vieja,Ama De Casa
1865,25 - 34 Años,Femenino,Guatemala,Guatemala,Ama De Casa
1866,25 - 34 Años,Femenino,Guatemala,Santa Catarina Pinula,Estudiante
1867,45 - 54 Años,Masculino,Guatemala,Santa Catarina Pinula,Empresario
1868,45 - 54 Años,Masculino,Chimaltenango,Tecpán Guatemala,Empleado Privado
1869,Menos De 18 Años,Masculino,Chimaltenango,Patzún,Estudiante
1870,25 - 34 Años,Femenino,Baja Verapaz,Baja Verapaz,Profesional Independiente
1871,45 - 54 Años,Masculino,Guatemala,Mixco,Empleado Privado
1872,55 Años O Más,Femenino,Baja Verapaz,Cabecera Municipal,Comerciante
1873,35 - 44 Años,Femenino,Guatemala,San Miguel Petapa,Comerciante
1874,25 - 34 Años,Masculino,Huehuetenango,Otro Municipio,Empleado Privado
1875,35 - 44 Años,Femenino,Zacapa,Zacapa,Comerciante
1876,25 - 34 Años,Masculino,Petén,,Estudiante
1877,18 - 24 Años,Femenino,El Progreso,Cabecera Municipal,Estudiante
1878,18 - 24 Años,Masculino,Escuintla,Escuintla,Otro
1879,25 - 34 Años,Masculino,Escuintla,Santa Lucía Cotzumalguapa,Empleado Privado
1880,35 - 44 Años,Femenino,Escuintla,Escuintla,Ama De Casa
1881,25 - 34 Años,Masculino,Guatemala,Mixco,Estudiante
1882,55 Años O Más,Masculino,Escuintla,Escuintla,Comerciante
1883,35 - 44 Años,Femenino,Zacapa,Zacapa,Empleado Privado
1884,18 - 24 Años,Femenino,Sololá,Sololá,Estudiante
1885,25 - 34 Años,Masculino,Huehuetenango,Huehuetenango,Estudiante
1886,55 Años O Más,Femenino,Escuintla,Palín,Empleado Privado
1887,25 - 34 Años,Masculino,Quetzaltenango,Olintepeque,Otro
1888,25 - 34 Años,Masculino,Chimaltenango,Chimaltenango,Empleado Público
1889,25 - 34 Años,Femenino,Guatemala,Villa Nueva,Empresario
1890,35 - 44 Años,Femenino,Guatemala,Santa Catarina Pinula,Empleado Privado
1891,25 - 34 Años,Prefiero No Indicarlo,Guatemala,Mixco,Empleado Privado
1892,25 - 34 Años,Prefiero No Indicarlo,Izabal,Otro Municipio,Estudiante
1893,18 - 24 Años,Femenino,Guatemala,Santa Catarina Pinula,Profesional Independiente
1894,35 - 44 Años,Prefiero No Indicarlo,Petén,,Empleado Privado
1895,18 - 24 Años,Femenino,Izabal,Otro Municipio,Empresario
1896,25 - 34 Años,Femenino,Escuintla,Palín,Comerciante
1897,35 - 44 Años,Masculino,Chiquimula,Otro Municipio,Empresario
1898,Menos De 18 Años,Masculino,Chiquimula,Cabecera Municipal,Empleado Público
1899,Menos De 18 Años,Masculino,Escuintla,Escuintla,Empleado Público
1900,25 - 34 Años,Masculino,Guatemala,Villa Nueva,Comerciante
1901,Menos De 18 Años,Femenino,Zacapa,Otro Municipio,Empleado Privado
1902,45 - 54 Años,Femenino,Guatemala,Santa Catarina Pinula,Comerciante
1903,55 Años O Más,Femenino,Guatemala,Guatemala,Comerciante
1904,35 - 44 Años,Masculino,Retalhuleu,Otro Municipio,Empleado Privado
1905,18 - 24 Años,Masculino,Quetzaltenango,Coatepeque,Empleado Privado
1906,25 - 34 Años,Masculino,Guatemala,San Miguel Petapa,Ama De Casa
1907,Menos De 18 Años,Masculino,Chiquimula,Otro Municipio,Empleado Público
1908,18 - 24 Años,Masculino,Guatemala,Villa Nueva,Empleado Privado
1909,55 Años O Más,Masculino,Sacatepéquez,Ciudad Vieja,Empleado Privado
1910,25 - 34 Años,Femenino,Santa Rosa,Otro Municipio,Estudiante
1911,25 - 34 Años,Masculino,Escuintla,Escuintla,Profesional Independiente
1912,25 - 34 Años,Femenino,El Progreso,El Progreso,Comerciante
1913,45 - 54 Años,Masculino,Escuintla,Palín,Empleado Privado
1914,18 - 24 Años,Masculino,Sacatepéquez,Jocotenango,Empleado Privado
1915,25 - 34 Años,Masculino,Guatemala,Guatemala,Empleado Privado
1916,35 - 44 Años,Masculino,Sacatepéquez,Jocotenango,Profesional Independiente
1917,25 - 34 Años,Femenino,Jalapa,Jalapa,Profesional Independiente
1918,18 - 24 Años,Femenino,Quetzaltenango,Olintepeque,Otro
1919,55 Años O Más,Masculino,Chiquimula,Otro Municipio,Empresario
1920,35 - 44 Años,Masculino,Guatemala,Santa Catarina Pinula,Empleado Privado
1921,25 - 34 Años,Femenino,Santa Rosa,,Estudiante
1922,25 - 34 Años,Masculino,Chimaltenango,Chimaltenango,Ama De Casa
1923,35 - 44 Años,Masculino,Quiché,Quiché,Empleado Privado
1924,25 - 34 Años,Masculino,Guatemala,San Miguel Petapa,Empleado Privado
1925,35 - 44 Años,Femenino,Guatemala,Mixco,Estudiante
1926,25 - 34 Años,Masculino,Chimaltenango,Tecpán Guatemala,Estudiante
1927,35 - 44 Años,Masculino,Escuintla,Santa Lucía Cotzumalguapa,Empleado Privado
1928,18 - 24 Años,Femenino,Quetzaltenango,Quetzaltenango,Empleado Público
1929,18 - 24 Años,Masculino,Santa Rosa,Otro Municipio,Profesional Independiente
1930,35 - 44 Años,Femenino,Escuintla,Escuintla,Empleado Privado
1127,18 - 24 Años,Masculino,Guatemala,Guatemala,Empleado Privado
1932,55 Años O Más,Masculino,Chimaltenango,Chimaltenango,Estudiante
1933,18 - 24 Años,Femenino,Guatemala,Guatemala,Empleado Privado
1934,25 - 34 Años,Femenino,Guatemala,Villa Nueva,Empleado Privado
1935,Menos De 18 Años,Femenino,Quetzaltenango,Olintepeque,Otro
1936,18 - 24 Años,Femenino,Guatemala,Villa Nueva,Empleado Privado
1937,18 - 24 Años,Femenino,Quetzaltenango,Olintepeque,Estudiante
1938,25 - 34 Años,Masculino,Totonicapán,Otro Municipio,Profesional Independiente
1939,55 Años O Más,Femenino,Guatemala,Guatemala,Empleado Privado
1940,55 Años O Más,Masculino,Huehuetenango,Huehuetenango,Estudiante
1941,35 - 44 Años,Prefiero No Indicarlo,Suchitepéquez,Cabecera Municipal,Estudiante
1942,25 - 34 Años,Masculino,Sacatepéquez,Jocotenango,Empleado Privado
1943,35 - 44 Años,Masculino,Sololá,Sololá,Estudiante
1944,25 - 34 Años,Masculino,Chiquimula,Chiquimula,Empleado Privado
1945,25 - 34 Años,Femenino,Guatemala,Santa Catarina Pinula,Empresario
1946,55 Años O Más,Masculino,Quiché,Cabecera Municipal,Profesional Independiente
1947,45 - 54 Años,Femenino,Sacatepéquez,Antigua Guatemala,Empleado Público
1948,18 - 24 Años,Femenino,Guatemala,Santa Catarina Pinula,Empleado Privado
1949,25 - 34 Años,Masculino,Guatemala,Villa Nueva,Empleado Privado
1950,25 - 34 Años,Masculino,Chimaltenango,Tecpán Guatemala,Empresario
1951,18 - 24 Años,Masculino,Guatemala,Villa Nueva,Empleado Público
1952,35 - 44 Años,Femenino,Escuintla,Palín,Empleado Privado
1953,18 - 24 Años,Masculino,Guatemala,Mixco,Ama De Casa
1954,25 - 34 Años,Femenino,Guatemala,,Comerciante
1955,45 - 54 Años,Masculino,Chimaltenango,Tecpán Guatemala,Empleado Público
1956,35 - 44 Años,Masculino,Guatemala,,Empleado Privado
1957,35 - 44 Años,Masculino,Guatemala,Villa Nueva,Empleado Privado
1958,Menos De 18 Años,Femenino,Guatemala,Villa Nueva,Profesional Independiente
1959,18 - 24 Años,Masculino,Guatemala,Santa Catarina Pinula,Otro
1960,18 - 24 Años,Femenino,Guatemala,Villa Nueva,Empleado Privado
1961,18 - 24 Años,Masculino,Guatemala,Guatemala,Empleado Privado
1962,18 - 24 Años,Femenino,Guatemala,Mixco,Empleado Privado
1963,18 - 24 Años,Femenino,Guatemala,Mixco,Otro
1964,35 - 44 Años,Masculino,Guatemala,Santa Catarina Pinula,Ama De Casa
1965,45 - 54 Años,Prefiero No Indicarlo,Guatemala,Santa Catarina Pinula,Otro
1966,Menos De 18 Años,Masculino,Retalhuleu,Cabecera Municipal,Empleado Público
1967,35 - 44 Años,Femenino,Guatemala,Villa Nueva,Empleado Privado
1968,18 - 24 Años,Femenino,Sacatepéquez,Sumpango,Empleado Privado
1969,55 Años O Más,Masculino,Sololá,Cabecera Municipal,Otro
1970,45 - 54 Años,Femenino,Guatemala,Santa Catarina Pinula,Empleado Privado
1971,18 - 24 Años,Masculino,Zacapa,Otro Municipio,Estudiante
1972,25 - 34 Años,Masculino,Zacapa,Otro Municipio,Empleado Privado
1973,25 - 34 Años,Masculino,Escuintla,Escuintla,Estudiante
1974,25 - 34 Años,Femenino,Sacatepéquez,Sumpango,Comerciante
1975,35 - 44 Años,Masculino,Guatemala,Villa Nueva,Ama De Casa
1976,18 - 24 Años,Femenino,Retalhuleu,Retalhuleu,Empresario
1977,55 Años O Más,Femenino,Quetzaltenango,,Jubilado
1978,Menos De 18 Años,Masculino,Chimaltenango,Chimaltenango,Comerciante
1979,18 - 24 Años,Femenino,Santa Rosa,Santa Rosa,Empleado Privado
1980,18 - 24 Años,Masculino,Guatemala,Villa Nueva,Otro
1981,25 - 34 Años,Masculino,Guatemala,,Profesional Independiente
1982,18 - 24 Años,Femenino,Guatemala,Villa Nueva,Jubilado
1983,18 - 24 Años,Masculino,Quetzaltenango,Coatepeque,Estudiante
1984,25 - 34 Años,Femenino,Guatemala,,Estudiante
1985,55 Años O Más,Masculino,Guatemala,Mixco,Comerciante
1986,35 - 44 Años,Masculino,Guatemala,San Miguel Petapa,Empresario
1987,25 - 34 Años,Masculino,Quetzaltenango,Coatepeque,Comerciante
1988,35 - 44 Años,Femenino,Guatemala,Santa Catarina Pinula,Comerciante
1989,45 - 54 Años,Femenino,Guatemala,Mixco,Estudiante
1990,18 - 24 Años,Femenino,Guatemala,Villa Nueva,Estudiante
1991,45 - 54 Años,Femenino,Guatemala,Mixco,Profesional Independiente
1992,25 - 34 Años,Masculino,Guatemala,Mixco,Ama De Casa
1993,18 - 24 Años,Femenino,Chimaltenango,Tecpán Guatemala,No Indicado
1994,18 - 24 Años,Masculino,Guatemala,Villa Nueva,Comerciante
1995,25 - 34 Años,Masculino,El Progreso,Otro Municipio,Comerciante
1996,45 - 54 Años,Prefiero No Indicarlo,Quetzaltenango,Coatepeque,Empleado Privado
1997,18 - 24 Años,Masculino,Jalapa,Jalapa,Empleado Privado
1998,35 - 44 Años,Masculino,Guatemala,Mixco,Empleado Privado
1999,18 - 24 Años,Femenino,Guatemala,San Miguel Petapa,Empleado Privado
2000,25 - 34 Años,Masculino,Jalapa,Otro Municipio,Estudiante
2001,55 Años O Más,Masculino,Guatemala,San Miguel Petapa,Jubilado
2002,45 - 54 Años,Femenino,Retalhuleu,Otro Municipio,Empleado Público
2003,45 - 54 Años,Masculino,Suchitepéquez,Otro Municipio,Empleado Privado
2004,25 - 34 Años,Masculino,Jutiapa,Jutiapa,Empleado Privado
2005,18 - 24 Años,Masculino,Jalapa,Jalapa,Comerciante
2006,45 - 54 Años,Masculino,Chimaltenango,Patzún,Empleado Privado
2007,25 - 34 Años,Femenino,Baja Verapaz,Otro Municipio,Comerciante
2008,35 - 44 Años,Femenino,Guatemala,San Miguel Petapa,Comerciante
2009,25 - 34 Años,Femenino,Guatemala,Santa Catarina Pinula,Estudiante
2010,25 - 34 Años,Masculino,Izabal,Cabecera Municipal,Empleado Privado
2011,35 - 44 Años,Femenino,Jutiapa,Jutiapa,Estudiante
2012,25 - 34 Años,Masculino,Santa Rosa,Otro Municipio,Ama De Casa
2013,35 - 44 Años,Masculino,Retalhuleu,Retalhuleu,Empleado Privado
2014,18 - 24 Años,Femenino,Chimaltenango,Patzún,Estudiante
2015,35 - 44 Años,Femenino,Guatemala,Villa Nueva,Estudiante
2016,25 - 34 Años,Femenino,Sacatepéquez,Ciudad Vieja,Empleado Público
2017,55 Años O Más,Femenino,Guatemala,Santa Catarina Pinula,Profesional Independiente
2018,18 - 24 Años,Masculino,Guatemala,San Miguel Petapa,Ama De Casa
2019,25 - 34 Años,Femenino,Chimaltenango,Patzún,Estudiante
2020,35 - 44 Años,Femenino,Guatemala,Mixco,Empleado Privado
2021,25 - 34 Años,Masculino,Quetzaltenango,Quetzaltenango,Jubilado
2022,18 - 24 Años,Masculino,Chimaltenango,Patzún,Comerciante
2023,18 - 24 Años,Masculino,Guatemala,San Miguel Petapa,Ama De Casa
2024,35 - 44 Años,Femenino,Guatemala,San Miguel Petapa,Estudiante
2025,25 - 34 Años,Masculino,Guatemala,Santa Catarina Pinula,Estudiante
2026,25 - 34 Años,Masculino,Guatemala,San Miguel Petapa,Empleado Privado
2027,55 Años O Más,Masculino,Escuintla,Escuintla,Empleado Privado
2028,35 - 44 Años,Masculino,Guatemala,Villa Nueva,Empleado Privado
2029,18 - 24 Años,Femenino,Chimaltenango,Tecpán Guatemala,Empleado Privado
2030,Menos De 18 Años,Masculino,Guatemala,Mixco,Estudiante
2031,25 - 34 Años,Masculino,Guatemala,Villa Nueva,Empleado Privado
2032,Menos De 18 Años,Femenino,Guatemala,Mixco,Empleado Privado
2033,Menos De 18 Años,Masculino,Escuintla,Santa Lucía Cotzumalguapa,Empleado Privado
2034,35 - 44 Años,Femenino,Retalhuleu,Cabecera Municipal,Ama De Casa
2035,25 - 34 Años,Femenino,Guatemala,Mixco,Estudiante
2036,18 - 24 Años,Femenino,Sacatepéquez,Antigua Guatemala,Empleado Privado
2037,35 - 44 Años,Masculino,Guatemala,Santa Catarina Pinula,Estudiante
2038,18 - 24 Años,Masculino,Guatemala,Villa Nueva,Otro
2039,35 - 44 Años,Femenino,Guatemala,Guatemala,Estudiante
2040,25 - 34 Años,Masculino,Chiquimula,Otro Municipio,Otro
2041,18 - 24 Años,Masculino,Sacatepéquez,Antigua Guatemala,Estudiante
2042,25 - 34 Años,Masculino,Guatemala,San Miguel Petapa,Empresario
2043,35 - 44 Años,Femenino,Escuintla,Escuintla,Otro
2044,25 - 34 Años,Femenino,Guatemala,Santa Catarina Pinula,No Indicado
2045,Menos De 18 Años,Masculino,Escuintla,Santa Lucía Cotzumalguapa,Empresario
2046,25 - 34 Años,Masculino,Escuintla,Palín,Empleado Público
2047,25 - 34 Años,Femenino,Guatemala,San Miguel Petapa,Estudiante
2048,35 - 44 Años,Femenino,Chimaltenango,Patzún,Empleado Privado
2049,18 - 24 Años,Femenino,Guatemala,Villa Nueva,Comerciante
2050,25 - 34 Años,Masculino,Izabal,Cabecera Municipal,Empleado Público
2051,Menos De 18 Años,Femenino,Chimaltenango,Tecpán Guatemala,Empleado Privado
2052,25 - 34 Años,Masculino,Guatemala,San Miguel Petapa,Comerciante
2053,35 - 44 Años,Masculino,Guatemala,Mixco,Empleado Privado
2054,Menos De 18 Años,Masculino,Guatemala,Santa Catarina Pinula,Estudiante
2055,45 - 54 Años,Femenino,Guatemala,Guatemala,Empleado Privado
2056,Menos De 18 Años,Femenino,Alta Verapaz,Cabecera Municipal,Empleado Privado
2057,Menos De 18 Años,Femenino,Quetzaltenango,Quetzaltenango,Profesional Independiente
2058,25 - 34 Años,Masculino,Chimaltenango,Chimaltenango,Empleado Privado
2059,18 - 24 Años,Femenino,Guatemala,Villa Nueva,Estudiante
2060,25 - 34 Años,Femenino,Guatemala,Santa Catarina Pinula,No Indicado
2061,25 - 34 Años,Femenino,Escuintla,Santa Lucía Cotzumalguapa,Profesional Independiente
2062,35 - 44 Años,Prefiero No Indicarlo,Guatemala,Mixco,Empleado Privado
2063,25 - 34 Años,Masculino,Zacapa,Cabecera Municipal,Estudiante
2064,35 - 44 Años,Femenino,Chimaltenango,Patzún,Ama De Casa
2065,18 - 24 Años,Masculino,Guatemala,,Comerciante
2066,45 - 54 Años,Femenino,Guatemala,Villa Nueva,Comerciante
2067,55 Años O Más,Femenino,Sacatepéquez,Sumpango,Profesional Independiente
2068,18 - 24 Años,Prefiero No Indicarlo,San Marcos,San Marcos,Empleado Privado
2069,18 - 24 Años,Masculino,Totonicapán,Totonicapán,Empleado Privado
2070,35 - 44 Años,Masculino,Jutiapa,Otro Municipio,Comerciante
2071,35 - 44 Años,Femenino,Jutiapa,Cabecera Municipal,Estudiante
2072,55 Años O Más,Masculino,Sacatepéquez,Ciudad Vieja,Estudiante
2073,35 - 44 Años,Femenino,Quetzaltenango,Olintepeque,Profesional Independiente
2074,18 - 24 Años,Femenino,Chimaltenango,Patzún,Otro
2075,18 - 24 Años,Masculino,Escuintla,Santa Lucía Cotzumalguapa,Ama De Casa
2076,55 Años O Más,Femenino,Quetzaltenango,Quetzaltenango,Empleado Privado
2077,35 - 44 Años,Femenino,Guatemala,Villa Nueva,Profesional Independiente
2078,35 - 44 Años,Masculino,Guatemala,Villa Nueva,Estudiante
2079,25 - 34 Años,Masculino,Santa Rosa,Santa Rosa,Estudiante
2080,35 - 44 Años,Masculino,Guatemala,Villa Nueva,Estudiante
2081,Menos De 18 Años,Masculino,Guatemala,Santa Catarina Pinula,Ama De Casa
2082,35 - 44 Años,Prefiero No Indicarlo,Guatemala,Villa Nueva,Ama De Casa
2083,45 - 54 Años,Femenino,Quetzaltenango,Quetzaltenango,Estudiante
2084,25 - 34 Años,Masculino,Sacatepéquez,Ciudad Vieja,Jubilado
2085,25 - 34 Años,Masculino,Retalhuleu,Otro Municipio,Empleado Privado
2086,18 - 24 Años,Femenino,Guatemala,Mixco,Empleado Privado
2087,18 - 24 Años,Femenino,Guatemala,Santa Catarina Pinula,Comerciante
2088,35 - 44 Años,Masculino,Guatemala,Villa Nueva,Empresario
638,18 - 24 Años,Masculino,Sacatepéquez,Antigua Guatemala,Empleado Privado
2090,25 - 34 Años,Femenino,Guatemala,Mixco,Comerciante
2091,55 Años O Más,Femenino,Chimaltenango,Chimaltenango,Estudiante
2092,35 - 44 Años,Femenino,Guatemala,San Miguel Petapa,Estudiante
2093,18 - 24 Años,Femenino,Guatemala,Mixco,Comerciante
2094,35 - 44 Años,Masculino,Chimaltenango,Tecpán Guatemala,Empleado Público
2095,45 - 54 Años,Femenino,Quetzaltenango,Coatepeque,Comerciante
2096,55 Años O Más,Masculino,Guatemala,,Estudiante
2097,25 - 34 Años,Masculino,Guatemala,Guatemala,Empleado Privado
2098,45 - 54 Años,Masculino,Chimaltenango,Tecpán Guatemala,Empleado Privado
2099,25 - 34 Años,Masculino,Huehuetenango,Otro Municipio,No Indicado
2100,25 - 34 Años,Femenino,Quetzaltenango,Coatepeque,Profesional Independiente
2101,25 - 34 Años,Masculino,Guatemala,Guatemala,Estudiante
2102,35 - 44 Años,Masculino,Guatemala,Villa Nueva,Empleado Privado
2103,35 - 44 Años,Femenino,Guatemala,San Miguel Petapa,Comerciante
2104,35 - 44 Años,Masculino,Quiché,Cabecera Municipal,Jubilado
2105,Menos De 18 Años,Femenino,Guatemala,Guatemala,Empleado Privado
2106,25 - 34 Años,Femenino,Guatemala,Villa Nueva,Estudiante
2107,18 - 24 Años,Masculino,Guatemala,San Miguel Petapa,Empleado Público
2108,25 - 34 Años,Masculino,Guatemala,Mixco,Empresario
2109,18 - 24 Años,Femenino,Chiquimula,Cabecera Municipal,Empleado Privado
2110,25 - 34 Años,Femenino,Suchitepéquez,Suchitepéquez,Otro
2111,25 - 34 Años,Masculino,Guatemala,Mixco,Estudiante
2112,45 - 54 Años,Femenino,Guatemala,Mixco,Estudiante
2113,25 - 34 Años,Masculino,Guatemala,Santa Catarina Pinula,Empleado Público
2114,18 - 24 Años,Masculino,Sacatepéquez,Sumpango,Empleado Privado
2115,35 - 44 Años,Femenino,Quetzaltenango,Olintepeque,Estudiante
2116,25 - 34 Años,Masculino,Santa Rosa,Cabecera Municipal,Empleado Privado
2117,55 Años O Más,Femenino,Guatemala,San Miguel Petapa,Estudiante
2118,25 - 34 Años,Masculino,Guatemala,San Miguel Petapa,Empleado Privado
2119,25 - 34 Años,Masculino,Guatemala,Villa Nueva,Estudiante
2120,35 - 44 Años,Femenino,Guatemala,Santa Catarina Pinula,Comerciante
2121,18 - 24 Años,Masculino,Guatemala,Guatemala,Profesional Independiente
2122,35 - 44 Años,Femenino,Guate,Santa Catarina Pinula,Empresario
2123,18 - 24 Años,Masculino,Suchitepéquez,Cabecera Municipal,Empleado Privado
2124,25 - 34 Años,Masculino,Guatemala,Santa Catarina Pinula,Estudiante
2125,Menos De 18 Años,Femenino,Quetzaltenango,Coatepeque,Estudiante
2126,Menos De 18 Años,Femenino,Guatemala,Santa Catarina Pinula,Empleado Privado
2127,25 - 34 Años,Femenino,Quetzaltenango,Quetzaltenango,Empresario
2128,18 - 24 Años,Femenino,Suchitepéquez,Otro Municipio,Comerciante
2129,25 - 34 Años,Femenino,Jalapa,Otro Municipio,Empleado Privado
2130,18 - 24 Años,Prefiero No Indicarlo,Guatemala,Mixco,Profesional Independiente
2131,55 Años O Más,Masculino,Suchitepéquez,Cabecera Municipal,Profesional Independiente
2132,25 - 34 Años,Masculino,Baja Verapaz,Otro Municipio,Comerciante
2133,25 - 34 Años,Femenino,Quetzaltenango,Olintepeque,Estudiante
2134,35 - 44 Años,Femenino,Guatemala,Villa Nueva,Estudiante
2135,25 - 34 Años,Femenino,San Marcos,San Marcos,Estudiante
2136,45 - 54 Años,Masculino,Guatemala,Guatemala,Estudiante
2137,25 - 34 Años,Masculino,Guatemala,San Miguel Petapa,Ama De Casa
2138,35 - 44 Años,Femenino,Escuintla,Santa Lucía Cotzumalguapa,Empresario
2139,25 - 34 Años,Masculino,Sacatepéquez,Sumpango,No Indicado
2140,18 - 24 Años,Masculino,Huehuetenango,Huehuetenango,Comerciante
2141,18 - 24 Años,Femenino,Jutiapa,Jutiapa,Empleado Privado
2142,18 - 24 Años,Masculino,Guatemala,Villa Nueva,Empleado Privado
2143,25 - 34 Años,Femenino,Guatemala,Santa Catarina Pinula,Empresario
2144,55 Años O Más,Femenino,Chimaltenango,Tecpán Guatemala,Ama De Casa
2145,18 - 24 Años,Masculino,Guatemala,Guatemala,Otro
2146,25 - 34 Años,Femenino,Quetzaltenango,Olintepeque,Empleado Privado
2147,25 - 34 Años,Masculino,El Progreso,Cabecera Municipal,Comerciante
2148,25 - 34 Años,Masculino,Guatemala,Guatemala,Empleado Privado
2149,18 - 24 Años,Femenino,Guatemala,Guatemala,Empleado Privado
2150,25 - 34 Años,Femenino,Guatemala,San Miguel Petapa,Empleado Público
2151,35 - 44 Años,Masculino,Guatemala,Mixco,Comerciante
2152,18 - 24 Años,Masculino,Guatemala,Guatemala,Comerciante
2153,35 - 44 Años,Prefiero No Indicarlo,Guatemala,Guatemala,Jubilado
2154,25 - 34 Años,Masculino,Guatemala,Santa Catarina Pinula,Comerciante
2155,35 - 44 Años,Femenino,Quetzaltenango,Coatepeque,Comerciante
2156,45 - 54 Años,Femenino,Santa Rosa,Cabecera Municipal,Empresario
2157,Menos De 18 Años,Masculino,Quetzaltenango,Olintepeque,Estudiante
2158,55 Años O Más,Masculino,Chimaltenango,Tecpán Guatemala,Empleado Público
2159,18 - 24 Años,Masculino,Escuintla,Escuintla,Jubilado
2160,25 - 34 Años,Femenino,Guatemala,Santa Catarina Pinula,Profesional Independiente
2161,18 - 24 Años,Masculino,Guatemala,Guatemala,Ama De Casa
2162,25 - 34 Años,Masculino,Guatemala,Santa Catarina Pinula,Estudiante
2163,45 - 54 Años,Masculino,Guatemala,Guatemala,Estudiante
2164,18 - 24 Años,Masculino,Petén,San Benito,Empleado Privado
2165,35 - 44 Años,Femenino,Alta Verapaz,Alta Verapaz,Estudiante
2166,55 Años O Más,Femenino,Guatemala,San Miguel Petapa,Empleado Privado
2167,25 - 34 Años,Masculino,Guatemala,Villa Nueva,Ama De Casa
2168,18 - 24 Años,Masculino,El Progreso,Otro Municipio,Estudiante
2169,35 - 44 Años,Femenino,Escuintla,Santa Lucía Cotzumalguapa,Profesional Independiente
2170,35 - 44 Años,Femenino,Escuintla,Escuintla,Empleado Público
2171,25 - 34 Años,Femenino,Guatemala,Santa Catarina Pinula,Comerciante
2172,18 - 24 Años,Femenino,Quiché,Quiché,Profesional Independiente
2173,35 - 44 Años,Femenino,Guatemala,Mixco,Profesional Independiente
2174,18 - 24 Años,Femenino,Sacatepéquez,Antigua Guatemala,Profesional Independiente
2175,25 - 34 Años,Femenino,Santa Rosa,Otro Municipio,Estudiante
2176,25 - 34 Años,Femenino,Retalhuleu,Retalhuleu,Empleado Privado
2177,18 - 24 Años,Masculino,Guatemala,San Miguel Petapa,Comerciante
2178,45 - 54 Años,Masculino,Escuintla,Santa Lucía Cotzumalguapa,Otro
2179,25 - 34 Años,Femenino,San Marcos,San Marcos,Estudiante
2180,Menos De 18 Años,Masculino,Alta Verapaz,Cabecera Municipal,Profesional Independiente
2181,55 Años O Más,Masculino,Guatemala,San Miguel Petapa,Estudiante
2182,18 - 24 Años,Masculino,Guatemala,Guatemala,Estudiante
2183,25 - 34 Años,Femenino,Chimaltenango,Tecpán Guatemala,Profesional Independiente
2184,25 - 34 Años,Masculino,Guate,Santa Catarina Pinula,Profesional Independiente
2185,18 - 24 Años,Femenino,Sacatepéquez,Antigua Guatemala,Ama De Casa
2186,25 - 34 Años,Masculino,Guatemala,Santa Catarina Pinula,Profesional Independiente
2187,18 - 24 Años,Masculino,Chimaltenango,Patzún,Empleado Público
2188,35 - 44 Años,Masculino,Totonicapán,Otro Municipio,Empleado Privado
2189,55 Años O Más,Masculino,El Progreso,Otro Municipio,Estudiante
2190,25 - 34 Años,Femenino,Guatemala,Guatemala,Ama De Casa
2191,45 - 54 Años,Prefiero No Indicarlo,Santa Rosa,Cabecera Municipal,Empleado Privado
2192,25 - 34 Años,Masculino,Alta Verapaz,Alta Verapaz,Estudiante
2193,Menos De 18 Años,Masculino,Quetzaltenango,Coatepeque,Jubilado
2194,25 - 34 Años,Masculino,Chimaltenango,Patzún,Empresario
2195,35 - 44 Años,Masculino,Guatemala,Villa Nueva,Comerciante
2196,45 - 54 Años,Femenino,Escuintla,Palín,Empleado Privado
2197,18 - 24 Años,Masculino,Jutiapa,Cabecera Municipal,Ama De Casa
2198,18 - 24 Años,Masculino,Chimaltenango,Tecpán Guatemala,Empleado Privado
2199,45 - 54 Años,Femenino,Guatemala,San Miguel Petapa,Comerciante
2200,18 - 24 Años,Femenino,Zacapa,Zacapa,Empleado Privado
2201,45 - 54 Años,Masculino,Guatemala,Mixco,Empleado Privado
2202,18 - 24 Años,Masculino,Guate,Guatemala,Empresario
2203,45 - 54 Años,Masculino,Guatemala,San Miguel Petapa,Empleado Privado
2204,25 - 34 Años,Femenino,Guatemala,Santa Catarina Pinula,Empleado Privado
2205,55 Años O Más,Femenino,Guatemala,Guatemala,Comerciante
2206,18 - 24 Años,Femenino,Jalapa,Cabecera Municipal,No Indicado
2207,35 - 44 Años,Femenino,Guatemala,Santa Catarina Pinula,Empleado Privado
2208,Menos De 18 Años,Femenino,Escuintla,Palín,Estudiante
2209,18 - 24 Años,Femenino,Guatemala,Mixco,Estudiante
2210,18 - 24 Años,Masculino,Guatemala,Guatemala,Estudiante
2211,35 - 44 Años,Femenino,Santa Rosa,Cabecera Municipal,Empleado Público
2212,25 - 34 Años,Femenino,Quetzaltenango,Quetzaltenango,Jubilado
2213,18 - 24 Años,Femenino,Guatemala,Guatemala,Jubilado
2214,Menos De 18 Años,Prefiero No Indicarlo,Guatemala,San Miguel Petapa,Empleado Privado
2215,25 - 34 Años,Masculino,Suchitepéquez,Cabecera Municipal,Empresario
2216,25 - 34 Años,Femenino,Zacapa,Otro Municipio,No Indicado
2217,25 - 34 Años,Femenino,Sacatepéquez,Ciudad Vieja,Otro
2218,55 Años O Más,Masculino,Guatemala,Villa Nueva,Empleado Privado
2219,18 - 24 Años,Prefiero No Indicarlo,Totonicapán,Otro Municipio,Empleado Privado
2220,35 - 44 Años,Masculino,Baja Verapaz,Otro Municipio,Estudiante
2221,18 - 24 Años,Femenino,Quetzaltenango,Coatepeque,Comerciante
2222,45 - 54 Años,Femenino,Guatemala,Mixco,Estudiante
2223,18 - 24 Años,Masculino,Guatemala,Mixco,Empleado Privado
2224,25 - 34 Años,Femenino,Guatemala,Santa Catarina Pinula,Comerciante
2225,18 - 24 Años,Masculino,Guatemala,Villa Nueva,Otro
2226,25 - 34 Años,Masculino,Guatemala,Villa Nueva,Empleado Privado
2227,Menos De 18 Años,Masculino,Guatemala,Santa Catarina Pinula,Empleado Privado
2228,45 - 54 Años,Masculino,Suchitepéquez,Suchitepéquez,Profesional Independiente
2229,25 - 34 Años,Masculino,Quetzaltenango,Coatepeque,Empleado Privado
2230,Menos De 18 Años,Femenino,Escuintla,Santa Lucía Cotzumalguapa,Estudiante
2231,35 - 44 Años,Femenino,Santa Rosa,Otro Municipio,Comerciante
2232,45 - 54 Años,Femenino,Guatemala,Santa Catarina Pinula,Empleado Privado
2233,55 Años O Más,Femenino,Quetzaltenango,Olintepeque,Estudiante
2234,18 - 24 Años,Femenino,Escuintla,Palín,Otro
2235,45 - 54 Años,Masculino,Chimaltenango,Patzún,Empleado Privado
2236,45 - 54 Años,Masculino,Guatemala,Guatemala,Ama De Casa
2237,25 - 34 Años,Femenino,Guatemala,Guatemala,Profesional Independiente
2238,35 - 44 Años,Masculino,Suchitepéquez,Cabecera Municipal,Estudiante
2239,18 - 24 Años,Masculino,Jalapa,Otro Municipio,Estudiante
2240,45 - 54 Años,Masculino,Escuintla,Santa Lucía Cotzumalguapa,Empleado Público
2241,35 - 44 Años,Femenino,Quetzaltenango,,Empresario
2242,45 - 54 Años,Masculino,Escuintla,Santa Lucía Cotzumalguapa,Otro
2243,25 - 34 Años,Masculino,San Marcos,San Marcos,Empleado Privado
2244,18 - 24 Años,Masculino,Guatemala,Guatemala,Comerciante
2245,45 - 54 Años,Masculino,Guatemala,San Miguel Petapa,Empleado Privado
2246,18 - 24 Años,Femenino,Sacatepéquez,Ciudad Vieja,Estudiante
2247,Menos De 18 Años,Masculino,Sololá,Sololá,No Indicado
2248,Menos De 18 Años,Femenino,Guatemala,Santa Catarina Pinula,Ama De Casa
2249,18 - 24 Años,Masculino,Guatemala,San Miguel Petapa,Comerciante
2250,45 - 54 Años,Masculino,Quetzaltenango,Coatepeque,Estudiante
2251,25 - 34 Años,Masculino,Guatemala,Mixco,Estudiante
2252,55 Años O Más,Masculino,Baja Verapaz,Cabecera Municipal,Empleado Privado
2253,45 - 54 Años,Prefiero No Indicarlo,Alta Verapaz,Cabecera Municipal,Otro
2254,25 - 34 Años,Masculino,Quetzaltenango,Quetzaltenango,Empresario
2255,25 - 34 Años,Masculino,Guatemala,Mixco,Comerciante
2256,25 - 34 Años,Femenino,Quetzaltenango,Quetzaltenango,Empresario
2257,55 Años O Más,Prefiero No Indicarlo,Guatemala,San Miguel Petapa,Estudiante
2258,35 - 44 Años,Masculino,Guatemala,Villa Nueva,Comerciante
2259,25 - 34 Años,Femenino,Escuintla,,Otro
2260,45 - 54 Años,Masculino,Quetzaltenango,Coatepeque,Empleado Privado
2261,18 - 24 Años,Femenino,Guatemala,San Miguel Petapa,Estudiante
2262,25 - 34 Años,Masculino,Chimaltenango,Chimaltenango,Comerciante
2263,25 - 34 Años,Femenino,Huehuetenango,Cabecera Municipal,Estudiante
2264,25 - 34 Años,Masculino,Guatemala,Guatemala,Empleado Privado
2265,Menos De 18 Años,Femenino,Alta Verapaz,Cabecera Municipal,Comerciante
2266,35 - 44 Años,Femenino,Jalapa,Cabecera Municipal,Empresario
2267,45 - 54 Años,Femenino,Santa Rosa,Otro Municipio,Otro
2268,25 - 34 Años,Masculino,Chimaltenango,Patzún,Empleado Privado
2269,18 - 24 Años,Femenino,El Progreso,Cabecera Municipal,Empleado Público
2270,18 - 24 Años,Masculino,Sacatepéquez,Jocotenango,Profesional Independiente
2271,Menos De 18 Años,Femenino,Guatemala,San Miguel Petapa,Profesional Independiente
2272,35 - 44 Años,Femenino,Jalapa,Otro Municipio,Empleado Privado
2273,18 - 24 Años,Femenino,Santa Rosa,Santa Rosa,Empleado Privado
2274,35 - 44 Años,Femenino,Guatemala,Villa Nueva,Estudiante
2275,18 - 24 Años,Femenino,Chimaltenango,Chimaltenango,Profesional Independiente
2276,45 - 54 Años,Masculino,Baja Verapaz,Baja Verapaz,Empleado Privado
2277,55 Años O Más,Prefiero No Indicarlo,Guatemala,Mixco,Empleado Público
2278,25 - 34 Años,Masculino,Quiché,Cabecera Municipal,Ama De Casa
2279,55 Años O Más,Masculino,Sacatepéquez,Sumpango,Profesional Independiente
2280,25 - 34 Años,Femenino,Petén,Flores,Empleado Privado
2281,25 - 34 Años,Prefiero No Indicarlo,Guatemala,Guatemala,Empleado Privado
2282,45 - 54 Años,Femenino,Escuintla,Palín,Empleado Público
2283,35 - 44 Años,Femenino,Alta Verapaz,Otro Municipio,Estudiante
2284,Menos De 18 Años,Femenino,Chiquimula,Cabecera Municipal,Comerciante
2285,25 - 34 Años,Masculino,Escuintla,Escuintla,Empleado Privado
2286,25 - 34 Años,Masculino,Escuintla,Santa Lucía Cotzumalguapa,Empleado Público
2287,55 Años O Más,Femenino,Guatemala,Mixco,Ama De Casa
2288,45 - 54 Años,Femenino,Sacatepéquez,Ciudad Vieja,Comerciante
2289,45 - 54 Años,Masculino,Guatemala,Villa Nueva,Estudiante
2290,18 - 24 Años,Masculino,Izabal,Otro Municipio,Comerciante
2291,45 - 54 Años,Femenino,Sololá,Cabecera Municipal,Empleado Privado
2292,Menos De 18 Años,Femenino,Sacatepéquez,Sumpango,Comerciante
2293,18 - 24 Años,Masculino,Suchitepéquez,Suchitepéquez,Empleado Privado
2294,55 Años O Más,Masculino,Sacatepéquez,Jocotenango,Empleado Privado
2295,45 - 54 Años,Masculino,Guatemala,Santa Catarina Pinula,Empleado Privado
2296,25 - 34 Años,Masculino,Izabal,Otro Municipio,Empresario
2297,25 - 34 Años,Masculino,Sacatepéquez,Ciudad Vieja,Empresario
2298,Menos De 18 Años,Femenino,Guatemala,Santa Catarina Pinula,No Indicado
2299,25 - 34 Años,Femenino,Zacapa,Otro Municipio,Estudiante
2300,Menos De 18 Años,Masculino,Guatemala,Villa Nueva,Empleado Privado
2301,25 - 34 Años,Masculino,Santa Rosa,Otro Municipio,Profesional Independiente
2302,35 - 44 Años,Masculino,Escuintla,Palín,Empleado Privado
2303,35 - 44 Años,Femenino,Guatemala,Guatemala,Empleado Privado
2304,45 - 54 Años,Femenino,Sacatepéquez,Jocotenango,Profesional Independiente
2305,45 - 54 Años,Masculino,Santa Rosa,Cabecera Municipal,Comerciante
2306,25 - 34 Años,Prefiero No Indicarlo,Zacapa,Otro Municipio,Ama De Casa
2307,18 - 24 Años,Masculino,Guatemala,San Miguel Petapa,Empleado Privado
2308,Menos De 18 Años,Femenino,Sacatepéquez,Jocotenango,Empleado Privado
2309,25 - 34 Años,Masculino,Guatemala,,Profesional Independiente
2310,25 - 34 Años,Masculino,Alta Verapaz,Otro Municipio,Profesional Independiente
2311,35 - 44 Años,Masculino,Guatemala,Santa Catarina Pinula,Comerciante
2312,45 - 54 Años,Masculino,Sololá,Otro Municipio,Empresario
2313,45 - 54 Años,Femenino,Baja Verapaz,Otro Municipio,Comerciante
2314,35 - 44 Años,Femenino,Guatemala,Santa Catarina Pinula,Comerciante
2315,18 - 24 Años,Prefiero No Indicarlo,Guatemala,,Empresario
2316,25 - 34 Años,Femenino,Retalhuleu,Otro Municipio,Estudiante
2317,25 - 34 Años,Masculino,Sacatepéquez,Antigua Guatemala,Empleado Privado
2318,45 - 54 Años,Femenino,Chimaltenango,Patzún,Empresario
2319,35 - 44 Años,Femenino,Escuintla,Santa Lucía Cotzumalguapa,Empleado Privado
2320,45 - 54 Años,Masculino,Guatemala,Villa Nueva,Empleado Privado
2321,25 - 34 Años,Femenino,Guatemala,Guatemala,Comerciante
2322,35 - 44 Años,Masculino,Guatemala,Villa Nueva,Comerciante
2323,55 Años O Más,Masculino,Guatemala,San Miguel Petapa,Comerciante
2324,Menos De 18 Años,Femenino,Guatemala,San Miguel Petapa,Empleado Público
2325,25 - 34 Años,Masculino,Escuintla,Santa Lucía Cotzumalguapa,Empleado Privado
2326,25 - 34 Años,Masculino,Quetzaltenango,Olintepeque,Estudiante
2327,25 - 34 Años,Masculino,Escuintla,Palín,Empleado Privado
2328,35 - 44 Años,Femenino,Guatemala,San Miguel Petapa,Comerciante
2329,25 - 34 Años,Femenino,Guatemala,San Miguel Petapa,Empleado Privado
2174,18 - 24 Años,Femenino,Sacatepéquez,Antigua Guatemala,Profesional Independiente
2331,18 - 24 Años,Prefiero No Indicarlo,Quetzaltenango,Coatepeque,Empleado Privado
2332,55 Años O Más,Femenino,Zacapa,Zacapa,Empleado Privado
2333,25 - 34 Años,Femenino,Santa Rosa,Santa Rosa,Empleado Público
2334,55 Años O Más,Masculino,Guatemala,Villa Nueva,Estudiante
2335,55 Años O Más,Femenino,Quetzaltenango,Quetzaltenango,Empleado Privado
2336,45 - 54 Años,Masculino,El Progreso,Cabecera Municipal,Estudiante
2337,25 - 34 Años,Femenino,Escuintla,Escuintla,Empleado Privado
2338,25 - 34 Años,Femenino,Guatemala,Mixco,Profesional Independiente
2339,45 - 54 Años,Femenino,Zacapa,Cabecera Municipal,Empleado Público
2340,18 - 24 Años,Femenino,Guatemala,San Miguel Petapa,Ama De Casa
2341,25 - 34 Años,Masculino,Chimaltenango,Chimaltenango,Empleado Privado
2342,Menos De 18 Años,Masculino,Guatemala,San Miguel Petapa,Ama De Casa
2343,25 - 34 Años,Femenino,Sacatepéquez,Antigua Guatemala,Estudiante
2344,55 Años O Más,Masculino,Guatemala,Mixco,Profesional Independiente
2345,18 - 24 Años,Femenino,Quiché,Otro Municipio,Empleado Privado
2346,35 - 44 Años,Prefiero No Indicarlo,Guatemala,Santa Catarina Pinula,Comerciante
2347,Menos De 18 Años,Masculino,Guatemala,Santa Catarina Pinula,Ama De Casa
2348,18 - 24 Años,Femenino,Sacatepéquez,Jocotenango,Profesional Independiente
2349,25 - 34 Años,Masculino,Quetzaltenango,Quetzaltenango,Estudiante
2350,18 - 24 Años,Femenino,Retalhuleu,Otro Municipio,Empleado Privado
2351,35 - 44 Años,Masculino,Guatemala,Villa Nueva,Profesional Independiente
2352,45 - 54 Años,Masculino,Guatemala,San Miguel Petapa,Empleado Público
2353,45 - 54 Años,Masculino,Guatemala,Santa Catarina Pinula,Empleado Privado
2354,35 - 44 Años,Masculino,Guatemala,Santa Catarina Pinula,Comerciante
2355,35 - 44 Años,Femenino,Retalhuleu,Retalhuleu,Estudiante
2356,25 - 34 Años,Femenino,Escuintla,Escuintla,Otro
2357,25 - 34 Años,Femenino,Quetzaltenango,Quetzaltenango,Empleado Privado
2358,35 - 44 Años,Masculino,Quetzaltenango,Quetzaltenango,Empleado Público
2359,35 - 44 Años,Masculino,Guatemala,Santa Catarina Pinula,Empleado Privado
2360,18 - 24 Años,Femenino,Sacatepéquez,Jocotenango,Empleado Privado
2361,45 - 54 Años,Masculino,Chiquimula,Otro Municipio,Empleado Privado
2362,18 - 24 Años,Femenino,Retalhuleu,Cabecera Municipal,Empleado Privado
2363,18 - 24 Años,Masculino,Guatemala,Santa Catarina Pinula,Estudiante
2364,18 - 24 Años,Masculino,San Marcos,Otro Municipio,Estudiante
2365,18 - 24 Años,Masculino,Sacatepéquez,Antigua Guatemala,Empleado Privado
2366,45 - 54 Años,Masculino,Chimaltenango,Chimaltenango,Empleado Privado
2367,Menos De 18 Años,Femenino,Guatemala,Guatemala,Empresario
2368,25 - 34 Años,Masculino,Guatemala,Mixco,Empleado Privado
2369,35 - 44 Años,Masculino,Guatemala,San Miguel Petapa,Estudiante
2370,Menos De 18 Años,Femenino,Santa Rosa,Cabecera Municipal,Empleado Privado
2371,35 - 44 Años,Femenino,Guatemala,San Miguel Petapa,Comerciante
2372,35 - 44 Años,Femenino,Suchitepéquez,Otro Municipio,Otro
2373,25 - 34 Años,Femenino,Quetzaltenango,Quetzaltenango,Empleado Privado
2374,35 - 44 Años,Femenino,Quetzaltenango,Olintepeque,Otro
2375,45 - 54 Años,Femenino,Escuintla,Palín,Empleado Privado
2376,35 - 44 Años,Femenino,Guatemala,Mixco,Comerciante
2377,35 - 44 Años,Femenino,Escuintla,Escuintla,Empresario
2378,18 - 24 Años,Masculino,Chimaltenango,Chimaltenango,Empresario
2379,35 - 44 Años,Masculino,Sacatepéquez,Ciudad Vieja,Comerciante
2380,Menos De 18 Años,Femenino,Guatemala,Santa Catarina Pinula,Empleado Público
2381,25 - 34 Años,Femenino,Guatemala,San Miguel Petapa,Profesional Independiente
2382,18 - 24 Años,Masculino,Guatemala,Mixco,Ama De Casa
2383,18 - 24 Años,Femenino,Jutiapa,Jutiapa,Empleado Privado
2384,55 Años O Más,Femenino,Guatemala,Mixco,Estudiante
2385,Menos De 18 Años,Masculino,San Marcos,Cabecera Municipal,Estudiante
2386,45 - 54 Años,Femenino,Izabal,Izabal,Estudiante
2387,18 - 24 Años,Femenino,El Progreso,Cabecera Municipal,Profesional Independiente
2388,35 - 44 Años,Femenino,Retalhuleu,Cabecera Municipal,Comerciante
2389,35 - 44 Años,Femenino,El Progreso,Cabecera Municipal,Estudiante
2390,18 - 24 Años,Femenino,Quetzaltenango,Coatepeque,Empleado Privado
2391,18 - 24 Años,Femenino,Guatemala,Guatemala,Comerciante
2392,Menos De 18 Años,Masculino,Totonicapán,Otro Municipio,Estudiante
2393,35 - 44 Años,Masculino,Guatemala,Villa Nueva,Empleado Público
2394,35 - 44 Años,Femenino,Sacatepéquez,Jocotenango,Empleado Privado
2395,45 - 54 Años,Masculino,Escuintla,Escuintla,Comerciante
2396,35 - 44 Años,Masculino,Sacatepéquez,Sumpango,Empleado Privado
2397,25 - 34 Años,Masculino,Guatemala,Mixco,Empresario
2398,18 - 24 Años,Femenino,Guatemala,Guatemala,Ama De Casa
2399,18 - 24 Años,Femenino,Guatemala,San Miguel Petapa,Profesional Independiente
2400,45 - 54 Años,Masculino,Guatemala,San Miguel Petapa,Empleado Privado
2401,25 - 34 Años,Masculino,Chiquimula,Cabecera Municipal,Comerciante
2402,18 - 24 Años,Femenino,Guatemala,Villa Nueva,Empleado Privado
2403,Menos De 18 Años,Masculino,Sololá,Sololá,Estudiante
2404,18 - 24 Años,Femenino,Escuintla,Escuintla,Empresario
2405,25 - 34 Años,Femenino,Guatemala,,Profesional Independiente
2406,25 - 34 Años,Masculino,Quiché,Cabecera Municipal,Empresario
2407,45 - 54 Años,Masculino,Chiquimula,Chiquimula,Empleado Privado
2408,25 - 34 Años,Femenino,Quiché,Cabecera Municipal,Estudiante
2409,18 - 24 Años,Femenino,Guatemala,Mixco,Empleado Privado
2410,18 - 24 Años,Masculino,Chiquimula,Cabecera Municipal,Profesional Independiente
2411,18 - 24 Años,Masculino,Totonicapán,Cabecera Municipal,Empleado Privado
2412,35 - 44 Años,Masculino,Guatemala,Mixco,Empleado Privado
2413,35 - 44 Años,Masculino,Jutiapa,Otro Municipio,Empresario
2414,35 - 44 Años,Masculino,Quetzaltenango,Quetzaltenango,Profesional Independiente
2415,25 - 34 Años,Masculino,Alta Verapaz,Cabecera Municipal,Ama De Casa
2416,25 - 34 Años,Femenino,Quetzaltenango,Quetzaltenango,Comerciante
2417,45 - 54 Años,Masculino,Chimaltenango,Patzún,Comerciante
2418,55 Años O Más,Femenino,Guatemala,San Miguel Petapa,Profesional Independiente
2419,35 - 44 Años,Masculino,Retalhuleu,Otro Municipio,Estudiante
2420,25 - 34 Años,Prefiero No Indicarlo,Guatemala,Guatemala,Ama De Casa
2421,25 - 34 Años,Femenino,Guatemala,Guatemala,Estudiante
2422,18 - 24 Años,Masculino,Guatemala,Santa Catarina Pinula,Estudiante
2423,25 - 34 Años,Femenino,Guatemala,Guatemala,Comerciante
2424,35 - 44 Años,Prefiero No Indicarlo,Quetzaltenango,Olintepeque,Empleado Privado
2425,45 - 54 Años,Masculino,Petén,Flores,Estudiante
2426,Menos De 18 Años,Masculino,Sacatepéquez,Jocotenango,Empleado Privado
2427,55 Años O Más,Masculino,Sololá,Otro Municipio,Comerciante
2428,18 - 24 Años,Masculino,Guatemala,San Miguel Petapa,Profesional Independiente
2429,25 - 34 Años,Masculino,Guatemala,Mixco,Profesional Independiente
2430,25 - 34 Años,Femenino,Quetzaltenango,Coatepeque,Empresario
2431,35 - 44 Años,Masculino,Escuintla,Escuintla,Comerciante
2432,45 - 54 Años,Masculino,Guatemala,Mixco,Estudiante
2433,18 - 24 Años,Masculino,Totonicapán,Totonicapán,Estudiante
2434,35 - 44 Años,Masculino,Alta Verapaz,Alta Verapaz,Empleado Privado
2435,25 - 34 Años,Femenino,Sololá,Otro Municipio,Empleado Privado
2436,18 - 24 Años,Masculino,Baja Verapaz,,Empleado Privado
2437,25 - 34 Años,Femenino,Guatemala,Villa Nueva,Jubilado
2438,25 - 34 Años,Femenino,Petén,Poptún,Profesional Independiente
2439,18 - 24 Años,Femenino,Guatemala,Mixco,Estudiante
2440,18 - 24 Años,Masculino,Guatemala,Villa Nueva,Empresario
2441,18 - 24 Años,Masculino,El Progreso,El Progreso,Profesional Independiente
2442,18 - 24 Años,Femenino,Escuintla,Palín,Estudiante
2443,25 - 34 Años,Masculino,Quetzaltenango,Olintepeque,Comerciante
2444,Menos De 18 Años,Prefiero No Indicarlo,Jalapa,,Empleado Privado
2445,18 - 24 Años,Masculino,Huehuetenango,Otro Municipio,Estudiante
2446,18 - 24 Años,Femenino,Quetzaltenango,Coatepeque,Empleado Privado
2447,Menos De 18 Años,Masculino,Sacatepéquez,Sumpango,Empleado Público
2448,18 - 24 Años,Femenino,Escuintla,Santa Lucía Cotzumalguapa,Estudiante
2449,55 Años O Más,Femenino,Guatemala,San Miguel Petapa,Estudiante
2450,25 - 34 Años,Masculino,Quetzaltenango,Quetzaltenango,Comerciante
2451,18 - 24 Años,Femenino,Suchitepéquez,Suchitepéquez,Empleado Público
2452,Menos De 18 Años,Femenino,Guatemala,San Miguel Petapa,Empresario
2453,35 - 44 Años,Masculino,Chimaltenango,Tecpán Guatemala,Empleado Privado
2454,25 - 34 Años,Femenino,Guatemala,Mixco,Comerciante
2455,55 Años O Más,Masculino,Sololá,Otro Municipio,Profesional Independiente
2456,18 - 24 Años,Femenino,Guatemala,Mixco,Profesional Independiente
2457,25 - 34 Años,Femenino,Chiquimula,Otro Municipio,Empleado Público
2458,25 - 34 Años,Femenino,Sacatepéquez,Antigua Guatemala,No Indicado
2459,25 - 34 Años,Masculino,Sacatepéquez,,Estudiante
2460,35 - 44 Años,Femenino,Guatemala,Villa Nueva,Estudiante
2461,Menos De 18 Años,Masculino,Santa Rosa,Cabecera Municipal,Ama De Casa
2462,25 - 34 Años,Masculino,Chiquimula,Chiquimula,Empleado Privado
2463,35 - 44 Años,Masculino,Chiquimula,Otro Municipio,Otro
2464,Menos De 18 Años,Femenino,Guatemala,Guatemala,Profesional Independiente
2465,18 - 24 Años,Masculino,Guatemala,Guatemala,Empleado Público
2466,Menos De 18 Años,Femenino,Sacatepéquez,Jocotenango,Empleado Privado
2467,25 - 34 Años,Femenino,Guatemala,Mixco,Empleado Privado
2468,55 Años O Más,Femenino,Guatemala,Mixco,Profesional Independiente
2469,45 - 54 Años,Masculino,Retalhuleu,Retalhuleu,Comerciante
2470,35 - 44 Años,Femenino,Chimaltenango,Chimaltenango,Empresario
2471,25 - 34 Años,Masculino,Quiché,Quiché,Comerciante
2472,25 - 34 Años,Femenino,Guatemala,Villa Nueva,Empleado Privado
2473,45 - 54 Años,Femenino,Guatemala,Mixco,Empleado Privado
2474,Menos De 18 Años,Femenino,Guatemala,San Miguel Petapa,Estudiante
2475,18 - 24 Años,Masculino,Guatemala,Mixco,Estudiante
2476,25 - 34 Años,Masculino,Guatemala,Guatemala,Empleado Privado
2477,35 - 44 Años,Masculino,Guatemala,San Miguel Petapa,Empleado Privado
2478,18 - 24 Años,Femenino,Guatemala,Villa Nueva,Comerciante
2479,45 - 54 Años,Femenino,Jalapa,Otro Municipio,Comerciante
2480,35 - 44 Años,Femenino,Chiquimula,Chiquimula,Estudiante
2481,18 - 24 Años,Femenino,Guatemala,Mixco,Empleado Privado
2482,35 - 44 Años,Masculino,Petén,San Benito,Comerciante
2483,35 - 44 Años,Femenino,Chiquimula,Cabecera Municipal,Estudiante
2484,25 - 34 Años,Femenino,Quetzaltenango,Coatepeque,Comerciante
2485,55 Años O Más,Masculino,Guatemala,Santa Catarina Pinula,Profesional Independiente
2486,35 - 44 Años,Femenino,Guatemala,Mixco,Estudiante
2487,Menos De 18 Años,Prefiero No Indicarlo,Petén,San Benito,Estudiante
2488,35 - 44 Años,Femenino,Sacatepéquez,Ciudad Vieja,Empresario
2489,Menos De 18 Años,Femenino,Quetzaltenango,Olintepeque,Empleado Privado
2490,18 - 24 Años,Masculino,Retalhuleu,Cabecera Municipal,Profesional Independiente
2491,45 - 54 Años,Masculino,Quetzaltenango,Coatepeque,Estudiante
2492,Menos De 18 Años,Femenino,Guatemala,Villa Nueva,Empresario
2493,35 - 44 Años,Masculino,Escuintla,Santa Lucía Cotzumalguapa,Estudiante
2494,45 - 54 Años,Masculino,Chimaltenango,Chimaltenango,Empleado Privado
2495,Menos De 18 Años,Femenino,Guatemala,Santa Catarina Pinula,Empresario
2496,25 - 34 Años,Masculino,Guatemala,Mixco,Empleado Privado
2497,45 - 54 Años,Masculino,San Marcos,Cabecera Municipal,Empresario
2498,Menos De 18 Años,Masculino,Quetzaltenango,Olintepeque,Profesional Independiente
2499,45 - 54 Años,Femenino,Guatemala,Santa Catarina Pinula,Empleado Público
2500,35 - 44 Años,Femenino,Sacatepéquez,Sumpango,Empleado Privado
