EncuestaID,FechaEncuesta,FrecuenciaConsumoSnacks,LugarCompraSnacks,ConQuienVePartidos,GastoSnacksPartido,GastoPromedio
1,15 Abril 2026,Varias Veces Al Mes,Aplicación De Delivery,Amigos,Q25 - Q50,37.5
2,26 Enero 2026,1 A 2 Veces Por Semana,Supermercado,Solo,Q51 - Q100,75.5
3,22 Abril 2026,Varias Veces Al Mes,Kiosco Escolar/Universitario,Familia,Q51 - Q100,75.5
4,28 Enero 2026,3 A 5 Veces Por Semana,Gasolinera,Solo,Q25 - Q50,37.5
5,04 Marzo 2026,Varias Veces Al Mes,Tienda De Barrio,Amigos,Q51 - Q100,75.5
6,05 Febrero 2026,1 A 2 Veces Por Semana,Tienda De Barrio,Solo,Menos De Q25,12.5
7,20 Enero 2026,3 A 5 Veces Por Semana,Aplicación De Delivery,Solo,Q51 - Q100,75.5
8,30 Marzo 2026,3 A 5 Veces Por Semana,Tienda De Barrio,Amigos,Q25 - Q50,37.5
9,11 Enero 2026,Todos Los Días,Kiosco Escolar/Universitario,Familia,Q25 - Q50,37.5
10,21 Febrero 2026,Varias Veces Al Mes,Tienda De Barrio,Familia,Q51 - Q100,75.5
11,04 Abril 2026,Todos Los Días,Otro,Familia,Menos De Q25,12.5
12,29 Enero 2026,3 A 5 Veces Por Semana,Tienda De Barrio,Compañeros De Trabajo,Q51 - Q100,75.5
13,05 Mayo 2026,3 A 5 Veces Por Semana,Supermercado,Familia,Q101 - Q150,125.5
14,28 Abril 2026,3 A 5 Veces Por Semana,Otro,Amigos,Q51 - Q100,75.5
15,10 Febrero 2026,1 A 2 Veces Por Semana,Tienda De Barrio,Compañeros De Trabajo,Q51 - Q100,75.5
16,23 Marzo 2026,1 A 2 Veces Por Semana,Tienda De Barrio,Amigos,Q25 - Q50,37.5
17,08 Mayo 2026,Todos Los Días,Supermercado,Familia,Más De Q150,175.0
18,10 Mayo 2026,1 A 2 Veces Por Semana,Kiosco Escolar/Universitario,Amigos,Q101 - Q150,125.5
19,11 Febrero 2026,1 A 2 Veces Por Semana,Supermercado,Familia,Q25 - Q50,37.5
20,31 Marzo 2026,Varias Veces Al Mes,Gasolinera,Amigos,Q51 - Q100,75.5
21,17 Febrero 2026,1 A 2 Veces Por Semana,Supermercado,Amigos,Q25 - Q50,37.5
22,16 Abril 2026,Todos Los Días,Tienda De Barrio,Familia,Q51 - Q100,75.5
23,30 Marzo 2026,Todos Los Días,Tienda De Barrio,Otro,Q25 - Q50,37.5
24,11 Febrero 2026,Todos Los Días,Otro,Amigos,Q101 - Q150,125.5
25,16 Abril 2026,3 A 5 Veces Por Semana,Tienda De Barrio,Solo,Q51 - Q100,75.5
26,18 Abril 2026,1 A 2 Veces Por Semana,Supermercado,Familia,Q25 - Q50,37.5
27,06 Febrero 2026,Todos Los Días,Supermercado,Familia,Menos De Q25,12.5
28,14 Marzo 2026,1 A 2 Veces Por Semana,Aplicación De Delivery,Amigos,Menos De Q25,12.5
29,01 Mayo 2026,3 A 5 Veces Por Semana,Tienda De Barrio,Amigos,Q25 - Q50,37.5
30,09 Marzo 2026,Todos Los Días,Gasolinera,Amigos,Q51 - Q100,75.5
31,17 Febrero 2026,Todos Los Días,Tienda De Barrio,Amigos,Q25 - Q50,37.5
32,16 Marzo 2026,1 A 2 Veces Por Semana,Tienda De Barrio,Familia,Q51 - Q100,75.5
33,18 Marzo 2026,Todos Los Días,Otro,Amigos,Q51 - Q100,75.5
34,02 Mayo 2026,Varias Veces Al Mes,Supermercado,Familia,Q101 - Q150,125.5
35,12 Enero 2026,Todos Los Días,Supermercado,Familia,Menos De Q25,12.5
36,24 Marzo 2026,Todos Los Días,Tienda De Barrio,Familia,Q51 - Q100,75.5
37,19 Febrero 2026,3 A 5 Veces Por Semana,Supermercado,Solo,Q51 - Q100,75.5
38,28 Febrero 2026,Rara Vez,Aplicación De Delivery,Otro,Q51 - Q100,75.5
39,26 Abril 2026,Todos Los Días,Gasolinera,Compañeros De Trabajo,Más De Q150,175.0
40,29 Enero 2026,3 A 5 Veces Por Semana,No Indicado,Familia,Menos De Q25,12.5
41,25 Enero 2026,3 A 5 Veces Por Semana,Supermercado,Otro,Q101 - Q150,125.5
42,06 Abril 2026,1 A 2 Veces Por Semana,Aplicación De Delivery,Amigos,Q51 - Q100,75.5
43,14 Marzo 2026,Todos Los Días,Tienda De Barrio,Amigos,Menos De Q25,12.5
44,05 Marzo 2026,1 A 2 Veces Por Semana,Supermercado,Amigos,Q51 - Q100,75.5
45,18 Abril 2026,Varias Veces Al Mes,Supermercado,Familia,Q25 - Q50,37.5
46,16 Marzo 2026,3 A 5 Veces Por Semana,Tienda De Barrio,Solo,Q25 - Q50,37.5
47,21 Enero 2026,1 A 2 Veces Por Semana,Tienda De Barrio,Compañeros De Trabajo,Q51 - Q100,75.5
48,12 Marzo 2026,Todos Los Días,Gasolinera,Amigos,Q51 - Q100,75.5
49,22 Febrero 2026,Todos Los Días,Tienda De Barrio,Familia,Q25 - Q50,37.5
50,16 Marzo 2026,Todos Los Días,Gasolinera,Amigos,Q51 - Q100,75.5
51,25 Enero 2026,1 A 2 Veces Por Semana,Aplicación De Delivery,Otro,Q101 - Q150,125.5
52,10 Marzo 2026,Rara Vez,Otro,Familia,Menos De Q25,12.5
53,27 Enero 2026,Varias Veces Al Mes,Gasolinera,Amigos,Q51 - Q100,75.5
54,04 Febrero 2026,1 A 2 Veces Por Semana,Tienda De Barrio,Familia,Más De Q150,175.0
55,19 Enero 2026,Rara Vez,Gasolinera,Compañeros De Trabajo,Q51 - Q100,75.5
56,13 Abril 2026,3 A 5 Veces Por Semana,Tienda De Barrio,Familia,Q51 - Q100,75.5
57,31 Marzo 2026,Varias Veces Al Mes,Gasolinera,Familia,Q51 - Q100,75.5
58,30 Marzo 2026,Varias Veces Al Mes,Supermercado,Familia,Q25 - Q50,37.5
59,06 Marzo 2026,1 A 2 Veces Por Semana,Tienda De Barrio,Familia,Q25 - Q50,37.5
60,29 Marzo 2026,1 A 2 Veces Por Semana,Otro,Amigos,Menos De Q25,12.5
61,06 Febrero 2026,3 A 5 Veces Por Semana,Otro,Familia,Q101 - Q150,125.5
62,15 Abril 2026,3 A 5 Veces Por Semana,Tienda De Barrio,Amigos,Q51 - Q100,75.5
63,16 Abril 2026,Todos Los Días,Tienda De Barrio,Familia,Q25 - Q50,37.5
64,02 Abril 2026,3 A 5 Veces Por Semana,No Indicado,Compañeros De Trabajo,Menos De Q25,12.5
65,27 Abril 2026,Varias Veces Al Mes,Gasolinera,Compañeros De Trabajo,Q101 - Q150,125.5
66,21 Febrero 2026,1 A 2 Veces Por Semana,Supermercado,Compañeros De Trabajo,Q51 - Q100,75.5
67,04 Abril 2026,3 A 5 Veces Por Semana,Kiosco Escolar/Universitario,Familia,Q25 - Q50,37.5
68,15 Enero 2026,Varias Veces Al Mes,Tienda De Barrio,Solo,Q25 - Q50,37.5
69,15 Marzo 2026,1 A 2 Veces Por Semana,Kiosco Escolar/Universitario,Otro,Q51 - Q100,75.5
70,26 Febrero 2026,3 A 5 Veces Por Semana,Supermercado,Amigos,Q51 - Q100,75.5
71,27 Enero 2026,1 A 2 Veces Por Semana,Gasolinera,Amigos,Q25 - Q50,37.5
72,01 Mayo 2026,3 A 5 Veces Por Semana,Supermercado,Familia,Menos De Q25,12.5
73,07 Febrero 2026,1 A 2 Veces Por Semana,Supermercado,Amigos,Q25 - Q50,37.5
74,16 Abril 2026,3 A 5 Veces Por Semana,Tienda De Barrio,Familia,Más De Q150,175.0
75,19 Enero 2026,Todos Los Días,Tienda De Barrio,Amigos,Menos De Q25,12.5
76,02 Marzo 2026,3 A 5 Veces Por Semana,Tienda De Barrio,Amigos,Q51 - Q100,75.5
77,05 Mayo 2026,Varias Veces Al Mes,Tienda De Barrio,Amigos,Q25 - Q50,37.5
78,15 Abril 2026,1 A 2 Veces Por Semana,Supermercado,Amigos,Q25 - Q50,37.5
79,11 Enero 2026,3 A 5 Veces Por Semana,Supermercado,Familia,Q25 - Q50,37.5
80,24 Marzo 2026,1 A 2 Veces Por Semana,Tienda De Barrio,Otro,Menos De Q25,12.5
81,09 Marzo 2026,1 A 2 Veces Por Semana,Supermercado,Familia,Menos De Q25,12.5
82,07 Abril 2026,1 A 2 Veces Por Semana,Supermercado,Amigos,Menos De Q25,12.5
83,14 Abril 2026,Varias Veces Al Mes,Kiosco Escolar/Universitario,Familia,Menos De Q25,12.5
84,05 Mayo 2026,Rara Vez,Gasolinera,Familia,Q51 - Q100,75.5
85,24 Enero 2026,3 A 5 Veces Por Semana,Supermercado,Amigos,Q51 - Q100,75.5
86,15 Enero 2026,Varias Veces Al Mes,Supermercado,Compañeros De Trabajo,Más De Q150,175.0
87,24 Marzo 2026,1 A 2 Veces Por Semana,Tienda De Barrio,Otro,Q51 - Q100,75.5
88,01 Febrero 2026,1 A 2 Veces Por Semana,Aplicación De Delivery,Amigos,Más De Q150,175.0
89,10 Mayo 2026,3 A 5 Veces Por Semana,Supermercado,Familia,Menos De Q25,12.5
90,29 Abril 2026,Todos Los Días,Aplicación De Delivery,Familia,Q25 - Q50,37.5
91,05 Marzo 2026,3 A 5 Veces Por Semana,Supermercado,Familia,Menos De Q25,12.5
92,16 Febrero 2026,3 A 5 Veces Por Semana,Otro,Familia,Q101 - Q150,125.5
93,18 Abril 2026,3 A 5 Veces Por Semana,Supermercado,Familia,Menos De Q25,12.5
94,13 Marzo 2026,Todos Los Días,Gasolinera,Compañeros De Trabajo,Q25 - Q50,37.5
95,18 Marzo 2026,Varias Veces Al Mes,Otro,Familia,Más De Q150,175.0
96,07 Abril 2026,Varias Veces Al Mes,Kiosco Escolar/Universitario,Familia,Menos De Q25,12.5
97,17 Abril 2026,Todos Los Días,Aplicación De Delivery,Amigos,Q51 - Q100,75.5
98,24 Febrero 2026,1 A 2 Veces Por Semana,Tienda De Barrio,Amigos,Q51 - Q100,75.5
99,13 Febrero 2026,3 A 5 Veces Por Semana,Tienda De Barrio,Compañeros De Trabajo,Menos De Q25,12.5
100,30 Abril 2026,3 A 5 Veces Por Semana,Supermercado,Familia,Menos De Q25,12.5
101,16 Enero 2026,Varias Veces Al Mes,Tienda De Barrio,Amigos,Q51 - Q100,75.5
102,10 Mayo 2026,1 A 2 Veces Por Semana,Tienda De Barrio,Familia,Q25 - Q50,37.5
103,30 Marzo 2026,Todos Los Días,Tienda De Barrio,Amigos,Q51 - Q100,75.5
104,29 Marzo 2026,3 A 5 Veces Por Semana,Gasolinera,Familia,Más De Q150,175.0
105,05 Febrero 2026,Todos Los Días,Supermercado,Familia,Q51 - Q100,75.5
106,12 Marzo 2026,3 A 5 Veces Por Semana,Gasolinera,Familia,Q101 - Q150,125.5
107,25 Marzo 2026,Todos Los Días,Supermercado,Amigos,Q25 - Q50,37.5
108,13 Marzo 2026,1 A 2 Veces Por Semana,Gasolinera,Familia,Q25 - Q50,37.5
109,15 Enero 2026,Varias Veces Al Mes,Supermercado,Amigos,Q101 - Q150,125.5
110,13 Febrero 2026,Todos Los Días,Supermercado,Familia,Q51 - Q100,75.5
111,24 Enero 2026,Varias Veces Al Mes,Kiosco Escolar/Universitario,Amigos,Q101 - Q150,125.5
112,19 Marzo 2026,Todos Los Días,Kiosco Escolar/Universitario,Amigos,Q101 - Q150,125.5
113,21 Marzo 2026,Todos Los Días,Kiosco Escolar/Universitario,Familia,Q51 - Q100,75.5
114,14 Febrero 2026,3 A 5 Veces Por Semana,Aplicación De Delivery,Familia,Q51 - Q100,75.5
115,14 Abril 2026,1 A 2 Veces Por Semana,Tienda De Barrio,Solo,Q25 - Q50,37.5
116,26 Abril 2026,Varias Veces Al Mes,Supermercado,Solo,Q25 - Q50,37.5
117,17 Abril 2026,Varias Veces Al Mes,Tienda De Barrio,Familia,Q51 - Q100,75.5
118,09 Abril 2026,3 A 5 Veces Por Semana,Supermercado,Familia,Q51 - Q100,75.5
119,31 Enero 2026,Todos Los Días,Otro,Familia,Q101 - Q150,125.5
120,25 Abril 2026,Varias Veces Al Mes,Gasolinera,Amigos,Q51 - Q100,75.5
121,01 Abril 2026,Todos Los Días,Kiosco Escolar/Universitario,Familia,Q25 - Q50,37.5
122,13 Enero 2026,Todos Los Días,Aplicación De Delivery,Familia,Q25 - Q50,37.5
123,03 Abril 2026,1 A 2 Veces Por Semana,Aplicación De Delivery,Familia,Q25 - Q50,37.5
124,18 Febrero 2026,Varias Veces Al Mes,Supermercado,Compañeros De Trabajo,Q51 - Q100,75.5
125,20 Marzo 2026,Varias Veces Al Mes,Kiosco Escolar/Universitario,Familia,Q25 - Q50,37.5
126,18 Febrero 2026,1 A 2 Veces Por Semana,Tienda De Barrio,Compañeros De Trabajo,Q51 - Q100,75.5
127,23 Febrero 2026,3 A 5 Veces Por Semana,Supermercado,Compañeros De Trabajo,Q51 - Q100,75.5
128,31 Enero 2026,Varias Veces Al Mes,Otro,Familia,Q25 - Q50,37.5
129,10 Marzo 2026,Varias Veces Al Mes,Supermercado,Familia,Q25 - Q50,37.5
130,28 Enero 2026,1 A 2 Veces Por Semana,Otro,Amigos,Más De Q150,175.0
131,22 Marzo 2026,3 A 5 Veces Por Semana,Supermercado,Familia,Q51 - Q100,75.5
132,06 Marzo 2026,Varias Veces Al Mes,Supermercado,Amigos,Menos De Q25,12.5
133,19 Febrero 2026,3 A 5 Veces Por Semana,Aplicación De Delivery,Compañeros De Trabajo,Q25 - Q50,37.5
134,27 Abril 2026,1 A 2 Veces Por Semana,Supermercado,Amigos,Q101 - Q150,125.5
135,09 Mayo 2026,1 A 2 Veces Por Semana,Aplicación De Delivery,Familia,Q101 - Q150,125.5
136,04 Abril 2026,1 A 2 Veces Por Semana,Tienda De Barrio,Otro,Q25 - Q50,37.5
137,09 Marzo 2026,1 A 2 Veces Por Semana,Supermercado,Amigos,Q51 - Q100,75.5
138,28 Marzo 2026,3 A 5 Veces Por Semana,Tienda De Barrio,Familia,Q51 - Q100,75.5
139,02 Febrero 2026,1 A 2 Veces Por Semana,Tienda De Barrio,Amigos,Q25 - Q50,37.5
140,15 Febrero 2026,1 A 2 Veces Por Semana,Supermercado,Otro,Q25 - Q50,37.5
141,10 Marzo 2026,Todos Los Días,Supermercado,Familia,Menos De Q25,12.5
142,07 Marzo 2026,1 A 2 Veces Por Semana,Supermercado,Familia,Q25 - Q50,37.5
143,28 Enero 2026,Rara Vez,Tienda De Barrio,Amigos,Q51 - Q100,75.5
144,17 Enero 2026,1 A 2 Veces Por Semana,Supermercado,Amigos,Q25 - Q50,37.5
145,12 Abril 2026,1 A 2 Veces Por Semana,Tienda De Barrio,Amigos,Q25 - Q50,37.5
146,27 Febrero 2026,1 A 2 Veces Por Semana,Supermercado,Familia,Q101 - Q150,125.5
147,26 Abril 2026,Todos Los Días,Tienda De Barrio,Amigos,Q25 - Q50,37.5
148,08 Marzo 2026,Varias Veces Al Mes,Gasolinera,Amigos,Q51 - Q100,75.5
149,01 Abril 2026,1 A 2 Veces Por Semana,Gasolinera,Familia,Q101 - Q150,125.5
150,19 Abril 2026,3 A 5 Veces Por Semana,Supermercado,Solo,Q51 - Q100,75.5
151,15 Enero 2026,Varias Veces Al Mes,Aplicación De Delivery,Solo,Q51 - Q100,75.5
152,30 Enero 2026,Rara Vez,No Indicado,Amigos,Más De Q150,175.0
153,28 Marzo 2026,1 A 2 Veces Por Semana,Supermercado,Familia,Q51 - Q100,75.5
154,02 Abril 2026,Todos Los Días,Kiosco Escolar/Universitario,Compañeros De Trabajo,Q51 - Q100,75.5
155,23 Enero 2026,3 A 5 Veces Por Semana,Tienda De Barrio,Amigos,Q25 - Q50,37.5
156,22 Febrero 2026,Varias Veces Al Mes,Supermercado,Amigos,Q25 - Q50,37.5
157,01 Mayo 2026,1 A 2 Veces Por Semana,Gasolinera,Solo,Q51 - Q100,75.5
158,25 Febrero 2026,3 A 5 Veces Por Semana,Supermercado,Familia,Q25 - Q50,37.5
159,28 Enero 2026,1 A 2 Veces Por Semana,Supermercado,Otro,Q51 - Q100,75.5
160,23 Febrero 2026,Rara Vez,Gasolinera,Familia,Q25 - Q50,37.5
161,26 Enero 2026,Varias Veces Al Mes,Supermercado,Familia,Q101 - Q150,125.5
162,19 Febrero 2026,3 A 5 Veces Por Semana,Tienda De Barrio,Familia,Q51 - Q100,75.5
163,21 Enero 2026,1 A 2 Veces Por Semana,Supermercado,Amigos,Q51 - Q100,75.5
164,16 Enero 2026,3 A 5 Veces Por Semana,Supermercado,Familia,Más De Q150,175.0
165,28 Febrero 2026,1 A 2 Veces Por Semana,Tienda De Barrio,Familia,Q25 - Q50,37.5
166,06 Abril 2026,Todos Los Días,Gasolinera,Familia,Menos De Q25,12.5
167,24 Febrero 2026,1 A 2 Veces Por Semana,Otro,Compañeros De Trabajo,Q25 - Q50,37.5
168,27 Abril 2026,3 A 5 Veces Por Semana,Tienda De Barrio,Amigos,Q101 - Q150,125.5
169,16 Abril 2026,Varias Veces Al Mes,Supermercado,Solo,Menos De Q25,12.5
170,08 Abril 2026,3 A 5 Veces Por Semana,Tienda De Barrio,Amigos,Q25 - Q50,37.5
171,18 Febrero 2026,1 A 2 Veces Por Semana,Supermercado,Amigos,Q25 - Q50,37.5
172,05 Abril 2026,1 A 2 Veces Por Semana,Gasolinera,Amigos,Q101 - Q150,125.5
173,04 Abril 2026,Varias Veces Al Mes,Gasolinera,Familia,Más De Q150,175.0
174,31 Marzo 2026,Todos Los Días,Supermercado,Familia,Menos De Q25,12.5
175,07 Febrero 2026,Rara Vez,No Indicado,Compañeros De Trabajo,Q51 - Q100,75.5
176,18 Enero 2026,1 A 2 Veces Por Semana,Tienda De Barrio,Compañeros De Trabajo,Q51 - Q100,75.5
177,12 Febrero 2026,Varias Veces Al Mes,Tienda De Barrio,Familia,Q51 - Q100,75.5
178,26 Febrero 2026,Varias Veces Al Mes,Supermercado,Amigos,Q25 - Q50,37.5
179,02 Marzo 2026,Varias Veces Al Mes,Kiosco Escolar/Universitario,Amigos,Q101 - Q150,125.5
180,02 Febrero 2026,3 A 5 Veces Por Semana,Supermercado,Amigos,Menos De Q25,12.5
181,10 Marzo 2026,3 A 5 Veces Por Semana,Supermercado,Otro,Q101 - Q150,125.5
182,29 Enero 2026,3 A 5 Veces Por Semana,Otro,Amigos,Q51 - Q100,75.5
183,08 Marzo 2026,1 A 2 Veces Por Semana,Supermercado,Familia,Q25 - Q50,37.5
184,04 Marzo 2026,1 A 2 Veces Por Semana,Aplicación De Delivery,Amigos,Q101 - Q150,125.5
185,08 Mayo 2026,3 A 5 Veces Por Semana,Tienda De Barrio,Amigos,Q25 - Q50,37.5
186,07 Febrero 2026,3 A 5 Veces Por Semana,Tienda De Barrio,Familia,Q25 - Q50,37.5
187,26 Febrero 2026,1 A 2 Veces Por Semana,Gasolinera,Familia,Menos De Q25,12.5
188,08 Mayo 2026,Varias Veces Al Mes,Tienda De Barrio,Otro,Más De Q150,175.0
189,24 Marzo 2026,Rara Vez,Supermercado,Amigos,Q25 - Q50,37.5
190,08 Abril 2026,Rara Vez,Tienda De Barrio,Amigos,Q25 - Q50,37.5
191,03 Febrero 2026,Todos Los Días,Tienda De Barrio,Familia,Q25 - Q50,37.5
192,21 Marzo 2026,1 A 2 Veces Por Semana,Supermercado,Compañeros De Trabajo,Q25 - Q50,37.5
193,21 Marzo 2026,1 A 2 Veces Por Semana,Aplicación De Delivery,Familia,Q51 - Q100,75.5
194,06 Mayo 2026,1 A 2 Veces Por Semana,Supermercado,Familia,Q51 - Q100,75.5
195,02 Marzo 2026,Todos Los Días,Tienda De Barrio,Familia,Menos De Q25,12.5
196,31 Enero 2026,Todos Los Días,Tienda De Barrio,Familia,Q25 - Q50,37.5
197,16 Marzo 2026,Todos Los Días,Tienda De Barrio,Amigos,Q25 - Q50,37.5
198,22 Enero 2026,Todos Los Días,Supermercado,Familia,Más De Q150,175.0
199,23 Enero 2026,3 A 5 Veces Por Semana,Tienda De Barrio,Amigos,Q25 - Q50,37.5
200,13 Enero 2026,1 A 2 Veces Por Semana,Aplicación De Delivery,Familia,Q25 - Q50,37.5
201,28 Abril 2026,3 A 5 Veces Por Semana,Supermercado,Amigos,Q51 - Q100,75.5
202,16 Febrero 2026,Todos Los Días,Tienda De Barrio,Familia,Más De Q150,175.0
203,18 Febrero 2026,1 A 2 Veces Por Semana,Gasolinera,Familia,Q51 - Q100,75.5
204,23 Abril 2026,1 A 2 Veces Por Semana,Supermercado,Compañeros De Trabajo,Q25 - Q50,37.5
205,05 Febrero 2026,3 A 5 Veces Por Semana,Supermercado,Familia,Q25 - Q50,37.5
206,24 Marzo 2026,Todos Los Días,Tienda De Barrio,Familia,Q51 - Q100,75.5
207,23 Enero 2026,Todos Los Días,Supermercado,Familia,Q51 - Q100,75.5
208,20 Enero 2026,3 A 5 Veces Por Semana,Tienda De Barrio,Familia,Q101 - Q150,125.5
209,09 Marzo 2026,1 A 2 Veces Por Semana,Supermercado,Familia,Q51 - Q100,75.5
210,04 Marzo 2026,1 A 2 Veces Por Semana,Kiosco Escolar/Universitario,Amigos,Menos De Q25,12.5
211,07 Mayo 2026,Varias Veces Al Mes,Gasolinera,Solo,Más De Q150,175.0
212,29 Enero 2026,3 A 5 Veces Por Semana,Otro,Familia,Q25 - Q50,37.5
213,07 Marzo 2026,3 A 5 Veces Por Semana,Otro,Familia,Más De Q150,175.0
214,22 Enero 2026,1 A 2 Veces Por Semana,Supermercado,Familia,Q51 - Q100,75.5
215,01 Abril 2026,1 A 2 Veces Por Semana,Tienda De Barrio,Amigos,Q25 - Q50,37.5
216,03 Abril 2026,1 A 2 Veces Por Semana,Aplicación De Delivery,Familia,Q25 - Q50,37.5
217,08 Mayo 2026,1 A 2 Veces Por Semana,Supermercado,Amigos,Q25 - Q50,37.5
218,26 Abril 2026,Rara Vez,Gasolinera,Familia,Q25 - Q50,37.5
219,04 Abril 2026,Todos Los Días,Supermercado,Amigos,Q101 - Q150,125.5
220,15 Febrero 2026,Varias Veces Al Mes,Supermercado,Amigos,Q25 - Q50,37.5
221,19 Enero 2026,3 A 5 Veces Por Semana,Tienda De Barrio,Amigos,Q25 - Q50,37.5
222,12 Abril 2026,1 A 2 Veces Por Semana,Aplicación De Delivery,Familia,Q25 - Q50,37.5
223,15 Febrero 2026,3 A 5 Veces Por Semana,Supermercado,Amigos,Q101 - Q150,125.5
224,16 Febrero 2026,Todos Los Días,Gasolinera,Solo,Q25 - Q50,37.5
225,13 Enero 2026,1 A 2 Veces Por Semana,Gasolinera,Familia,Menos De Q25,12.5
226,22 Marzo 2026,3 A 5 Veces Por Semana,Supermercado,Familia,Q51 - Q100,75.5
227,13 Enero 2026,Varias Veces Al Mes,Supermercado,Compañeros De Trabajo,Q51 - Q100,75.5
228,06 Abril 2026,Todos Los Días,Tienda De Barrio,Amigos,Menos De Q25,12.5
229,03 Febrero 2026,1 A 2 Veces Por Semana,Supermercado,Familia,Q25 - Q50,37.5
230,18 Enero 2026,Todos Los Días,Supermercado,Familia,Q101 - Q150,125.5
231,25 Abril 2026,Todos Los Días,Kiosco Escolar/Universitario,Solo,Q25 - Q50,37.5
232,26 Abril 2026,3 A 5 Veces Por Semana,Tienda De Barrio,Familia,Q25 - Q50,37.5
233,11 Febrero 2026,Varias Veces Al Mes,Supermercado,Familia,Q25 - Q50,37.5
234,24 Febrero 2026,1 A 2 Veces Por Semana,Tienda De Barrio,Familia,Q25 - Q50,37.5
235,19 Enero 2026,Varias Veces Al Mes,Tienda De Barrio,Amigos,Más De Q150,175.0
236,29 Abril 2026,3 A 5 Veces Por Semana,Tienda De Barrio,Familia,Q51 - Q100,75.5
237,06 Marzo 2026,Varias Veces Al Mes,Aplicación De Delivery,Compañeros De Trabajo,Q25 - Q50,37.5
238,01 Febrero 2026,Varias Veces Al Mes,Aplicación De Delivery,Compañeros De Trabajo,Más De Q150,175.0
239,11 Abril 2026,Todos Los Días,Supermercado,Amigos,Q51 - Q100,75.5
240,19 Abril 2026,3 A 5 Veces Por Semana,Tienda De Barrio,Amigos,Q25 - Q50,37.5
241,25 Enero 2026,3 A 5 Veces Por Semana,Gasolinera,Otro,Q51 - Q100,75.5
242,03 Febrero 2026,Todos Los Días,Supermercado,Amigos,Menos De Q25,12.5
243,12 Abril 2026,3 A 5 Veces Por Semana,Aplicación De Delivery,Familia,Q25 - Q50,37.5
244,11 Febrero 2026,3 A 5 Veces Por Semana,Aplicación De Delivery,Familia,Menos De Q25,12.5
245,05 Mayo 2026,Todos Los Días,Tienda De Barrio,Compañeros De Trabajo,Q51 - Q100,75.5
246,02 Mayo 2026,Varias Veces Al Mes,Otro,Familia,Q51 - Q100,75.5
247,06 Mayo 2026,3 A 5 Veces Por Semana,Tienda De Barrio,Amigos,Q51 - Q100,75.5
248,27 Abril 2026,Todos Los Días,Supermercado,Familia,Q51 - Q100,75.5
249,14 Febrero 2026,Varias Veces Al Mes,Tienda De Barrio,Familia,Menos De Q25,12.5
250,30 Abril 2026,1 A 2 Veces Por Semana,Gasolinera,Familia,Más De Q150,175.0
251,26 Enero 2026,1 A 2 Veces Por Semana,Gasolinera,Familia,Q51 - Q100,75.5
252,15 Febrero 2026,3 A 5 Veces Por Semana,Tienda De Barrio,Amigos,Menos De Q25,12.5
253,20 Marzo 2026,3 A 5 Veces Por Semana,Supermercado,Amigos,Q25 - Q50,37.5
254,07 Febrero 2026,1 A 2 Veces Por Semana,Tienda De Barrio,Compañeros De Trabajo,Q101 - Q150,125.5
255,06 Abril 2026,1 A 2 Veces Por Semana,Otro,Otro,Q25 - Q50,37.5
256,22 Febrero 2026,1 A 2 Veces Por Semana,Gasolinera,Amigos,Menos De Q25,12.5
257,10 Mayo 2026,Todos Los Días,Tienda De Barrio,Familia,Menos De Q25,12.5
258,10 Mayo 2026,3 A 5 Veces Por Semana,Supermercado,Amigos,Q25 - Q50,37.5
259,10 Febrero 2026,Rara Vez,Supermercado,Amigos,Q51 - Q100,75.5
260,22 Marzo 2026,Todos Los Días,Supermercado,Amigos,Q25 - Q50,37.5
261,06 Mayo 2026,1 A 2 Veces Por Semana,Gasolinera,Familia,Menos De Q25,12.5
262,20 Enero 2026,Varias Veces Al Mes,Tienda De Barrio,Familia,Menos De Q25,12.5
263,05 Abril 2026,3 A 5 Veces Por Semana,Supermercado,Familia,Menos De Q25,12.5
264,15 Febrero 2026,Todos Los Días,Kiosco Escolar/Universitario,Amigos,Q101 - Q150,125.5
265,15 Marzo 2026,Rara Vez,Tienda De Barrio,Amigos,Q51 - Q100,75.5
266,06 Marzo 2026,Todos Los Días,Supermercado,Familia,Menos De Q25,12.5
267,10 Enero 2026,Varias Veces Al Mes,Gasolinera,Amigos,Q25 - Q50,37.5
268,26 Enero 2026,3 A 5 Veces Por Semana,Gasolinera,Familia,Q51 - Q100,75.5
269,11 Enero 2026,3 A 5 Veces Por Semana,Kiosco Escolar/Universitario,Familia,Q51 - Q100,75.5
270,16 Marzo 2026,1 A 2 Veces Por Semana,Supermercado,Solo,Q25 - Q50,37.5
271,26 Febrero 2026,Varias Veces Al Mes,Tienda De Barrio,Otro,Q25 - Q50,37.5
272,28 Marzo 2026,Varias Veces Al Mes,Tienda De Barrio,Compañeros De Trabajo,Menos De Q25,12.5
273,21 Marzo 2026,Varias Veces Al Mes,Aplicación De Delivery,Otro,Q51 - Q100,75.5
274,20 Abril 2026,Todos Los Días,Gasolinera,Amigos,Más De Q150,175.0
275,19 Enero 2026,Rara Vez,Tienda De Barrio,Familia,Q25 - Q50,37.5
276,15 Abril 2026,Varias Veces Al Mes,Tienda De Barrio,Familia,Q51 - Q100,75.5
277,17 Abril 2026,1 A 2 Veces Por Semana,Supermercado,Familia,Q25 - Q50,37.5
278,08 Abril 2026,3 A 5 Veces Por Semana,Tienda De Barrio,Familia,Q51 - Q100,75.5
279,10 Marzo 2026,Varias Veces Al Mes,Tienda De Barrio,Amigos,Q101 - Q150,125.5
280,21 Abril 2026,1 A 2 Veces Por Semana,Supermercado,Familia,Q51 - Q100,75.5
281,03 Marzo 2026,Rara Vez,Gasolinera,Familia,Q25 - Q50,37.5
282,23 Febrero 2026,Todos Los Días,Gasolinera,Compañeros De Trabajo,Más De Q150,175.0
283,26 Febrero 2026,3 A 5 Veces Por Semana,Gasolinera,Familia,Q101 - Q150,125.5
284,14 Febrero 2026,Varias Veces Al Mes,Supermercado,Otro,Q25 - Q50,37.5
285,09 Febrero 2026,Todos Los Días,Tienda De Barrio,Familia,Q51 - Q100,75.5
286,03 Febrero 2026,Todos Los Días,Aplicación De Delivery,Amigos,Más De Q150,175.0
287,21 Febrero 2026,3 A 5 Veces Por Semana,Supermercado,Familia,Q51 - Q100,75.5
288,19 Marzo 2026,Varias Veces Al Mes,Supermercado,Familia,Menos De Q25,12.5
289,16 Enero 2026,3 A 5 Veces Por Semana,Supermercado,Familia,Q51 - Q100,75.5
290,07 Mayo 2026,1 A 2 Veces Por Semana,Otro,Familia,Q51 - Q100,75.5
291,20 Marzo 2026,Todos Los Días,Gasolinera,Amigos,Q25 - Q50,37.5
1595,27 Abril 2026,Varias Veces Al Mes,Gasolinera,Familia,Q51 - Q100,75.5
293,10 Enero 2026,3 A 5 Veces Por Semana,Otro,Familia,Q25 - Q50,37.5
294,20 Febrero 2026,Rara Vez,Supermercado,Familia,Q51 - Q100,75.5
295,29 Abril 2026,Varias Veces Al Mes,Tienda De Barrio,Familia,Q25 - Q50,37.5
296,02 Abril 2026,Varias Veces Al Mes,Kiosco Escolar/Universitario,Otro,Q25 - Q50,37.5
297,20 Abril 2026,1 A 2 Veces Por Semana,Supermercado,Solo,Q25 - Q50,37.5
298,09 Abril 2026,1 A 2 Veces Por Semana,Otro,Familia,Q25 - Q50,37.5
299,06 Febrero 2026,Todos Los Días,Aplicación De Delivery,Amigos,Más De Q150,175.0
300,16 Febrero 2026,Todos Los Días,Tienda De Barrio,Familia,Q25 - Q50,37.5
301,31 Enero 2026,Varias Veces Al Mes,Otro,Amigos,Q51 - Q100,75.5
302,28 Abril 2026,1 A 2 Veces Por Semana,Supermercado,Amigos,Q25 - Q50,37.5
303,15 Enero 2026,3 A 5 Veces Por Semana,Supermercado,Amigos,Q51 - Q100,75.5
304,18 Marzo 2026,3 A 5 Veces Por Semana,Supermercado,Familia,Q25 - Q50,37.5
305,19 Abril 2026,Rara Vez,Tienda De Barrio,Solo,Q51 - Q100,75.5
306,17 Enero 2026,3 A 5 Veces Por Semana,Supermercado,Familia,Q51 - Q100,75.5
307,31 Enero 2026,1 A 2 Veces Por Semana,Supermercado,Solo,Q51 - Q100,75.5
308,01 Febrero 2026,Todos Los Días,Gasolinera,Familia,Q51 - Q100,75.5
309,23 Abril 2026,3 A 5 Veces Por Semana,Tienda De Barrio,Amigos,Q51 - Q100,75.5
310,14 Enero 2026,Rara Vez,Supermercado,Solo,Q101 - Q150,125.5
311,01 Abril 2026,1 A 2 Veces Por Semana,Tienda De Barrio,Amigos,Menos De Q25,12.5
312,29 Enero 2026,Varias Veces Al Mes,Gasolinera,Familia,Menos De Q25,12.5
313,05 Febrero 2026,Rara Vez,Kiosco Escolar/Universitario,Solo,Q51 - Q100,75.5
314,26 Marzo 2026,Todos Los Días,Gasolinera,Familia,Q101 - Q150,125.5
315,21 Enero 2026,3 A 5 Veces Por Semana,Aplicación De Delivery,Amigos,Q51 - Q100,75.5
316,09 Febrero 2026,Todos Los Días,Otro,Amigos,Q25 - Q50,37.5
317,08 Marzo 2026,Rara Vez,Tienda De Barrio,Amigos,Q25 - Q50,37.5
318,16 Abril 2026,1 A 2 Veces Por Semana,Supermercado,Amigos,Menos De Q25,12.5
319,29 Enero 2026,Varias Veces Al Mes,Tienda De Barrio,Amigos,Q101 - Q150,125.5
320,04 Febrero 2026,1 A 2 Veces Por Semana,Tienda De Barrio,Amigos,Q25 - Q50,37.5
321,08 Febrero 2026,3 A 5 Veces Por Semana,Supermercado,Amigos,Q101 - Q150,125.5
322,09 Abril 2026,3 A 5 Veces Por Semana,Gasolinera,Familia,Q101 - Q150,125.5
323,12 Abril 2026,1 A 2 Veces Por Semana,Aplicación De Delivery,Solo,Q25 - Q50,37.5
324,09 Febrero 2026,1 A 2 Veces Por Semana,Supermercado,Amigos,Q101 - Q150,125.5
325,22 Marzo 2026,3 A 5 Veces Por Semana,Otro,Familia,Q51 - Q100,75.5
326,10 Mayo 2026,Varias Veces Al Mes,Gasolinera,Familia,Q51 - Q100,75.5
327,24 Febrero 2026,1 A 2 Veces Por Semana,Kiosco Escolar/Universitario,Solo,Q25 - Q50,37.5
328,16 Marzo 2026,1 A 2 Veces Por Semana,Tienda De Barrio,Familia,Q51 - Q100,75.5
329,28 Marzo 2026,Rara Vez,Aplicación De Delivery,Amigos,Q25 - Q50,37.5
330,25 Enero 2026,Rara Vez,Gasolinera,Familia,Menos De Q25,12.5
331,15 Febrero 2026,1 A 2 Veces Por Semana,Tienda De Barrio,Familia,Menos De Q25,12.5
332,05 Febrero 2026,1 A 2 Veces Por Semana,Tienda De Barrio,Familia,Q51 - Q100,75.5
333,17 Febrero 2026,Varias Veces Al Mes,Supermercado,Familia,Q25 - Q50,37.5
334,01 Mayo 2026,Varias Veces Al Mes,Otro,Amigos,Q25 - Q50,37.5
335,22 Abril 2026,Todos Los Días,Kiosco Escolar/Universitario,Amigos,Q25 - Q50,37.5
336,02 Mayo 2026,1 A 2 Veces Por Semana,Supermercado,Solo,Q25 - Q50,37.5
337,17 Enero 2026,1 A 2 Veces Por Semana,Supermercado,Solo,Q25 - Q50,37.5
338,26 Febrero 2026,1 A 2 Veces Por Semana,Supermercado,Familia,Q25 - Q50,37.5
339,02 Abril 2026,Todos Los Días,Supermercado,Familia,Q25 - Q50,37.5
340,04 Febrero 2026,3 A 5 Veces Por Semana,Kiosco Escolar/Universitario,Amigos,Q51 - Q100,75.5
341,28 Febrero 2026,Rara Vez,Supermercado,Compañeros De Trabajo,Más De Q150,175.0
342,16 Febrero 2026,3 A 5 Veces Por Semana,Supermercado,Amigos,Q51 - Q100,75.5
343,07 Abril 2026,Todos Los Días,Tienda De Barrio,Familia,Q51 - Q100,75.5
344,07 Abril 2026,Varias Veces Al Mes,Tienda De Barrio,Amigos,Q51 - Q100,75.5
345,04 Marzo 2026,Todos Los Días,Gasolinera,Familia,Q25 - Q50,37.5
346,09 Febrero 2026,Todos Los Días,Supermercado,Compañeros De Trabajo,Menos De Q25,12.5
347,28 Enero 2026,Varias Veces Al Mes,Tienda De Barrio,Familia,Menos De Q25,12.5
348,13 Marzo 2026,Todos Los Días,Tienda De Barrio,Familia,Menos De Q25,12.5
1960,19 Enero 2026,3 A 5 Veces Por Semana,Supermercado,Familia,Más De Q150,175.0
350,28 Marzo 2026,1 A 2 Veces Por Semana,Gasolinera,Amigos,Q51 - Q100,75.5
351,08 Mayo 2026,1 A 2 Veces Por Semana,Gasolinera,Amigos,Q51 - Q100,75.5
352,29 Marzo 2026,1 A 2 Veces Por Semana,Gasolinera,Familia,Q101 - Q150,125.5
353,01 Febrero 2026,1 A 2 Veces Por Semana,Tienda De Barrio,Amigos,Q101 - Q150,125.5
354,10 Mayo 2026,Todos Los Días,Tienda De Barrio,Familia,Q25 - Q50,37.5
355,22 Abril 2026,3 A 5 Veces Por Semana,Tienda De Barrio,Familia,Q51 - Q100,75.5
356,03 Mayo 2026,Varias Veces Al Mes,Tienda De Barrio,Familia,Q25 - Q50,37.5
357,21 Marzo 2026,Varias Veces Al Mes,Gasolinera,Solo,Q101 - Q150,125.5
358,23 Enero 2026,3 A 5 Veces Por Semana,Supermercado,Amigos,Q51 - Q100,75.5
359,10 Abril 2026,Todos Los Días,Gasolinera,Amigos,Más De Q150,175.0
360,19 Abril 2026,Varias Veces Al Mes,Supermercado,Amigos,Menos De Q25,12.5
361,05 Abril 2026,1 A 2 Veces Por Semana,Otro,Familia,Q25 - Q50,37.5
362,16 Febrero 2026,3 A 5 Veces Por Semana,Aplicación De Delivery,Amigos,Q51 - Q100,75.5
363,18 Marzo 2026,3 A 5 Veces Por Semana,Tienda De Barrio,Amigos,Menos De Q25,12.5
364,20 Enero 2026,1 A 2 Veces Por Semana,Supermercado,Familia,Q25 - Q50,37.5
365,01 Marzo 2026,3 A 5 Veces Por Semana,Aplicación De Delivery,Amigos,Q51 - Q100,75.5
366,26 Marzo 2026,3 A 5 Veces Por Semana,Tienda De Barrio,Solo,Menos De Q25,12.5
367,28 Febrero 2026,3 A 5 Veces Por Semana,Supermercado,Familia,Q51 - Q100,75.5
368,17 Febrero 2026,3 A 5 Veces Por Semana,Supermercado,Amigos,Q25 - Q50,37.5
369,26 Abril 2026,Todos Los Días,Supermercado,Familia,Q51 - Q100,75.5
370,14 Abril 2026,1 A 2 Veces Por Semana,Supermercado,Familia,Q101 - Q150,125.5
371,17 Febrero 2026,1 A 2 Veces Por Semana,Gasolinera,Amigos,Más De Q150,175.0
372,01 Marzo 2026,1 A 2 Veces Por Semana,Tienda De Barrio,Familia,Q51 - Q100,75.5
373,04 Abril 2026,1 A 2 Veces Por Semana,Tienda De Barrio,Otro,Menos De Q25,12.5
374,04 Marzo 2026,Rara Vez,Supermercado,Amigos,Q51 - Q100,75.5
375,18 Abril 2026,Todos Los Días,Tienda De Barrio,Solo,Q51 - Q100,75.5
376,03 Abril 2026,Varias Veces Al Mes,Supermercado,Amigos,Q25 - Q50,37.5
377,20 Marzo 2026,1 A 2 Veces Por Semana,Tienda De Barrio,Amigos,Q51 - Q100,75.5
378,01 Febrero 2026,1 A 2 Veces Por Semana,Tienda De Barrio,Solo,Q101 - Q150,125.5
379,28 Marzo 2026,3 A 5 Veces Por Semana,Supermercado,Amigos,Q25 - Q50,37.5
380,19 Febrero 2026,Varias Veces Al Mes,Tienda De Barrio,Solo,Q51 - Q100,75.5
381,02 Mayo 2026,3 A 5 Veces Por Semana,Kiosco Escolar/Universitario,Familia,Q51 - Q100,75.5
382,03 Marzo 2026,1 A 2 Veces Por Semana,Tienda De Barrio,Amigos,Q51 - Q100,75.5
383,27 Abril 2026,1 A 2 Veces Por Semana,Otro,Amigos,Q25 - Q50,37.5
384,02 Abril 2026,1 A 2 Veces Por Semana,Gasolinera,Amigos,Q51 - Q100,75.5
385,16 Enero 2026,3 A 5 Veces Por Semana,Supermercado,Amigos,Q25 - Q50,37.5
386,03 Abril 2026,Varias Veces Al Mes,Gasolinera,Familia,Q51 - Q100,75.5
387,01 Febrero 2026,Todos Los Días,Supermercado,Amigos,Q25 - Q50,37.5
388,10 Enero 2026,3 A 5 Veces Por Semana,Gasolinera,Amigos,Q51 - Q100,75.5
389,09 Abril 2026,Varias Veces Al Mes,Tienda De Barrio,Familia,Q25 - Q50,37.5
390,18 Enero 2026,Varias Veces Al Mes,Supermercado,Amigos,Q25 - Q50,37.5
391,06 Marzo 2026,Varias Veces Al Mes,Supermercado,Familia,Q25 - Q50,37.5
392,06 Abril 2026,Todos Los Días,Supermercado,Familia,Q51 - Q100,75.5
393,02 Abril 2026,Varias Veces Al Mes,Supermercado,Compañeros De Trabajo,Q25 - Q50,37.5
394,17 Enero 2026,1 A 2 Veces Por Semana,Tienda De Barrio,Familia,Q51 - Q100,75.5
395,27 Marzo 2026,Todos Los Días,Supermercado,Familia,Q25 - Q50,37.5
396,26 Marzo 2026,3 A 5 Veces Por Semana,Tienda De Barrio,Familia,Q101 - Q150,125.5
397,13 Marzo 2026,3 A 5 Veces Por Semana,Tienda De Barrio,Familia,Más De Q150,175.0
398,04 Marzo 2026,Todos Los Días,Tienda De Barrio,Amigos,Menos De Q25,12.5
399,09 Febrero 2026,1 A 2 Veces Por Semana,Gasolinera,Familia,Q51 - Q100,75.5
400,10 Mayo 2026,Varias Veces Al Mes,Gasolinera,Familia,Menos De Q25,12.5
401,08 Abril 2026,1 A 2 Veces Por Semana,Aplicación De Delivery,Amigos,Q51 - Q100,75.5
402,26 Enero 2026,Varias Veces Al Mes,Aplicación De Delivery,Compañeros De Trabajo,Q101 - Q150,125.5
403,14 Febrero 2026,3 A 5 Veces Por Semana,Tienda De Barrio,Familia,Q51 - Q100,75.5
404,01 Febrero 2026,Rara Vez,Supermercado,Amigos,Q51 - Q100,75.5
405,29 Enero 2026,1 A 2 Veces Por Semana,Otro,Familia,Menos De Q25,12.5
406,17 Marzo 2026,Todos Los Días,Gasolinera,Amigos,Q51 - Q100,75.5
407,26 Marzo 2026,Varias Veces Al Mes,Tienda De Barrio,Familia,Q51 - Q100,75.5
408,26 Enero 2026,3 A 5 Veces Por Semana,Supermercado,Compañeros De Trabajo,Q101 - Q150,125.5
409,06 Mayo 2026,Rara Vez,Aplicación De Delivery,Familia,Q25 - Q50,37.5
410,27 Febrero 2026,3 A 5 Veces Por Semana,Tienda De Barrio,Familia,Q51 - Q100,75.5
411,06 Marzo 2026,Varias Veces Al Mes,Aplicación De Delivery,Familia,Q51 - Q100,75.5
412,27 Enero 2026,Rara Vez,Supermercado,Familia,Q25 - Q50,37.5
413,17 Marzo 2026,Rara Vez,Aplicación De Delivery,Familia,Q25 - Q50,37.5
414,01 Abril 2026,3 A 5 Veces Por Semana,Tienda De Barrio,Familia,Q101 - Q150,125.5
415,13 Abril 2026,Varias Veces Al Mes,Supermercado,Compañeros De Trabajo,Q25 - Q50,37.5
416,22 Enero 2026,1 A 2 Veces Por Semana,Aplicación De Delivery,Amigos,Menos De Q25,12.5
417,10 Marzo 2026,1 A 2 Veces Por Semana,Supermercado,Amigos,Q51 - Q100,75.5
418,04 Mayo 2026,Todos Los Días,Tienda De Barrio,Familia,Menos De Q25,12.5
97,17 Abril 2026,Todos Los Días,Aplicación De Delivery,Amigos,Q51 - Q100,75.5
420,01 Mayo 2026,1 A 2 Veces Por Semana,Tienda De Barrio,Familia,Q51 - Q100,75.5
421,09 Febrero 2026,3 A 5 Veces Por Semana,Supermercado,Familia,Menos De Q25,12.5
422,13 Marzo 2026,Varias Veces Al Mes,Aplicación De Delivery,Amigos,Q51 - Q100,75.5
423,30 Abril 2026,3 A 5 Veces Por Semana,No Indicado,Otro,Menos De Q25,12.5
424,14 Abril 2026,Todos Los Días,Tienda De Barrio,Amigos,Q51 - Q100,75.5
425,21 Marzo 2026,3 A 5 Veces Por Semana,Gasolinera,Amigos,Más De Q150,175.0
426,10 Abril 2026,Todos Los Días,Kiosco Escolar/Universitario,Amigos,Q51 - Q100,75.5
427,22 Marzo 2026,1 A 2 Veces Por Semana,Kiosco Escolar/Universitario,Familia,Q51 - Q100,75.5
428,28 Marzo 2026,3 A 5 Veces Por Semana,Gasolinera,Familia,Q25 - Q50,37.5
429,12 Abril 2026,Varias Veces Al Mes,Aplicación De Delivery,Familia,Q51 - Q100,75.5
430,20 Enero 2026,1 A 2 Veces Por Semana,Supermercado,Familia,Q51 - Q100,75.5
431,11 Abril 2026,Todos Los Días,Kiosco Escolar/Universitario,Familia,Q25 - Q50,37.5
432,23 Enero 2026,3 A 5 Veces Por Semana,Aplicación De Delivery,Amigos,Q51 - Q100,75.5
433,18 Marzo 2026,1 A 2 Veces Por Semana,Supermercado,Familia,Q25 - Q50,37.5
434,30 Marzo 2026,Rara Vez,Gasolinera,Otro,Menos De Q25,12.5
435,12 Enero 2026,1 A 2 Veces Por Semana,Supermercado,Compañeros De Trabajo,Menos De Q25,12.5
436,14 Febrero 2026,Todos Los Días,Tienda De Barrio,Familia,Q25 - Q50,37.5
437,21 Abril 2026,1 A 2 Veces Por Semana,Tienda De Barrio,Familia,Q25 - Q50,37.5
438,03 Febrero 2026,3 A 5 Veces Por Semana,Kiosco Escolar/Universitario,Familia,Q51 - Q100,75.5
439,24 Abril 2026,1 A 2 Veces Por Semana,Tienda De Barrio,Solo,Q51 - Q100,75.5
440,22 Enero 2026,Varias Veces Al Mes,Tienda De Barrio,Amigos,Q25 - Q50,37.5
441,03 Febrero 2026,1 A 2 Veces Por Semana,Tienda De Barrio,Familia,Q101 - Q150,125.5
442,23 Enero 2026,3 A 5 Veces Por Semana,Gasolinera,Familia,Menos De Q25,12.5
443,27 Marzo 2026,Rara Vez,Tienda De Barrio,Amigos,Q25 - Q50,37.5
444,21 Marzo 2026,3 A 5 Veces Por Semana,Supermercado,Familia,Menos De Q25,12.5
445,26 Marzo 2026,Rara Vez,Tienda De Barrio,Otro,Q25 - Q50,37.5
446,01 Mayo 2026,Rara Vez,Otro,Amigos,Q51 - Q100,75.5
447,16 Abril 2026,Todos Los Días,Tienda De Barrio,Familia,Menos De Q25,12.5
448,31 Enero 2026,Todos Los Días,Otro,Familia,Q25 - Q50,37.5
449,14 Marzo 2026,3 A 5 Veces Por Semana,Kiosco Escolar/Universitario,Amigos,Q51 - Q100,75.5
1193,04 Abril 2026,Todos Los Días,Supermercado,Familia,Q25 - Q50,37.5
451,22 Abril 2026,Todos Los Días,Kiosco Escolar/Universitario,Otro,Q51 - Q100,75.5
452,23 Febrero 2026,3 A 5 Veces Por Semana,Gasolinera,Familia,Q51 - Q100,75.5
453,24 Marzo 2026,Rara Vez,Supermercado,Familia,Q25 - Q50,37.5
454,29 Marzo 2026,Rara Vez,Supermercado,Amigos,Q101 - Q150,125.5
455,21 Marzo 2026,Varias Veces Al Mes,Supermercado,Familia,Q51 - Q100,75.5
456,15 Febrero 2026,1 A 2 Veces Por Semana,Tienda De Barrio,Amigos,Q101 - Q150,125.5
457,26 Marzo 2026,Varias Veces Al Mes,Tienda De Barrio,Amigos,Q101 - Q150,125.5
458,03 Mayo 2026,Varias Veces Al Mes,Otro,Amigos,Q101 - Q150,125.5
459,12 Enero 2026,Todos Los Días,Gasolinera,Amigos,Q101 - Q150,125.5
460,05 Febrero 2026,Todos Los Días,Tienda De Barrio,Familia,Q101 - Q150,125.5
461,13 Enero 2026,Todos Los Días,Tienda De Barrio,Amigos,Q25 - Q50,37.5
462,07 Mayo 2026,3 A 5 Veces Por Semana,Tienda De Barrio,Otro,Menos De Q25,12.5
463,15 Abril 2026,1 A 2 Veces Por Semana,Supermercado,Familia,Menos De Q25,12.5
1049,06 Febrero 2026,3 A 5 Veces Por Semana,Supermercado,Familia,Q25 - Q50,37.5
465,23 Febrero 2026,Varias Veces Al Mes,Aplicación De Delivery,Amigos,Q25 - Q50,37.5
466,14 Enero 2026,Rara Vez,Supermercado,Amigos,Q101 - Q150,125.5
467,25 Abril 2026,1 A 2 Veces Por Semana,Tienda De Barrio,Amigos,Q25 - Q50,37.5
468,11 Abril 2026,Varias Veces Al Mes,Tienda De Barrio,Amigos,Q25 - Q50,37.5
469,10 Enero 2026,3 A 5 Veces Por Semana,Aplicación De Delivery,Amigos,Menos De Q25,12.5
470,23 Abril 2026,Varias Veces Al Mes,Kiosco Escolar/Universitario,Amigos,Q25 - Q50,37.5
471,20 Marzo 2026,Todos Los Días,Tienda De Barrio,Familia,Q51 - Q100,75.5
472,23 Enero 2026,Varias Veces Al Mes,Tienda De Barrio,Familia,Q25 - Q50,37.5
473,17 Febrero 2026,1 A 2 Veces Por Semana,Tienda De Barrio,Amigos,Q25 - Q50,37.5
2439,17 Febrero 2026,3 A 5 Veces Por Semana,Otro,Familia,Más De Q150,175.0
475,21 Abril 2026,3 A 5 Veces Por Semana,Aplicación De Delivery,Amigos,Q51 - Q100,75.5
476,26 Enero 2026,1 A 2 Veces Por Semana,Kiosco Escolar/Universitario,Familia,Q51 - Q100,75.5
477,22 Marzo 2026,1 A 2 Veces Por Semana,Supermercado,Amigos,Q25 - Q50,37.5
478,23 Enero 2026,Varias Veces Al Mes,Supermercado,Amigos,Q101 - Q150,125.5
479,25 Abril 2026,Todos Los Días,Supermercado,Compañeros De Trabajo,Q51 - Q100,75.5
480,03 Mayo 2026,Varias Veces Al Mes,Tienda De Barrio,Amigos,Menos De Q25,12.5
481,02 Mayo 2026,1 A 2 Veces Por Semana,Supermercado,Solo,Menos De Q25,12.5
482,18 Marzo 2026,3 A 5 Veces Por Semana,Gasolinera,Solo,Q25 - Q50,37.5
483,15 Marzo 2026,3 A 5 Veces Por Semana,Aplicación De Delivery,Solo,Menos De Q25,12.5
484,23 Enero 2026,1 A 2 Veces Por Semana,Gasolinera,Solo,Menos De Q25,12.5
485,02 Mayo 2026,1 A 2 Veces Por Semana,Tienda De Barrio,Amigos,Q51 - Q100,75.5
486,17 Abril 2026,Rara Vez,Tienda De Barrio,Compañeros De Trabajo,Q25 - Q50,37.5
487,03 Mayo 2026,1 A 2 Veces Por Semana,Supermercado,Familia,Q51 - Q100,75.5
488,09 Mayo 2026,Todos Los Días,Tienda De Barrio,Familia,Q101 - Q150,125.5
489,02 Mayo 2026,3 A 5 Veces Por Semana,Tienda De Barrio,Familia,Más De Q150,175.0
490,04 Marzo 2026,3 A 5 Veces Por Semana,Gasolinera,Familia,Menos De Q25,12.5
491,17 Febrero 2026,Rara Vez,Supermercado,Familia,Q101 - Q150,125.5
492,15 Febrero 2026,1 A 2 Veces Por Semana,Aplicación De Delivery,Amigos,Más De Q150,175.0
493,02 Mayo 2026,3 A 5 Veces Por Semana,Gasolinera,Familia,Menos De Q25,12.5
494,06 Mayo 2026,Varias Veces Al Mes,Kiosco Escolar/Universitario,Familia,Q25 - Q50,37.5
495,15 Abril 2026,1 A 2 Veces Por Semana,Aplicación De Delivery,Familia,Q101 - Q150,125.5
496,21 Marzo 2026,Todos Los Días,Tienda De Barrio,Familia,Q25 - Q50,37.5
497,29 Enero 2026,1 A 2 Veces Por Semana,Aplicación De Delivery,Familia,Q51 - Q100,75.5
498,22 Abril 2026,1 A 2 Veces Por Semana,Gasolinera,Familia,Menos De Q25,12.5
499,24 Marzo 2026,3 A 5 Veces Por Semana,Supermercado,Solo,Q101 - Q150,125.5
500,08 Abril 2026,Todos Los Días,Tienda De Barrio,Familia,Q51 - Q100,75.5
501,05 Febrero 2026,Varias Veces Al Mes,Supermercado,Familia,Q51 - Q100,75.5
502,08 Febrero 2026,Varias Veces Al Mes,Tienda De Barrio,Solo,Q25 - Q50,37.5
503,16 Enero 2026,1 A 2 Veces Por Semana,Gasolinera,Familia,Q51 - Q100,75.5
504,03 Febrero 2026,3 A 5 Veces Por Semana,Supermercado,Familia,Menos De Q25,12.5
505,22 Febrero 2026,Varias Veces Al Mes,Tienda De Barrio,Amigos,Q51 - Q100,75.5
506,10 Mayo 2026,Varias Veces Al Mes,Aplicación De Delivery,Amigos,Menos De Q25,12.5
507,18 Febrero 2026,1 A 2 Veces Por Semana,Aplicación De Delivery,Amigos,Q101 - Q150,125.5
508,23 Marzo 2026,3 A 5 Veces Por Semana,Gasolinera,Amigos,Q25 - Q50,37.5
509,18 Abril 2026,3 A 5 Veces Por Semana,Otro,Amigos,Más De Q150,175.0
510,12 Febrero 2026,Varias Veces Al Mes,Supermercado,Amigos,Menos De Q25,12.5
511,27 Febrero 2026,1 A 2 Veces Por Semana,Supermercado,Compañeros De Trabajo,Q51 - Q100,75.5
512,11 Abril 2026,Varias Veces Al Mes,Tienda De Barrio,Compañeros De Trabajo,Q25 - Q50,37.5
513,21 Enero 2026,3 A 5 Veces Por Semana,Otro,Amigos,Q25 - Q50,37.5
514,04 Mayo 2026,1 A 2 Veces Por Semana,Supermercado,Familia,Q25 - Q50,37.5
515,26 Marzo 2026,Varias Veces Al Mes,Kiosco Escolar/Universitario,Familia,Q25 - Q50,37.5
516,14 Enero 2026,1 A 2 Veces Por Semana,Supermercado,Compañeros De Trabajo,Q51 - Q100,75.5
517,11 Marzo 2026,Varias Veces Al Mes,Tienda De Barrio,Otro,Q25 - Q50,37.5
518,18 Febrero 2026,1 A 2 Veces Por Semana,Supermercado,Amigos,Menos De Q25,12.5
519,08 Mayo 2026,1 A 2 Veces Por Semana,Supermercado,Familia,Q101 - Q150,125.5
520,22 Enero 2026,3 A 5 Veces Por Semana,Kiosco Escolar/Universitario,Familia,Q51 - Q100,75.5
521,21 Enero 2026,3 A 5 Veces Por Semana,Supermercado,Amigos,Q101 - Q150,125.5
522,18 Abril 2026,1 A 2 Veces Por Semana,Supermercado,Solo,Q51 - Q100,75.5
523,02 Febrero 2026,3 A 5 Veces Por Semana,Tienda De Barrio,Amigos,Menos De Q25,12.5
524,18 Abril 2026,3 A 5 Veces Por Semana,Aplicación De Delivery,Amigos,Más De Q150,175.0
525,17 Abril 2026,Rara Vez,Kiosco Escolar/Universitario,Amigos,Q51 - Q100,75.5
526,21 Enero 2026,1 A 2 Veces Por Semana,Aplicación De Delivery,Solo,Menos De Q25,12.5
527,18 Febrero 2026,Varias Veces Al Mes,Aplicación De Delivery,Amigos,Más De Q150,175.0
528,28 Enero 2026,3 A 5 Veces Por Semana,Supermercado,Amigos,Más De Q150,175.0
529,13 Febrero 2026,1 A 2 Veces Por Semana,Otro,Amigos,Q25 - Q50,37.5
530,28 Marzo 2026,Todos Los Días,No Indicado,Familia,Q25 - Q50,37.5
531,04 Abril 2026,1 A 2 Veces Por Semana,Aplicación De Delivery,Amigos,Q51 - Q100,75.5
532,20 Marzo 2026,Todos Los Días,Supermercado,Familia,Q51 - Q100,75.5
533,06 Abril 2026,Rara Vez,Tienda De Barrio,Amigos,Q25 - Q50,37.5
534,30 Abril 2026,Rara Vez,Gasolinera,Amigos,Más De Q150,175.0
535,28 Febrero 2026,3 A 5 Veces Por Semana,Aplicación De Delivery,Familia,Menos De Q25,12.5
536,22 Enero 2026,Todos Los Días,Tienda De Barrio,Compañeros De Trabajo,Q25 - Q50,37.5
537,18 Marzo 2026,1 A 2 Veces Por Semana,Supermercado,Familia,Más De Q150,175.0
538,10 Marzo 2026,Rara Vez,Gasolinera,Amigos,Q101 - Q150,125.5
539,09 Abril 2026,Todos Los Días,Tienda De Barrio,Familia,Q25 - Q50,37.5
540,10 Abril 2026,3 A 5 Veces Por Semana,Supermercado,Solo,Q51 - Q100,75.5
541,28 Enero 2026,Todos Los Días,Tienda De Barrio,Familia,Más De Q150,175.0
542,27 Enero 2026,1 A 2 Veces Por Semana,No Indicado,Amigos,Q25 - Q50,37.5
543,21 Marzo 2026,1 A 2 Veces Por Semana,Gasolinera,Familia,Q25 - Q50,37.5
544,06 Mayo 2026,1 A 2 Veces Por Semana,Otro,Amigos,Q25 - Q50,37.5
545,20 Marzo 2026,Rara Vez,Kiosco Escolar/Universitario,Compañeros De Trabajo,Menos De Q25,12.5
546,01 Abril 2026,1 A 2 Veces Por Semana,Supermercado,Familia,Q51 - Q100,75.5
547,03 Mayo 2026,3 A 5 Veces Por Semana,Gasolinera,Solo,Q51 - Q100,75.5
548,04 Febrero 2026,Todos Los Días,Gasolinera,Otro,Q25 - Q50,37.5
549,28 Febrero 2026,1 A 2 Veces Por Semana,Kiosco Escolar/Universitario,Familia,Menos De Q25,12.5
550,03 Marzo 2026,3 A 5 Veces Por Semana,Tienda De Barrio,Amigos,Q25 - Q50,37.5
551,29 Marzo 2026,3 A 5 Veces Por Semana,Tienda De Barrio,Familia,Q25 - Q50,37.5
552,19 Abril 2026,Todos Los Días,Otro,Familia,Q25 - Q50,37.5
553,28 Abril 2026,3 A 5 Veces Por Semana,Tienda De Barrio,Amigos,Q25 - Q50,37.5
554,18 Enero 2026,1 A 2 Veces Por Semana,Tienda De Barrio,Amigos,Q25 - Q50,37.5
555,23 Abril 2026,3 A 5 Veces Por Semana,Tienda De Barrio,Compañeros De Trabajo,Q25 - Q50,37.5
556,05 Marzo 2026,Rara Vez,Gasolinera,Familia,Menos De Q25,12.5
557,06 Abril 2026,Varias Veces Al Mes,Tienda De Barrio,Familia,Menos De Q25,12.5
558,06 Marzo 2026,3 A 5 Veces Por Semana,Supermercado,Amigos,Q51 - Q100,75.5
559,01 Marzo 2026,Todos Los Días,Supermercado,Familia,Q101 - Q150,125.5
560,29 Enero 2026,1 A 2 Veces Por Semana,Tienda De Barrio,Compañeros De Trabajo,Q25 - Q50,37.5
561,13 Abril 2026,3 A 5 Veces Por Semana,Supermercado,Familia,Más De Q150,175.0
562,20 Enero 2026,Varias Veces Al Mes,Tienda De Barrio,Amigos,Q51 - Q100,75.5
563,04 Marzo 2026,Todos Los Días,Tienda De Barrio,Amigos,Q25 - Q50,37.5
564,20 Enero 2026,Todos Los Días,Tienda De Barrio,Familia,Q51 - Q100,75.5
565,03 Abril 2026,Todos Los Días,Supermercado,Amigos,Menos De Q25,12.5
566,13 Marzo 2026,1 A 2 Veces Por Semana,Supermercado,Compañeros De Trabajo,Q25 - Q50,37.5
567,23 Enero 2026,Rara Vez,Aplicación De Delivery,Familia,Q25 - Q50,37.5
568,11 Febrero 2026,1 A 2 Veces Por Semana,Supermercado,Amigos,Q25 - Q50,37.5
569,01 Febrero 2026,Varias Veces Al Mes,Tienda De Barrio,Amigos,Q51 - Q100,75.5
570,20 Marzo 2026,Varias Veces Al Mes,Tienda De Barrio,Familia,Q25 - Q50,37.5
571,30 Enero 2026,Varias Veces Al Mes,Supermercado,Amigos,Más De Q150,175.0
572,10 Marzo 2026,Todos Los Días,Tienda De Barrio,Compañeros De Trabajo,Q25 - Q50,37.5
573,15 Marzo 2026,1 A 2 Veces Por Semana,Supermercado,Familia,Menos De Q25,12.5
574,30 Enero 2026,1 A 2 Veces Por Semana,Kiosco Escolar/Universitario,Solo,Q51 - Q100,75.5
575,01 Mayo 2026,Todos Los Días,Tienda De Barrio,Compañeros De Trabajo,Q101 - Q150,125.5
576,07 Abril 2026,Rara Vez,Tienda De Barrio,Familia,Q25 - Q50,37.5
577,18 Marzo 2026,3 A 5 Veces Por Semana,Gasolinera,Amigos,Q25 - Q50,37.5
578,01 Abril 2026,1 A 2 Veces Por Semana,Gasolinera,Compañeros De Trabajo,Q25 - Q50,37.5
579,27 Abril 2026,3 A 5 Veces Por Semana,Tienda De Barrio,Familia,Menos De Q25,12.5
580,02 Febrero 2026,Todos Los Días,Supermercado,Familia,Menos De Q25,12.5
581,28 Enero 2026,Todos Los Días,Tienda De Barrio,Familia,Q51 - Q100,75.5
582,21 Febrero 2026,3 A 5 Veces Por Semana,Aplicación De Delivery,Familia,Q25 - Q50,37.5
583,10 Marzo 2026,Rara Vez,Gasolinera,Familia,Q25 - Q50,37.5
584,24 Enero 2026,1 A 2 Veces Por Semana,Tienda De Barrio,Familia,Menos De Q25,12.5
585,05 Febrero 2026,Varias Veces Al Mes,Gasolinera,Amigos,Q101 - Q150,125.5
586,09 Febrero 2026,1 A 2 Veces Por Semana,Gasolinera,Familia,Q25 - Q50,37.5
587,11 Febrero 2026,1 A 2 Veces Por Semana,Tienda De Barrio,Familia,Q51 - Q100,75.5
588,06 Febrero 2026,1 A 2 Veces Por Semana,Supermercado,Amigos,Q25 - Q50,37.5
589,11 Abril 2026,Varias Veces Al Mes,Gasolinera,Amigos,Q25 - Q50,37.5
590,04 Febrero 2026,Varias Veces Al Mes,Gasolinera,Amigos,Más De Q150,175.0
591,25 Marzo 2026,1 A 2 Veces Por Semana,Kiosco Escolar/Universitario,Familia,Menos De Q25,12.5
592,22 Marzo 2026,Todos Los Días,Supermercado,Familia,Q51 - Q100,75.5
593,27 Marzo 2026,Rara Vez,Tienda De Barrio,Familia,Q51 - Q100,75.5
594,22 Abril 2026,Todos Los Días,Supermercado,Compañeros De Trabajo,Q51 - Q100,75.5
595,25 Enero 2026,1 A 2 Veces Por Semana,Tienda De Barrio,Familia,Q25 - Q50,37.5
596,30 Enero 2026,3 A 5 Veces Por Semana,Aplicación De Delivery,Amigos,Menos De Q25,12.5
597,24 Enero 2026,3 A 5 Veces Por Semana,Gasolinera,Compañeros De Trabajo,Q51 - Q100,75.5
598,18 Enero 2026,3 A 5 Veces Por Semana,Tienda De Barrio,Familia,Q25 - Q50,37.5
599,16 Febrero 2026,3 A 5 Veces Por Semana,Tienda De Barrio,Amigos,Q25 - Q50,37.5
600,15 Febrero 2026,1 A 2 Veces Por Semana,Gasolinera,Solo,Más De Q150,175.0
601,27 Febrero 2026,3 A 5 Veces Por Semana,Aplicación De Delivery,Familia,Q51 - Q100,75.5
602,26 Marzo 2026,1 A 2 Veces Por Semana,Gasolinera,Solo,Q25 - Q50,37.5
603,07 Marzo 2026,Varias Veces Al Mes,Tienda De Barrio,Familia,Menos De Q25,12.5
604,20 Febrero 2026,3 A 5 Veces Por Semana,Aplicación De Delivery,Familia,Q51 - Q100,75.5
605,01 Marzo 2026,3 A 5 Veces Por Semana,Supermercado,Familia,Menos De Q25,12.5
606,02 Marzo 2026,3 A 5 Veces Por Semana,Supermercado,Compañeros De Trabajo,Q51 - Q100,75.5
607,08 Marzo 2026,1 A 2 Veces Por Semana,Tienda De Barrio,Familia,Q51 - Q100,75.5
608,05 Mayo 2026,Todos Los Días,Gasolinera,Familia,Q25 - Q50,37.5
609,22 Enero 2026,1 A 2 Veces Por Semana,Tienda De Barrio,Amigos,Q51 - Q100,75.5
1416,28 Abril 2026,3 A 5 Veces Por Semana,Supermercado,Compañeros De Trabajo,Q25 - Q50,37.5
611,17 Abril 2026,Varias Veces Al Mes,Gasolinera,Familia,Q51 - Q100,75.5
612,15 Marzo 2026,1 A 2 Veces Por Semana,Aplicación De Delivery,Familia,Q51 - Q100,75.5
613,12 Marzo 2026,1 A 2 Veces Por Semana,Tienda De Barrio,Amigos,Q51 - Q100,75.5
614,14 Enero 2026,1 A 2 Veces Por Semana,Supermercado,Familia,Q25 - Q50,37.5
615,24 Abril 2026,1 A 2 Veces Por Semana,Kiosco Escolar/Universitario,Familia,Q25 - Q50,37.5
1472,15 Abril 2026,Todos Los Días,Supermercado,Familia,Menos De Q25,12.5
617,06 Mayo 2026,1 A 2 Veces Por Semana,Tienda De Barrio,Familia,Q51 - Q100,75.5
618,28 Febrero 2026,Varias Veces Al Mes,Gasolinera,Amigos,Menos De Q25,12.5
619,06 Febrero 2026,1 A 2 Veces Por Semana,Gasolinera,Amigos,Q25 - Q50,37.5
620,30 Marzo 2026,Rara Vez,Tienda De Barrio,Amigos,Q51 - Q100,75.5
621,15 Febrero 2026,1 A 2 Veces Por Semana,Gasolinera,Compañeros De Trabajo,Q25 - Q50,37.5
622,17 Marzo 2026,3 A 5 Veces Por Semana,Tienda De Barrio,Compañeros De Trabajo,Q51 - Q100,75.5
623,12 Enero 2026,Varias Veces Al Mes,Tienda De Barrio,Familia,Menos De Q25,12.5
624,12 Abril 2026,Varias Veces Al Mes,Tienda De Barrio,Familia,Q51 - Q100,75.5
625,11 Enero 2026,Todos Los Días,Tienda De Barrio,Amigos,Q25 - Q50,37.5
626,27 Abril 2026,3 A 5 Veces Por Semana,Gasolinera,Compañeros De Trabajo,Q25 - Q50,37.5
627,05 Marzo 2026,3 A 5 Veces Por Semana,Tienda De Barrio,Amigos,Q51 - Q100,75.5
628,08 Mayo 2026,3 A 5 Veces Por Semana,Tienda De Barrio,Familia,Menos De Q25,12.5
629,02 Febrero 2026,Todos Los Días,Tienda De Barrio,Familia,Q51 - Q100,75.5
630,24 Abril 2026,Rara Vez,Supermercado,Amigos,Q51 - Q100,75.5
631,05 Febrero 2026,Rara Vez,Gasolinera,Solo,Q25 - Q50,37.5
632,10 Abril 2026,Todos Los Días,Aplicación De Delivery,Compañeros De Trabajo,Q25 - Q50,37.5
633,11 Abril 2026,Todos Los Días,Aplicación De Delivery,Familia,Menos De Q25,12.5
634,23 Febrero 2026,3 A 5 Veces Por Semana,Kiosco Escolar/Universitario,Amigos,Q25 - Q50,37.5
635,27 Abril 2026,Varias Veces Al Mes,Kiosco Escolar/Universitario,Amigos,Q51 - Q100,75.5
636,01 Febrero 2026,Todos Los Días,Tienda De Barrio,Familia,Q25 - Q50,37.5
637,13 Abril 2026,Todos Los Días,Tienda De Barrio,Familia,Q51 - Q100,75.5
638,02 Marzo 2026,3 A 5 Veces Por Semana,Tienda De Barrio,Familia,Q101 - Q150,125.5
639,24 Enero 2026,3 A 5 Veces Por Semana,Aplicación De Delivery,Familia,Q101 - Q150,125.5
640,09 Mayo 2026,Varias Veces Al Mes,Aplicación De Delivery,Familia,Q101 - Q150,125.5
641,04 Abril 2026,Varias Veces Al Mes,Tienda De Barrio,Amigos,Q25 - Q50,37.5
642,01 Abril 2026,Varias Veces Al Mes,Tienda De Barrio,Amigos,Q51 - Q100,75.5
643,22 Abril 2026,1 A 2 Veces Por Semana,Tienda De Barrio,Familia,Q25 - Q50,37.5
644,15 Enero 2026,1 A 2 Veces Por Semana,Supermercado,Familia,Q51 - Q100,75.5
645,12 Abril 2026,Varias Veces Al Mes,Supermercado,Familia,Q51 - Q100,75.5
646,25 Marzo 2026,Varias Veces Al Mes,Supermercado,Familia,Menos De Q25,12.5
647,10 Febrero 2026,3 A 5 Veces Por Semana,Gasolinera,Familia,Q101 - Q150,125.5
648,15 Abril 2026,Todos Los Días,Gasolinera,Amigos,Q51 - Q100,75.5
649,12 Abril 2026,Rara Vez,Supermercado,Familia,Q51 - Q100,75.5
650,20 Marzo 2026,1 A 2 Veces Por Semana,Supermercado,Otro,Más De Q150,175.0
651,30 Enero 2026,3 A 5 Veces Por Semana,Tienda De Barrio,Amigos,Q101 - Q150,125.5
652,25 Enero 2026,Rara Vez,Gasolinera,Solo,Q25 - Q50,37.5
653,29 Enero 2026,Todos Los Días,Tienda De Barrio,Amigos,Q101 - Q150,125.5
654,30 Abril 2026,1 A 2 Veces Por Semana,Supermercado,Amigos,Q51 - Q100,75.5
655,14 Abril 2026,1 A 2 Veces Por Semana,Supermercado,Familia,Menos De Q25,12.5
656,13 Abril 2026,Todos Los Días,Supermercado,Familia,Q51 - Q100,75.5
657,21 Marzo 2026,1 A 2 Veces Por Semana,Gasolinera,Familia,Q25 - Q50,37.5
658,16 Febrero 2026,3 A 5 Veces Por Semana,Aplicación De Delivery,Familia,Q51 - Q100,75.5
659,08 Abril 2026,Todos Los Días,Tienda De Barrio,Familia,Menos De Q25,12.5
660,12 Enero 2026,1 A 2 Veces Por Semana,Supermercado,Familia,Más De Q150,175.0
661,01 Marzo 2026,3 A 5 Veces Por Semana,Supermercado,Familia,Q51 - Q100,75.5
662,04 Marzo 2026,Rara Vez,Tienda De Barrio,Amigos,Más De Q150,175.0
663,13 Febrero 2026,Varias Veces Al Mes,Tienda De Barrio,Amigos,Q51 - Q100,75.5
664,27 Abril 2026,Varias Veces Al Mes,Supermercado,Amigos,Q25 - Q50,37.5
665,28 Marzo 2026,Todos Los Días,Gasolinera,Familia,Q25 - Q50,37.5
666,26 Marzo 2026,Todos Los Días,Supermercado,Solo,Q25 - Q50,37.5
667,10 Enero 2026,Todos Los Días,Supermercado,Familia,Q101 - Q150,125.5
668,27 Marzo 2026,3 A 5 Veces Por Semana,Kiosco Escolar/Universitario,Compañeros De Trabajo,Q51 - Q100,75.5
669,11 Abril 2026,1 A 2 Veces Por Semana,Supermercado,Amigos,Q101 - Q150,125.5
670,23 Enero 2026,1 A 2 Veces Por Semana,Gasolinera,Otro,Q25 - Q50,37.5
671,10 Marzo 2026,Todos Los Días,Gasolinera,Solo,Q51 - Q100,75.5
672,01 Marzo 2026,Todos Los Días,Kiosco Escolar/Universitario,Amigos,Q51 - Q100,75.5
673,14 Enero 2026,Varias Veces Al Mes,Gasolinera,Compañeros De Trabajo,Q25 - Q50,37.5
674,09 Febrero 2026,1 A 2 Veces Por Semana,Tienda De Barrio,Familia,Menos De Q25,12.5
675,28 Marzo 2026,3 A 5 Veces Por Semana,Tienda De Barrio,Otro,Q101 - Q150,125.5
676,21 Abril 2026,3 A 5 Veces Por Semana,Tienda De Barrio,Familia,Menos De Q25,12.5
677,05 Febrero 2026,Varias Veces Al Mes,Supermercado,Solo,Q25 - Q50,37.5
678,29 Enero 2026,3 A 5 Veces Por Semana,Supermercado,Familia,Q25 - Q50,37.5
679,04 Abril 2026,1 A 2 Veces Por Semana,Kiosco Escolar/Universitario,Amigos,Q51 - Q100,75.5
680,28 Febrero 2026,3 A 5 Veces Por Semana,Tienda De Barrio,Familia,Q25 - Q50,37.5
681,23 Febrero 2026,3 A 5 Veces Por Semana,Supermercado,Familia,Q101 - Q150,125.5
682,10 Abril 2026,Todos Los Días,Tienda De Barrio,Amigos,Menos De Q25,12.5
683,13 Febrero 2026,3 A 5 Veces Por Semana,Aplicación De Delivery,Amigos,Q25 - Q50,37.5
684,10 Febrero 2026,3 A 5 Veces Por Semana,Supermercado,Familia,Q25 - Q50,37.5
685,02 Mayo 2026,1 A 2 Veces Por Semana,Aplicación De Delivery,Otro,Q51 - Q100,75.5
686,10 Marzo 2026,Todos Los Días,Gasolinera,Familia,Q25 - Q50,37.5
687,05 Mayo 2026,1 A 2 Veces Por Semana,Kiosco Escolar/Universitario,Otro,Más De Q150,175.0
688,09 Mayo 2026,1 A 2 Veces Por Semana,Aplicación De Delivery,Amigos,Menos De Q25,12.5
689,25 Febrero 2026,1 A 2 Veces Por Semana,Tienda De Barrio,Familia,Menos De Q25,12.5
1961,09 Mayo 2026,Varias Veces Al Mes,Tienda De Barrio,Otro,Q25 - Q50,37.5
691,20 Abril 2026,1 A 2 Veces Por Semana,Supermercado,Familia,Q101 - Q150,125.5
692,31 Marzo 2026,3 A 5 Veces Por Semana,Aplicación De Delivery,Amigos,Q101 - Q150,125.5
693,28 Abril 2026,Varias Veces Al Mes,Gasolinera,Amigos,Menos De Q25,12.5
694,18 Abril 2026,1 A 2 Veces Por Semana,Supermercado,Amigos,Q25 - Q50,37.5
695,01 Abril 2026,3 A 5 Veces Por Semana,Tienda De Barrio,Amigos,Q25 - Q50,37.5
696,19 Abril 2026,1 A 2 Veces Por Semana,Supermercado,Familia,Menos De Q25,12.5
697,06 Mayo 2026,3 A 5 Veces Por Semana,Supermercado,Familia,Q101 - Q150,125.5
698,16 Enero 2026,Todos Los Días,Gasolinera,Amigos,Q25 - Q50,37.5
699,17 Enero 2026,Todos Los Días,Tienda De Barrio,Amigos,Q51 - Q100,75.5
700,06 Febrero 2026,1 A 2 Veces Por Semana,Aplicación De Delivery,Otro,Menos De Q25,12.5
701,12 Marzo 2026,3 A 5 Veces Por Semana,Otro,Familia,Q25 - Q50,37.5
702,09 Febrero 2026,1 A 2 Veces Por Semana,Tienda De Barrio,Amigos,Q25 - Q50,37.5
703,09 Marzo 2026,3 A 5 Veces Por Semana,Tienda De Barrio,Solo,Q101 - Q150,125.5
704,28 Enero 2026,1 A 2 Veces Por Semana,Gasolinera,Compañeros De Trabajo,Q25 - Q50,37.5
705,01 Marzo 2026,1 A 2 Veces Por Semana,Aplicación De Delivery,Familia,Q101 - Q150,125.5
706,02 Abril 2026,Varias Veces Al Mes,Kiosco Escolar/Universitario,Familia,Menos De Q25,12.5
707,21 Enero 2026,3 A 5 Veces Por Semana,Supermercado,Amigos,Más De Q150,175.0
708,19 Enero 2026,Varias Veces Al Mes,Supermercado,Familia,Q25 - Q50,37.5
709,01 Febrero 2026,Varias Veces Al Mes,Supermercado,Solo,Q51 - Q100,75.5
710,28 Enero 2026,3 A 5 Veces Por Semana,Supermercado,Amigos,Q25 - Q50,37.5
711,27 Enero 2026,3 A 5 Veces Por Semana,Supermercado,Amigos,Q51 - Q100,75.5
712,24 Enero 2026,Varias Veces Al Mes,Kiosco Escolar/Universitario,Familia,Q25 - Q50,37.5
713,21 Enero 2026,3 A 5 Veces Por Semana,Tienda De Barrio,Amigos,Q101 - Q150,125.5
714,30 Enero 2026,1 A 2 Veces Por Semana,Tienda De Barrio,Amigos,Q25 - Q50,37.5
715,29 Abril 2026,1 A 2 Veces Por Semana,Supermercado,Familia,Q51 - Q100,75.5
716,26 Enero 2026,3 A 5 Veces Por Semana,Tienda De Barrio,Compañeros De Trabajo,Q25 - Q50,37.5
717,21 Enero 2026,Todos Los Días,Tienda De Barrio,Amigos,Más De Q150,175.0
718,28 Abril 2026,3 A 5 Veces Por Semana,Tienda De Barrio,Solo,Q51 - Q100,75.5
719,09 Febrero 2026,1 A 2 Veces Por Semana,Supermercado,Familia,Q101 - Q150,125.5
720,18 Marzo 2026,3 A 5 Veces Por Semana,Otro,Amigos,Q51 - Q100,75.5
721,01 Mayo 2026,Varias Veces Al Mes,Kiosco Escolar/Universitario,Familia,Menos De Q25,12.5
722,13 Abril 2026,1 A 2 Veces Por Semana,Tienda De Barrio,Amigos,Menos De Q25,12.5
723,15 Febrero 2026,Varias Veces Al Mes,Tienda De Barrio,Familia,Q101 - Q150,125.5
724,04 Abril 2026,3 A 5 Veces Por Semana,Supermercado,Familia,Q25 - Q50,37.5
725,23 Abril 2026,Rara Vez,Gasolinera,Familia,Menos De Q25,12.5
726,26 Enero 2026,3 A 5 Veces Por Semana,Aplicación De Delivery,Familia,Q25 - Q50,37.5
727,21 Abril 2026,Todos Los Días,Tienda De Barrio,Familia,Q101 - Q150,125.5
728,13 Enero 2026,3 A 5 Veces Por Semana,Tienda De Barrio,Familia,Q25 - Q50,37.5
729,21 Febrero 2026,3 A 5 Veces Por Semana,Kiosco Escolar/Universitario,Familia,Más De Q150,175.0
730,22 Enero 2026,Todos Los Días,Otro,Familia,Q101 - Q150,125.5
731,02 Marzo 2026,3 A 5 Veces Por Semana,Tienda De Barrio,Amigos,Q25 - Q50,37.5
732,25 Enero 2026,3 A 5 Veces Por Semana,Supermercado,Amigos,Q51 - Q100,75.5
733,01 Mayo 2026,1 A 2 Veces Por Semana,Tienda De Barrio,Familia,Q51 - Q100,75.5
734,04 Marzo 2026,1 A 2 Veces Por Semana,Tienda De Barrio,Amigos,Menos De Q25,12.5
735,02 Febrero 2026,3 A 5 Veces Por Semana,Aplicación De Delivery,Familia,Q25 - Q50,37.5
736,07 Febrero 2026,3 A 5 Veces Por Semana,Supermercado,Compañeros De Trabajo,Q51 - Q100,75.5
737,20 Enero 2026,3 A 5 Veces Por Semana,Supermercado,Familia,Menos De Q25,12.5
738,04 Abril 2026,1 A 2 Veces Por Semana,Tienda De Barrio,Amigos,Q25 - Q50,37.5
739,20 Enero 2026,Todos Los Días,Tienda De Barrio,Familia,Q51 - Q100,75.5
740,22 Marzo 2026,3 A 5 Veces Por Semana,Tienda De Barrio,Otro,Q25 - Q50,37.5
741,20 Febrero 2026,Varias Veces Al Mes,Tienda De Barrio,Amigos,Más De Q150,175.0
742,13 Febrero 2026,Todos Los Días,Tienda De Barrio,Familia,Menos De Q25,12.5
743,13 Marzo 2026,1 A 2 Veces Por Semana,Gasolinera,Solo,Q25 - Q50,37.5
744,17 Febrero 2026,3 A 5 Veces Por Semana,Kiosco Escolar/Universitario,Compañeros De Trabajo,Q51 - Q100,75.5
745,06 Marzo 2026,1 A 2 Veces Por Semana,Tienda De Barrio,Solo,Q25 - Q50,37.5
746,09 Mayo 2026,Varias Veces Al Mes,Tienda De Barrio,Amigos,Q25 - Q50,37.5
747,02 Mayo 2026,3 A 5 Veces Por Semana,Tienda De Barrio,Familia,Q101 - Q150,125.5
748,15 Abril 2026,1 A 2 Veces Por Semana,Supermercado,Amigos,Q25 - Q50,37.5
749,29 Enero 2026,3 A 5 Veces Por Semana,Supermercado,Familia,Q51 - Q100,75.5
750,27 Marzo 2026,Varias Veces Al Mes,Supermercado,Familia,Más De Q150,175.0
751,20 Febrero 2026,Rara Vez,Gasolinera,Compañeros De Trabajo,Q25 - Q50,37.5
752,03 Febrero 2026,3 A 5 Veces Por Semana,Supermercado,Compañeros De Trabajo,Q51 - Q100,75.5
753,25 Febrero 2026,Todos Los Días,Gasolinera,Amigos,Q101 - Q150,125.5
754,28 Marzo 2026,3 A 5 Veces Por Semana,Tienda De Barrio,Amigos,Q25 - Q50,37.5
755,02 Abril 2026,1 A 2 Veces Por Semana,Supermercado,Familia,Q51 - Q100,75.5
756,18 Marzo 2026,1 A 2 Veces Por Semana,Tienda De Barrio,Solo,Q25 - Q50,37.5
757,16 Abril 2026,3 A 5 Veces Por Semana,Otro,Familia,Menos De Q25,12.5
758,20 Marzo 2026,Varias Veces Al Mes,Gasolinera,Familia,Q25 - Q50,37.5
759,21 Enero 2026,Varias Veces Al Mes,Supermercado,Amigos,Más De Q150,175.0
760,03 Febrero 2026,3 A 5 Veces Por Semana,Supermercado,Familia,Menos De Q25,12.5
761,09 Febrero 2026,1 A 2 Veces Por Semana,Tienda De Barrio,Compañeros De Trabajo,Q25 - Q50,37.5
762,14 Marzo 2026,Todos Los Días,Tienda De Barrio,Amigos,Q101 - Q150,125.5
763,28 Abril 2026,1 A 2 Veces Por Semana,Supermercado,Amigos,Q25 - Q50,37.5
764,20 Febrero 2026,Todos Los Días,Kiosco Escolar/Universitario,Amigos,Q25 - Q50,37.5
765,31 Enero 2026,1 A 2 Veces Por Semana,Tienda De Barrio,Familia,Más De Q150,175.0
766,13 Enero 2026,Varias Veces Al Mes,Gasolinera,Amigos,Q25 - Q50,37.5
767,20 Febrero 2026,Varias Veces Al Mes,Aplicación De Delivery,Compañeros De Trabajo,Q101 - Q150,125.5
768,30 Abril 2026,1 A 2 Veces Por Semana,Supermercado,Familia,Q51 - Q100,75.5
769,14 Marzo 2026,3 A 5 Veces Por Semana,Aplicación De Delivery,Compañeros De Trabajo,Más De Q150,175.0
770,19 Enero 2026,1 A 2 Veces Por Semana,Supermercado,Amigos,Q25 - Q50,37.5
771,01 Abril 2026,3 A 5 Veces Por Semana,Aplicación De Delivery,Familia,Q101 - Q150,125.5
772,10 Mayo 2026,3 A 5 Veces Por Semana,Aplicación De Delivery,Familia,Menos De Q25,12.5
773,18 Febrero 2026,Todos Los Días,Kiosco Escolar/Universitario,Amigos,Q25 - Q50,37.5
774,23 Febrero 2026,1 A 2 Veces Por Semana,Tienda De Barrio,Amigos,Q25 - Q50,37.5
775,23 Febrero 2026,3 A 5 Veces Por Semana,Supermercado,Compañeros De Trabajo,Menos De Q25,12.5
776,14 Enero 2026,Todos Los Días,Tienda De Barrio,Amigos,Q25 - Q50,37.5
777,06 Mayo 2026,Rara Vez,Aplicación De Delivery,Familia,Q51 - Q100,75.5
778,24 Enero 2026,Rara Vez,Tienda De Barrio,Familia,Q51 - Q100,75.5
779,29 Abril 2026,1 A 2 Veces Por Semana,Supermercado,Compañeros De Trabajo,Q25 - Q50,37.5
780,05 Mayo 2026,Todos Los Días,Kiosco Escolar/Universitario,Otro,Menos De Q25,12.5
781,16 Abril 2026,3 A 5 Veces Por Semana,Supermercado,Amigos,Q25 - Q50,37.5
782,06 Febrero 2026,1 A 2 Veces Por Semana,Supermercado,Amigos,Q51 - Q100,75.5
783,04 Marzo 2026,Todos Los Días,Tienda De Barrio,Solo,Q25 - Q50,37.5
784,22 Abril 2026,1 A 2 Veces Por Semana,No Indicado,Familia,Q25 - Q50,37.5
785,17 Febrero 2026,1 A 2 Veces Por Semana,Gasolinera,Amigos,Menos De Q25,12.5
786,08 Febrero 2026,Todos Los Días,Aplicación De Delivery,Familia,Q25 - Q50,37.5
787,18 Enero 2026,3 A 5 Veces Por Semana,Gasolinera,Amigos,Q25 - Q50,37.5
788,25 Febrero 2026,1 A 2 Veces Por Semana,Tienda De Barrio,Solo,Q25 - Q50,37.5
789,01 Marzo 2026,Todos Los Días,Kiosco Escolar/Universitario,Compañeros De Trabajo,Más De Q150,175.0
790,24 Marzo 2026,3 A 5 Veces Por Semana,Kiosco Escolar/Universitario,Familia,Q51 - Q100,75.5
791,14 Febrero 2026,Todos Los Días,Tienda De Barrio,Familia,Q25 - Q50,37.5
792,09 Abril 2026,1 A 2 Veces Por Semana,Kiosco Escolar/Universitario,Compañeros De Trabajo,Q51 - Q100,75.5
793,02 Mayo 2026,Todos Los Días,Tienda De Barrio,Familia,Q25 - Q50,37.5
794,09 Marzo 2026,3 A 5 Veces Por Semana,Tienda De Barrio,Amigos,Menos De Q25,12.5
795,20 Febrero 2026,1 A 2 Veces Por Semana,Supermercado,Solo,Q25 - Q50,37.5
796,30 Enero 2026,1 A 2 Veces Por Semana,Gasolinera,Compañeros De Trabajo,Q51 - Q100,75.5
797,18 Febrero 2026,3 A 5 Veces Por Semana,Tienda De Barrio,Amigos,Q51 - Q100,75.5
798,14 Marzo 2026,1 A 2 Veces Por Semana,Otro,Compañeros De Trabajo,Q101 - Q150,125.5
799,25 Abril 2026,3 A 5 Veces Por Semana,Otro,Amigos,Q25 - Q50,37.5
800,01 Mayo 2026,Todos Los Días,Supermercado,Familia,Menos De Q25,12.5
801,25 Febrero 2026,Varias Veces Al Mes,Kiosco Escolar/Universitario,Compañeros De Trabajo,Q51 - Q100,75.5
802,10 Marzo 2026,Varias Veces Al Mes,Kiosco Escolar/Universitario,Amigos,Más De Q150,175.0
803,27 Enero 2026,Todos Los Días,Gasolinera,Amigos,Menos De Q25,12.5
804,03 Febrero 2026,3 A 5 Veces Por Semana,Otro,Familia,Q51 - Q100,75.5
805,27 Enero 2026,1 A 2 Veces Por Semana,Supermercado,Familia,Q51 - Q100,75.5
806,11 Enero 2026,Todos Los Días,Gasolinera,Familia,Q25 - Q50,37.5
807,16 Abril 2026,3 A 5 Veces Por Semana,Supermercado,Amigos,Menos De Q25,12.5
808,26 Marzo 2026,Todos Los Días,Gasolinera,Solo,Más De Q150,175.0
809,10 Abril 2026,Rara Vez,Supermercado,Otro,Q51 - Q100,75.5
810,20 Marzo 2026,1 A 2 Veces Por Semana,Tienda De Barrio,Amigos,Q25 - Q50,37.5
811,07 Marzo 2026,3 A 5 Veces Por Semana,Tienda De Barrio,Familia,Q25 - Q50,37.5
812,19 Enero 2026,3 A 5 Veces Por Semana,Supermercado,Otro,Menos De Q25,12.5
813,07 Abril 2026,Todos Los Días,Tienda De Barrio,Amigos,Q25 - Q50,37.5
814,11 Febrero 2026,1 A 2 Veces Por Semana,Tienda De Barrio,Compañeros De Trabajo,Menos De Q25,12.5
815,03 Marzo 2026,3 A 5 Veces Por Semana,Supermercado,Amigos,Q25 - Q50,37.5
816,25 Marzo 2026,1 A 2 Veces Por Semana,Gasolinera,Familia,Q101 - Q150,125.5
817,03 Mayo 2026,1 A 2 Veces Por Semana,Otro,Amigos,Q51 - Q100,75.5
818,25 Febrero 2026,1 A 2 Veces Por Semana,Supermercado,Amigos,Q25 - Q50,37.5
819,08 Marzo 2026,Varias Veces Al Mes,Tienda De Barrio,Amigos,Q25 - Q50,37.5
820,12 Febrero 2026,3 A 5 Veces Por Semana,Aplicación De Delivery,Solo,Q101 - Q150,125.5
821,21 Enero 2026,Todos Los Días,Tienda De Barrio,Amigos,Q25 - Q50,37.5
822,14 Enero 2026,Varias Veces Al Mes,Otro,Amigos,Q25 - Q50,37.5
823,30 Marzo 2026,Varias Veces Al Mes,Aplicación De Delivery,Otro,Q51 - Q100,75.5
824,18 Enero 2026,Todos Los Días,Supermercado,Familia,Q25 - Q50,37.5
825,13 Abril 2026,Rara Vez,Aplicación De Delivery,Amigos,Menos De Q25,12.5
826,19 Enero 2026,3 A 5 Veces Por Semana,Supermercado,Amigos,Q51 - Q100,75.5
827,30 Marzo 2026,1 A 2 Veces Por Semana,Supermercado,Amigos,Menos De Q25,12.5
828,18 Marzo 2026,3 A 5 Veces Por Semana,Supermercado,Familia,Menos De Q25,12.5
829,08 Febrero 2026,3 A 5 Veces Por Semana,Tienda De Barrio,Solo,Q25 - Q50,37.5
830,14 Abril 2026,Varias Veces Al Mes,Supermercado,Solo,Q101 - Q150,125.5
831,08 Mayo 2026,3 A 5 Veces Por Semana,Supermercado,Familia,Q101 - Q150,125.5
832,30 Abril 2026,1 A 2 Veces Por Semana,Aplicación De Delivery,Compañeros De Trabajo,Menos De Q25,12.5
833,29 Marzo 2026,3 A 5 Veces Por Semana,Gasolinera,Familia,Q51 - Q100,75.5
834,25 Febrero 2026,3 A 5 Veces Por Semana,Gasolinera,Familia,Q25 - Q50,37.5
835,08 Marzo 2026,1 A 2 Veces Por Semana,Supermercado,Familia,Menos De Q25,12.5
836,02 Febrero 2026,Todos Los Días,Aplicación De Delivery,Familia,Q25 - Q50,37.5
837,12 Abril 2026,Varias Veces Al Mes,Tienda De Barrio,Familia,Q25 - Q50,37.5
838,26 Enero 2026,Todos Los Días,Tienda De Barrio,Amigos,Q51 - Q100,75.5
839,04 Febrero 2026,3 A 5 Veces Por Semana,Tienda De Barrio,Familia,Q51 - Q100,75.5
840,23 Enero 2026,1 A 2 Veces Por Semana,Supermercado,Otro,Q25 - Q50,37.5
841,10 Mayo 2026,1 A 2 Veces Por Semana,Gasolinera,Amigos,Q101 - Q150,125.5
842,21 Enero 2026,1 A 2 Veces Por Semana,Tienda De Barrio,Otro,Menos De Q25,12.5
843,13 Abril 2026,Varias Veces Al Mes,Gasolinera,Amigos,Q101 - Q150,125.5
844,13 Febrero 2026,3 A 5 Veces Por Semana,Aplicación De Delivery,Familia,Q101 - Q150,125.5
845,06 Marzo 2026,Todos Los Días,Tienda De Barrio,Amigos,Q25 - Q50,37.5
846,26 Febrero 2026,3 A 5 Veces Por Semana,Gasolinera,Amigos,Q51 - Q100,75.5
847,23 Marzo 2026,1 A 2 Veces Por Semana,Otro,Familia,Q101 - Q150,125.5
848,08 Marzo 2026,Todos Los Días,Supermercado,Amigos,Menos De Q25,12.5
849,12 Enero 2026,3 A 5 Veces Por Semana,Tienda De Barrio,Familia,Q25 - Q50,37.5
850,08 Marzo 2026,1 A 2 Veces Por Semana,Tienda De Barrio,Amigos,Q25 - Q50,37.5
851,22 Enero 2026,3 A 5 Veces Por Semana,Supermercado,Amigos,Q51 - Q100,75.5
852,27 Febrero 2026,Todos Los Días,Gasolinera,Solo,Q25 - Q50,37.5
853,12 Abril 2026,Varias Veces Al Mes,Supermercado,Familia,Menos De Q25,12.5
854,02 Abril 2026,3 A 5 Veces Por Semana,Tienda De Barrio,Compañeros De Trabajo,Más De Q150,175.0
855,24 Marzo 2026,3 A 5 Veces Por Semana,Tienda De Barrio,Familia,Q25 - Q50,37.5
856,17 Abril 2026,1 A 2 Veces Por Semana,Supermercado,Amigos,Q51 - Q100,75.5
857,16 Abril 2026,1 A 2 Veces Por Semana,Supermercado,Amigos,Q51 - Q100,75.5
858,04 Marzo 2026,Todos Los Días,Gasolinera,Familia,Menos De Q25,12.5
859,28 Enero 2026,Rara Vez,Tienda De Barrio,Familia,Q51 - Q100,75.5
860,28 Abril 2026,3 A 5 Veces Por Semana,Gasolinera,Amigos,Q51 - Q100,75.5
861,22 Marzo 2026,3 A 5 Veces Por Semana,Tienda De Barrio,Solo,Q25 - Q50,37.5
862,24 Enero 2026,1 A 2 Veces Por Semana,Gasolinera,Amigos,Q25 - Q50,37.5
863,23 Marzo 2026,3 A 5 Veces Por Semana,Supermercado,Amigos,Más De Q150,175.0
864,07 Mayo 2026,Varias Veces Al Mes,Tienda De Barrio,Familia,Q25 - Q50,37.5
865,17 Abril 2026,Rara Vez,Otro,Compañeros De Trabajo,Q25 - Q50,37.5
866,02 Abril 2026,Varias Veces Al Mes,Tienda De Barrio,Familia,Q51 - Q100,75.5
867,17 Febrero 2026,1 A 2 Veces Por Semana,Gasolinera,Familia,Q51 - Q100,75.5
868,16 Marzo 2026,1 A 2 Veces Por Semana,Tienda De Barrio,Familia,Q25 - Q50,37.5
869,30 Abril 2026,Varias Veces Al Mes,Otro,Amigos,Q101 - Q150,125.5
870,12 Enero 2026,3 A 5 Veces Por Semana,Tienda De Barrio,Amigos,Q101 - Q150,125.5
871,13 Febrero 2026,3 A 5 Veces Por Semana,Supermercado,Amigos,Q51 - Q100,75.5
872,23 Marzo 2026,1 A 2 Veces Por Semana,Kiosco Escolar/Universitario,Familia,Menos De Q25,12.5
873,27 Abril 2026,3 A 5 Veces Por Semana,Aplicación De Delivery,Amigos,Menos De Q25,12.5
874,19 Enero 2026,Varias Veces Al Mes,Supermercado,Amigos,Q101 - Q150,125.5
875,08 Marzo 2026,3 A 5 Veces Por Semana,Tienda De Barrio,Solo,Más De Q150,175.0
876,09 Marzo 2026,3 A 5 Veces Por Semana,Supermercado,Amigos,Q101 - Q150,125.5
877,16 Enero 2026,Todos Los Días,Gasolinera,Amigos,Menos De Q25,12.5
878,12 Abril 2026,3 A 5 Veces Por Semana,Supermercado,Familia,Q25 - Q50,37.5
879,24 Enero 2026,1 A 2 Veces Por Semana,Gasolinera,Compañeros De Trabajo,Q51 - Q100,75.5
880,10 Febrero 2026,1 A 2 Veces Por Semana,Supermercado,Familia,Q101 - Q150,125.5
881,17 Marzo 2026,1 A 2 Veces Por Semana,Gasolinera,Otro,Menos De Q25,12.5
882,15 Marzo 2026,3 A 5 Veces Por Semana,Tienda De Barrio,Familia,Q25 - Q50,37.5
883,08 Marzo 2026,Varias Veces Al Mes,Gasolinera,Familia,Q101 - Q150,125.5
884,06 Febrero 2026,Todos Los Días,Supermercado,Amigos,Menos De Q25,12.5
885,20 Abril 2026,Varias Veces Al Mes,Tienda De Barrio,Familia,Q25 - Q50,37.5
886,03 Mayo 2026,Todos Los Días,Kiosco Escolar/Universitario,Amigos,Q101 - Q150,125.5
95,18 Marzo 2026,Varias Veces Al Mes,Otro,Familia,Más De Q150,175.0
888,29 Marzo 2026,1 A 2 Veces Por Semana,Aplicación De Delivery,Otro,Q25 - Q50,37.5
889,09 Febrero 2026,1 A 2 Veces Por Semana,Tienda De Barrio,Otro,Q101 - Q150,125.5
890,25 Abril 2026,Varias Veces Al Mes,Aplicación De Delivery,Familia,Q25 - Q50,37.5
891,20 Abril 2026,1 A 2 Veces Por Semana,Supermercado,Solo,Q25 - Q50,37.5
892,28 Marzo 2026,Varias Veces Al Mes,Otro,Amigos,Q51 - Q100,75.5
893,23 Abril 2026,Rara Vez,Tienda De Barrio,Amigos,Q25 - Q50,37.5
894,17 Abril 2026,1 A 2 Veces Por Semana,Supermercado,Amigos,Q25 - Q50,37.5
895,13 Enero 2026,Todos Los Días,Supermercado,Familia,Q51 - Q100,75.5
896,16 Marzo 2026,1 A 2 Veces Por Semana,Supermercado,Familia,Q51 - Q100,75.5
897,03 Mayo 2026,1 A 2 Veces Por Semana,Tienda De Barrio,Familia,Q101 - Q150,125.5
898,19 Febrero 2026,3 A 5 Veces Por Semana,Supermercado,Amigos,Menos De Q25,12.5
899,23 Febrero 2026,3 A 5 Veces Por Semana,Tienda De Barrio,Amigos,Más De Q150,175.0
900,30 Abril 2026,1 A 2 Veces Por Semana,Supermercado,Amigos,Q25 - Q50,37.5
901,14 Febrero 2026,3 A 5 Veces Por Semana,Otro,Amigos,Q25 - Q50,37.5
902,10 Mayo 2026,Todos Los Días,Otro,Solo,Q51 - Q100,75.5
903,21 Febrero 2026,1 A 2 Veces Por Semana,Gasolinera,Amigos,Q25 - Q50,37.5
904,05 Mayo 2026,3 A 5 Veces Por Semana,Supermercado,Compañeros De Trabajo,Q51 - Q100,75.5
905,01 Marzo 2026,Varias Veces Al Mes,Gasolinera,Amigos,Q51 - Q100,75.5
906,25 Febrero 2026,3 A 5 Veces Por Semana,Supermercado,Otro,Menos De Q25,12.5
907,17 Abril 2026,3 A 5 Veces Por Semana,Gasolinera,Familia,Q51 - Q100,75.5
908,25 Marzo 2026,Varias Veces Al Mes,Supermercado,Familia,Menos De Q25,12.5
909,10 Mayo 2026,Varias Veces Al Mes,Tienda De Barrio,Amigos,Q51 - Q100,75.5
910,24 Abril 2026,Todos Los Días,Tienda De Barrio,Familia,Q25 - Q50,37.5
911,22 Enero 2026,Todos Los Días,Supermercado,Amigos,Q25 - Q50,37.5
912,15 Enero 2026,1 A 2 Veces Por Semana,Tienda De Barrio,Familia,Menos De Q25,12.5
913,02 Febrero 2026,3 A 5 Veces Por Semana,Tienda De Barrio,Amigos,Q25 - Q50,37.5
914,31 Marzo 2026,1 A 2 Veces Por Semana,No Indicado,Amigos,Q51 - Q100,75.5
915,26 Febrero 2026,Rara Vez,Supermercado,Compañeros De Trabajo,Q101 - Q150,125.5
916,03 Mayo 2026,Varias Veces Al Mes,Tienda De Barrio,Compañeros De Trabajo,Q25 - Q50,37.5
917,05 Mayo 2026,3 A 5 Veces Por Semana,Supermercado,Amigos,Q51 - Q100,75.5
918,19 Enero 2026,1 A 2 Veces Por Semana,Aplicación De Delivery,Amigos,Q25 - Q50,37.5
919,05 Marzo 2026,Todos Los Días,Tienda De Barrio,Amigos,Q25 - Q50,37.5
920,25 Enero 2026,3 A 5 Veces Por Semana,Gasolinera,Compañeros De Trabajo,Q51 - Q100,75.5
921,02 Marzo 2026,1 A 2 Veces Por Semana,Supermercado,Solo,Menos De Q25,12.5
922,03 Mayo 2026,3 A 5 Veces Por Semana,Supermercado,Amigos,Q51 - Q100,75.5
923,28 Marzo 2026,3 A 5 Veces Por Semana,Supermercado,Familia,Q51 - Q100,75.5
924,01 Febrero 2026,Todos Los Días,Tienda De Barrio,Amigos,Q25 - Q50,37.5
925,20 Enero 2026,Varias Veces Al Mes,Aplicación De Delivery,Familia,Q51 - Q100,75.5
926,26 Marzo 2026,Varias Veces Al Mes,Supermercado,Familia,Q25 - Q50,37.5
927,24 Marzo 2026,Todos Los Días,Supermercado,Amigos,Q25 - Q50,37.5
928,23 Abril 2026,Todos Los Días,Supermercado,Amigos,Menos De Q25,12.5
929,16 Febrero 2026,Varias Veces Al Mes,Otro,Otro,Q51 - Q100,75.5
930,16 Febrero 2026,3 A 5 Veces Por Semana,Tienda De Barrio,Familia,Q25 - Q50,37.5
931,16 Febrero 2026,Todos Los Días,Gasolinera,Familia,Q25 - Q50,37.5
932,07 Mayo 2026,1 A 2 Veces Por Semana,Gasolinera,Amigos,Q51 - Q100,75.5
933,11 Enero 2026,Varias Veces Al Mes,Gasolinera,Compañeros De Trabajo,Q51 - Q100,75.5
934,02 Abril 2026,1 A 2 Veces Por Semana,Kiosco Escolar/Universitario,Familia,Q25 - Q50,37.5
935,30 Marzo 2026,3 A 5 Veces Por Semana,Tienda De Barrio,Familia,Q101 - Q150,125.5
936,22 Febrero 2026,1 A 2 Veces Por Semana,Supermercado,Amigos,Q101 - Q150,125.5
937,03 Mayo 2026,Varias Veces Al Mes,Tienda De Barrio,Amigos,Q51 - Q100,75.5
617,06 Mayo 2026,1 A 2 Veces Por Semana,No Indicado,Familia,Q51 - Q100,75.5
939,31 Enero 2026,3 A 5 Veces Por Semana,Supermercado,Amigos,Más De Q150,175.0
940,12 Marzo 2026,3 A 5 Veces Por Semana,Tienda De Barrio,Amigos,Q51 - Q100,75.5
941,03 Abril 2026,Rara Vez,Tienda De Barrio,Amigos,Q51 - Q100,75.5
942,09 Febrero 2026,Rara Vez,Tienda De Barrio,Familia,Q51 - Q100,75.5
943,21 Febrero 2026,Rara Vez,Tienda De Barrio,Familia,Q25 - Q50,37.5
944,05 Abril 2026,3 A 5 Veces Por Semana,Tienda De Barrio,Compañeros De Trabajo,Q25 - Q50,37.5
945,24 Abril 2026,Rara Vez,Kiosco Escolar/Universitario,Familia,Q25 - Q50,37.5
946,29 Marzo 2026,Todos Los Días,Tienda De Barrio,Solo,Q51 - Q100,75.5
947,27 Enero 2026,1 A 2 Veces Por Semana,Kiosco Escolar/Universitario,Familia,Q25 - Q50,37.5
948,23 Marzo 2026,3 A 5 Veces Por Semana,Tienda De Barrio,Amigos,Q25 - Q50,37.5
949,12 Marzo 2026,3 A 5 Veces Por Semana,Supermercado,Amigos,Q25 - Q50,37.5
950,22 Abril 2026,1 A 2 Veces Por Semana,Supermercado,Compañeros De Trabajo,Q51 - Q100,75.5
951,25 Enero 2026,3 A 5 Veces Por Semana,Tienda De Barrio,Familia,Q25 - Q50,37.5
952,20 Enero 2026,3 A 5 Veces Por Semana,Kiosco Escolar/Universitario,Familia,Q51 - Q100,75.5
953,14 Febrero 2026,1 A 2 Veces Por Semana,Tienda De Barrio,Compañeros De Trabajo,Menos De Q25,12.5
954,01 Marzo 2026,1 A 2 Veces Por Semana,Tienda De Barrio,Amigos,Más De Q150,175.0
955,05 Marzo 2026,3 A 5 Veces Por Semana,Aplicación De Delivery,Amigos,Q25 - Q50,37.5
956,06 Marzo 2026,3 A 5 Veces Por Semana,Kiosco Escolar/Universitario,Compañeros De Trabajo,Q101 - Q150,125.5
957,22 Abril 2026,3 A 5 Veces Por Semana,Supermercado,Amigos,Q25 - Q50,37.5
958,04 Febrero 2026,Rara Vez,Supermercado,Solo,Menos De Q25,12.5
959,03 Mayo 2026,1 A 2 Veces Por Semana,Supermercado,Familia,Q25 - Q50,37.5
960,29 Enero 2026,3 A 5 Veces Por Semana,No Indicado,Familia,Q51 - Q100,75.5
961,11 Marzo 2026,Todos Los Días,Otro,Otro,Q51 - Q100,75.5
962,04 Marzo 2026,3 A 5 Veces Por Semana,Tienda De Barrio,Familia,Q25 - Q50,37.5
963,14 Marzo 2026,Varias Veces Al Mes,Otro,Familia,Q25 - Q50,37.5
964,28 Enero 2026,Todos Los Días,Supermercado,Familia,Menos De Q25,12.5
965,10 Febrero 2026,1 A 2 Veces Por Semana,Tienda De Barrio,Amigos,Q25 - Q50,37.5
966,06 Marzo 2026,1 A 2 Veces Por Semana,Gasolinera,Amigos,Q51 - Q100,75.5
967,22 Febrero 2026,3 A 5 Veces Por Semana,Supermercado,Familia,Menos De Q25,12.5
968,09 Abril 2026,3 A 5 Veces Por Semana,Supermercado,Solo,Q25 - Q50,37.5
969,18 Marzo 2026,Varias Veces Al Mes,Supermercado,Solo,Q101 - Q150,125.5
970,18 Abril 2026,Todos Los Días,Tienda De Barrio,Amigos,Más De Q150,175.0
971,05 Mayo 2026,1 A 2 Veces Por Semana,Kiosco Escolar/Universitario,Amigos,Q25 - Q50,37.5
972,27 Febrero 2026,1 A 2 Veces Por Semana,Tienda De Barrio,Solo,Menos De Q25,12.5
973,18 Abril 2026,3 A 5 Veces Por Semana,Supermercado,Amigos,Q101 - Q150,125.5
974,12 Enero 2026,Varias Veces Al Mes,Tienda De Barrio,Solo,Menos De Q25,12.5
975,21 Marzo 2026,3 A 5 Veces Por Semana,Tienda De Barrio,Solo,Q25 - Q50,37.5
976,25 Enero 2026,1 A 2 Veces Por Semana,Supermercado,Familia,Q25 - Q50,37.5
977,09 Mayo 2026,Varias Veces Al Mes,Tienda De Barrio,Amigos,Q25 - Q50,37.5
978,18 Abril 2026,Rara Vez,Supermercado,Familia,Menos De Q25,12.5
979,26 Marzo 2026,3 A 5 Veces Por Semana,Tienda De Barrio,Amigos,Q101 - Q150,125.5
980,20 Abril 2026,1 A 2 Veces Por Semana,Supermercado,Compañeros De Trabajo,Q51 - Q100,75.5
981,17 Abril 2026,Varias Veces Al Mes,Gasolinera,Otro,Q51 - Q100,75.5
982,31 Enero 2026,1 A 2 Veces Por Semana,Aplicación De Delivery,Amigos,Q25 - Q50,37.5
983,01 Abril 2026,Varias Veces Al Mes,Supermercado,Amigos,Q51 - Q100,75.5
984,23 Marzo 2026,1 A 2 Veces Por Semana,Supermercado,Familia,Q51 - Q100,75.5
985,08 Febrero 2026,3 A 5 Veces Por Semana,Supermercado,Solo,Q51 - Q100,75.5
986,05 Mayo 2026,1 A 2 Veces Por Semana,Supermercado,Amigos,Q25 - Q50,37.5
987,11 Febrero 2026,1 A 2 Veces Por Semana,Aplicación De Delivery,Familia,Menos De Q25,12.5
988,17 Febrero 2026,1 A 2 Veces Por Semana,Supermercado,Amigos,Menos De Q25,12.5
989,12 Febrero 2026,1 A 2 Veces Por Semana,Aplicación De Delivery,Familia,Más De Q150,175.0
990,15 Febrero 2026,Varias Veces Al Mes,Supermercado,Familia,Q51 - Q100,75.5
991,28 Marzo 2026,1 A 2 Veces Por Semana,Tienda De Barrio,Compañeros De Trabajo,Q25 - Q50,37.5
992,06 Febrero 2026,Varias Veces Al Mes,Supermercado,Familia,Q51 - Q100,75.5
993,28 Febrero 2026,3 A 5 Veces Por Semana,Supermercado,Amigos,Menos De Q25,12.5
994,04 Abril 2026,Todos Los Días,Tienda De Barrio,Amigos,Q51 - Q100,75.5
995,22 Febrero 2026,3 A 5 Veces Por Semana,Tienda De Barrio,Familia,Q25 - Q50,37.5
996,22 Marzo 2026,Todos Los Días,Supermercado,Compañeros De Trabajo,Más De Q150,175.0
997,17 Enero 2026,3 A 5 Veces Por Semana,Supermercado,Otro,Q51 - Q100,75.5
998,27 Febrero 2026,Todos Los Días,Kiosco Escolar/Universitario,Solo,Q25 - Q50,37.5
999,17 Febrero 2026,Varias Veces Al Mes,Aplicación De Delivery,Amigos,Q101 - Q150,125.5
1000,12 Febrero 2026,Varias Veces Al Mes,Tienda De Barrio,Familia,Menos De Q25,12.5
1001,07 Mayo 2026,3 A 5 Veces Por Semana,Kiosco Escolar/Universitario,Solo,Q25 - Q50,37.5
1002,16 Enero 2026,3 A 5 Veces Por Semana,Supermercado,Familia,Q25 - Q50,37.5
1003,10 Mayo 2026,3 A 5 Veces Por Semana,Aplicación De Delivery,Familia,Q25 - Q50,37.5
1004,08 Abril 2026,1 A 2 Veces Por Semana,Tienda De Barrio,Familia,Q101 - Q150,125.5
1005,18 Abril 2026,1 A 2 Veces Por Semana,Tienda De Barrio,Amigos,Q101 - Q150,125.5
1006,18 Abril 2026,Varias Veces Al Mes,Gasolinera,Solo,Q51 - Q100,75.5
1007,26 Febrero 2026,Varias Veces Al Mes,Gasolinera,Familia,Q25 - Q50,37.5
1008,23 Marzo 2026,Varias Veces Al Mes,Tienda De Barrio,Amigos,Menos De Q25,12.5
1009,12 Abril 2026,Varias Veces Al Mes,Tienda De Barrio,Amigos,Más De Q150,175.0
1010,28 Febrero 2026,3 A 5 Veces Por Semana,Tienda De Barrio,Otro,Q25 - Q50,37.5
1011,06 Abril 2026,Varias Veces Al Mes,Otro,Familia,Q25 - Q50,37.5
1012,14 Febrero 2026,3 A 5 Veces Por Semana,Aplicación De Delivery,Familia,Q25 - Q50,37.5
1013,27 Enero 2026,Varias Veces Al Mes,Tienda De Barrio,Familia,Menos De Q25,12.5
1014,29 Marzo 2026,Todos Los Días,Tienda De Barrio,Familia,Más De Q150,175.0
1015,21 Enero 2026,3 A 5 Veces Por Semana,Kiosco Escolar/Universitario,Solo,Q51 - Q100,75.5
1016,23 Marzo 2026,1 A 2 Veces Por Semana,Supermercado,Otro,Q51 - Q100,75.5
1017,31 Enero 2026,Varias Veces Al Mes,Tienda De Barrio,Familia,Menos De Q25,12.5
1018,20 Febrero 2026,Todos Los Días,Aplicación De Delivery,Amigos,Q25 - Q50,37.5
1019,18 Enero 2026,Todos Los Días,Kiosco Escolar/Universitario,Familia,Q25 - Q50,37.5
1020,08 Febrero 2026,Todos Los Días,Supermercado,Amigos,Q101 - Q150,125.5
1021,16 Febrero 2026,Rara Vez,Kiosco Escolar/Universitario,Familia,Q101 - Q150,125.5
1022,04 Marzo 2026,Rara Vez,Supermercado,Amigos,Menos De Q25,12.5
1023,02 Febrero 2026,1 A 2 Veces Por Semana,Aplicación De Delivery,Amigos,Q25 - Q50,37.5
1024,23 Marzo 2026,3 A 5 Veces Por Semana,Tienda De Barrio,Compañeros De Trabajo,Q51 - Q100,75.5
1025,17 Abril 2026,1 A 2 Veces Por Semana,Supermercado,Familia,Menos De Q25,12.5
1026,12 Enero 2026,Todos Los Días,Otro,Familia,Q25 - Q50,37.5
1027,14 Enero 2026,3 A 5 Veces Por Semana,Supermercado,Amigos,Q25 - Q50,37.5
1028,04 Mayo 2026,Todos Los Días,Tienda De Barrio,Amigos,Q25 - Q50,37.5
1029,01 Abril 2026,3 A 5 Veces Por Semana,Supermercado,Amigos,Q25 - Q50,37.5
1030,09 Marzo 2026,Todos Los Días,Supermercado,Compañeros De Trabajo,Menos De Q25,12.5
1031,03 Mayo 2026,3 A 5 Veces Por Semana,Tienda De Barrio,Amigos,Q51 - Q100,75.5
1032,17 Marzo 2026,1 A 2 Veces Por Semana,Supermercado,Amigos,Q51 - Q100,75.5
1033,24 Abril 2026,1 A 2 Veces Por Semana,Aplicación De Delivery,Solo,Menos De Q25,12.5
1034,05 Marzo 2026,Todos Los Días,Tienda De Barrio,Familia,Menos De Q25,12.5
1035,24 Enero 2026,3 A 5 Veces Por Semana,Supermercado,Amigos,Menos De Q25,12.5
1036,13 Febrero 2026,1 A 2 Veces Por Semana,Kiosco Escolar/Universitario,Solo,Menos De Q25,12.5
1037,26 Marzo 2026,3 A 5 Veces Por Semana,Kiosco Escolar/Universitario,Familia,Q51 - Q100,75.5
1038,25 Enero 2026,1 A 2 Veces Por Semana,Tienda De Barrio,Familia,Q51 - Q100,75.5
1039,30 Enero 2026,Varias Veces Al Mes,Gasolinera,Compañeros De Trabajo,Q51 - Q100,75.5
1040,11 Enero 2026,Varias Veces Al Mes,Tienda De Barrio,Amigos,Q25 - Q50,37.5
1041,05 Mayo 2026,Rara Vez,Tienda De Barrio,Solo,Q101 - Q150,125.5
1042,31 Enero 2026,1 A 2 Veces Por Semana,Gasolinera,Familia,Q25 - Q50,37.5
1043,23 Febrero 2026,3 A 5 Veces Por Semana,Tienda De Barrio,Familia,Q51 - Q100,75.5
1044,01 Febrero 2026,3 A 5 Veces Por Semana,Supermercado,Familia,Q51 - Q100,75.5
1045,05 Abril 2026,3 A 5 Veces Por Semana,Tienda De Barrio,Amigos,Q51 - Q100,75.5
1046,28 Enero 2026,Todos Los Días,Tienda De Barrio,Familia,Q25 - Q50,37.5
1047,11 Febrero 2026,3 A 5 Veces Por Semana,Gasolinera,Amigos,Menos De Q25,12.5
1048,08 Abril 2026,1 A 2 Veces Por Semana,Supermercado,Amigos,Q51 - Q100,75.5
1049,06 Febrero 2026,3 A 5 Veces Por Semana,Supermercado,Familia,Q25 - Q50,37.5
1050,09 Mayo 2026,1 A 2 Veces Por Semana,Tienda De Barrio,Amigos,Q25 - Q50,37.5
1051,08 Febrero 2026,1 A 2 Veces Por Semana,Gasolinera,Amigos,Q101 - Q150,125.5
1052,30 Abril 2026,Todos Los Días,Aplicación De Delivery,Familia,Q51 - Q100,75.5
1053,03 Abril 2026,Varias Veces Al Mes,Supermercado,Compañeros De Trabajo,Más De Q150,175.0
1054,09 Abril 2026,1 A 2 Veces Por Semana,Tienda De Barrio,Solo,Menos De Q25,12.5
1055,02 Abril 2026,Varias Veces Al Mes,Tienda De Barrio,Amigos,Menos De Q25,12.5
1056,11 Marzo 2026,1 A 2 Veces Por Semana,Gasolinera,Familia,Q25 - Q50,37.5
1057,01 Marzo 2026,Todos Los Días,Supermercado,Familia,Q51 - Q100,75.5
1058,16 Marzo 2026,Varias Veces Al Mes,Tienda De Barrio,Solo,Q51 - Q100,75.5
1059,19 Marzo 2026,Varias Veces Al Mes,Aplicación De Delivery,Familia,Q101 - Q150,125.5
1060,05 Marzo 2026,1 A 2 Veces Por Semana,Supermercado,Compañeros De Trabajo,Q25 - Q50,37.5
1061,18 Abril 2026,Todos Los Días,Tienda De Barrio,Compañeros De Trabajo,Q25 - Q50,37.5
1062,30 Abril 2026,3 A 5 Veces Por Semana,Aplicación De Delivery,Familia,Q51 - Q100,75.5
1063,22 Marzo 2026,Varias Veces Al Mes,Tienda De Barrio,Familia,Q25 - Q50,37.5
1064,14 Marzo 2026,Varias Veces Al Mes,Aplicación De Delivery,Amigos,Q25 - Q50,37.5
1065,22 Febrero 2026,3 A 5 Veces Por Semana,Aplicación De Delivery,Familia,Q25 - Q50,37.5
1066,22 Enero 2026,1 A 2 Veces Por Semana,Aplicación De Delivery,Compañeros De Trabajo,Q51 - Q100,75.5
1067,05 Abril 2026,1 A 2 Veces Por Semana,Gasolinera,Familia,Q51 - Q100,75.5
1068,04 Marzo 2026,1 A 2 Veces Por Semana,Tienda De Barrio,Amigos,Q25 - Q50,37.5
1069,15 Febrero 2026,1 A 2 Veces Por Semana,Tienda De Barrio,Amigos,Q25 - Q50,37.5
1070,27 Marzo 2026,3 A 5 Veces Por Semana,Tienda De Barrio,Familia,Menos De Q25,12.5
1071,22 Enero 2026,Varias Veces Al Mes,Supermercado,Compañeros De Trabajo,Más De Q150,175.0
1072,10 Marzo 2026,3 A 5 Veces Por Semana,Tienda De Barrio,Amigos,Q25 - Q50,37.5
1073,24 Marzo 2026,Varias Veces Al Mes,Tienda De Barrio,Solo,Q51 - Q100,75.5
1074,23 Enero 2026,1 A 2 Veces Por Semana,Tienda De Barrio,Familia,Menos De Q25,12.5
1075,15 Marzo 2026,1 A 2 Veces Por Semana,Kiosco Escolar/Universitario,Familia,Menos De Q25,12.5
1076,16 Enero 2026,Varias Veces Al Mes,Gasolinera,Solo,Q25 - Q50,37.5
1077,21 Marzo 2026,Todos Los Días,Aplicación De Delivery,Familia,Q51 - Q100,75.5
1078,29 Enero 2026,Varias Veces Al Mes,Supermercado,Amigos,Q25 - Q50,37.5
1079,14 Abril 2026,1 A 2 Veces Por Semana,Tienda De Barrio,Amigos,Q51 - Q100,75.5
1080,25 Febrero 2026,Varias Veces Al Mes,Supermercado,Compañeros De Trabajo,Q25 - Q50,37.5
1081,04 Febrero 2026,Varias Veces Al Mes,Supermercado,Solo,Q25 - Q50,37.5
1082,29 Abril 2026,1 A 2 Veces Por Semana,Kiosco Escolar/Universitario,Familia,Q101 - Q150,125.5
1083,05 Marzo 2026,Rara Vez,Supermercado,Familia,Q51 - Q100,75.5
1084,08 Marzo 2026,1 A 2 Veces Por Semana,Supermercado,Familia,Q25 - Q50,37.5
1085,19 Marzo 2026,Varias Veces Al Mes,Tienda De Barrio,Compañeros De Trabajo,Q25 - Q50,37.5
1086,04 Abril 2026,1 A 2 Veces Por Semana,Supermercado,Familia,Menos De Q25,12.5
1087,14 Febrero 2026,3 A 5 Veces Por Semana,Gasolinera,Solo,Menos De Q25,12.5
1088,13 Abril 2026,Varias Veces Al Mes,Aplicación De Delivery,Amigos,Q51 - Q100,75.5
1089,26 Febrero 2026,Varias Veces Al Mes,Tienda De Barrio,Compañeros De Trabajo,Q51 - Q100,75.5
2124,03 Marzo 2026,1 A 2 Veces Por Semana,Kiosco Escolar/Universitario,Familia,Menos De Q25,12.5
1091,01 Marzo 2026,Varias Veces Al Mes,Otro,Amigos,Q51 - Q100,75.5
1092,03 Mayo 2026,1 A 2 Veces Por Semana,Gasolinera,Familia,Menos De Q25,12.5
1093,28 Enero 2026,3 A 5 Veces Por Semana,Aplicación De Delivery,Compañeros De Trabajo,Q25 - Q50,37.5
1094,16 Febrero 2026,1 A 2 Veces Por Semana,Gasolinera,Familia,Más De Q150,175.0
1095,29 Abril 2026,3 A 5 Veces Por Semana,Supermercado,Amigos,Menos De Q25,12.5
1096,12 Marzo 2026,Varias Veces Al Mes,Supermercado,Familia,Q25 - Q50,37.5
1097,17 Abril 2026,3 A 5 Veces Por Semana,Supermercado,Familia,Q51 - Q100,75.5
1098,21 Abril 2026,Todos Los Días,Gasolinera,Familia,Menos De Q25,12.5
1099,05 Mayo 2026,3 A 5 Veces Por Semana,Kiosco Escolar/Universitario,Amigos,Q25 - Q50,37.5
1100,12 Marzo 2026,Varias Veces Al Mes,Tienda De Barrio,Familia,Q25 - Q50,37.5
1101,05 Febrero 2026,1 A 2 Veces Por Semana,Gasolinera,Familia,Más De Q150,175.0
1102,04 Marzo 2026,3 A 5 Veces Por Semana,Tienda De Barrio,Amigos,Menos De Q25,12.5
1103,08 Febrero 2026,Varias Veces Al Mes,Supermercado,Familia,Q51 - Q100,75.5
1104,03 Febrero 2026,1 A 2 Veces Por Semana,Aplicación De Delivery,Compañeros De Trabajo,Q51 - Q100,75.5
1105,28 Enero 2026,1 A 2 Veces Por Semana,Gasolinera,Familia,Q25 - Q50,37.5
1106,16 Abril 2026,Todos Los Días,Supermercado,Amigos,Q25 - Q50,37.5
1107,10 Enero 2026,Varias Veces Al Mes,Tienda De Barrio,Familia,Q101 - Q150,125.5
2199,18 Abril 2026,3 A 5 Veces Por Semana,Gasolinera,Amigos,Q25 - Q50,37.5
1109,08 Abril 2026,Todos Los Días,Tienda De Barrio,Familia,Q25 - Q50,37.5
1110,18 Febrero 2026,Todos Los Días,Tienda De Barrio,Compañeros De Trabajo,Q101 - Q150,125.5
1111,10 Febrero 2026,Varias Veces Al Mes,Tienda De Barrio,Familia,Q25 - Q50,37.5
1112,04 Marzo 2026,Todos Los Días,Tienda De Barrio,Familia,Q101 - Q150,125.5
1113,28 Abril 2026,3 A 5 Veces Por Semana,Gasolinera,Familia,Q101 - Q150,125.5
1114,27 Febrero 2026,Varias Veces Al Mes,Aplicación De Delivery,Familia,Q25 - Q50,37.5
1115,11 Febrero 2026,3 A 5 Veces Por Semana,Aplicación De Delivery,Solo,Menos De Q25,12.5
558,06 Marzo 2026,3 A 5 Veces Por Semana,Supermercado,Amigos,Q51 - Q100,75.5
1117,23 Abril 2026,Varias Veces Al Mes,Supermercado,Familia,Menos De Q25,12.5
1118,22 Enero 2026,Todos Los Días,Tienda De Barrio,Familia,Q51 - Q100,75.5
1119,03 Marzo 2026,3 A 5 Veces Por Semana,Supermercado,Amigos,Menos De Q25,12.5
1120,08 Mayo 2026,Todos Los Días,Tienda De Barrio,Otro,Más De Q150,175.0
1121,23 Enero 2026,1 A 2 Veces Por Semana,Tienda De Barrio,Amigos,Menos De Q25,12.5
1122,10 Enero 2026,3 A 5 Veces Por Semana,Supermercado,Amigos,Q101 - Q150,125.5
1123,12 Febrero 2026,Varias Veces Al Mes,Tienda De Barrio,Familia,Q51 - Q100,75.5
1124,22 Abril 2026,3 A 5 Veces Por Semana,Aplicación De Delivery,Compañeros De Trabajo,Más De Q150,175.0
1125,08 Mayo 2026,3 A 5 Veces Por Semana,Kiosco Escolar/Universitario,Amigos,Q25 - Q50,37.5
1126,23 Febrero 2026,3 A 5 Veces Por Semana,Aplicación De Delivery,Familia,Q51 - Q100,75.5
1127,10 Febrero 2026,1 A 2 Veces Por Semana,Supermercado,Familia,Q101 - Q150,125.5
373,04 Abril 2026,1 A 2 Veces Por Semana,Tienda De Barrio,Otro,Menos De Q25,12.5
1129,09 Marzo 2026,Varias Veces Al Mes,Supermercado,Solo,Q25 - Q50,37.5
1130,12 Febrero 2026,3 A 5 Veces Por Semana,Tienda De Barrio,Solo,Q101 - Q150,125.5
1131,22 Febrero 2026,Rara Vez,Otro,Amigos,Q101 - Q150,125.5
1132,18 Abril 2026,Varias Veces Al Mes,Supermercado,Amigos,Q51 - Q100,75.5
1133,02 Abril 2026,1 A 2 Veces Por Semana,Gasolinera,Amigos,Menos De Q25,12.5
1134,10 Enero 2026,3 A 5 Veces Por Semana,Aplicación De Delivery,Solo,Q25 - Q50,37.5
1135,11 Enero 2026,Varias Veces Al Mes,Supermercado,Familia,Q51 - Q100,75.5
1136,06 Abril 2026,Todos Los Días,Tienda De Barrio,Familia,Q51 - Q100,75.5
1137,11 Marzo 2026,3 A 5 Veces Por Semana,Otro,Familia,Menos De Q25,12.5
1138,02 Abril 2026,1 A 2 Veces Por Semana,Tienda De Barrio,Amigos,Q51 - Q100,75.5
1139,29 Enero 2026,Todos Los Días,Kiosco Escolar/Universitario,Compañeros De Trabajo,Q25 - Q50,37.5
1140,04 Marzo 2026,3 A 5 Veces Por Semana,Gasolinera,Familia,Q51 - Q100,75.5
1141,03 Abril 2026,1 A 2 Veces Por Semana,Tienda De Barrio,Amigos,Menos De Q25,12.5
1142,07 Marzo 2026,1 A 2 Veces Por Semana,Kiosco Escolar/Universitario,Amigos,Q51 - Q100,75.5
1143,28 Abril 2026,3 A 5 Veces Por Semana,No Indicado,Familia,Q101 - Q150,125.5
1144,18 Enero 2026,3 A 5 Veces Por Semana,Supermercado,Solo,Q51 - Q100,75.5
1145,11 Marzo 2026,Todos Los Días,Supermercado,Familia,Q25 - Q50,37.5
1146,12 Febrero 2026,3 A 5 Veces Por Semana,Tienda De Barrio,Amigos,Menos De Q25,12.5
1147,26 Marzo 2026,Todos Los Días,Tienda De Barrio,Amigos,Más De Q150,175.0
1148,15 Enero 2026,3 A 5 Veces Por Semana,Supermercado,Amigos,Q51 - Q100,75.5
1149,01 Abril 2026,3 A 5 Veces Por Semana,Tienda De Barrio,Amigos,Q25 - Q50,37.5
1150,28 Abril 2026,1 A 2 Veces Por Semana,Tienda De Barrio,Amigos,Q51 - Q100,75.5
1151,20 Marzo 2026,Varias Veces Al Mes,Supermercado,Amigos,Q51 - Q100,75.5
1152,01 Mayo 2026,1 A 2 Veces Por Semana,Supermercado,Familia,Menos De Q25,12.5
1153,21 Enero 2026,3 A 5 Veces Por Semana,Tienda De Barrio,Amigos,Q25 - Q50,37.5
1154,11 Febrero 2026,3 A 5 Veces Por Semana,Tienda De Barrio,Amigos,Menos De Q25,12.5
1155,12 Febrero 2026,Varias Veces Al Mes,Aplicación De Delivery,Amigos,Q25 - Q50,37.5
1156,07 Abril 2026,Todos Los Días,Gasolinera,Compañeros De Trabajo,Menos De Q25,12.5
1157,21 Marzo 2026,Todos Los Días,Supermercado,Familia,Q51 - Q100,75.5
1158,21 Enero 2026,1 A 2 Veces Por Semana,Supermercado,Solo,Q51 - Q100,75.5
1159,20 Febrero 2026,3 A 5 Veces Por Semana,Gasolinera,Familia,Más De Q150,175.0
1160,12 Enero 2026,3 A 5 Veces Por Semana,Tienda De Barrio,Otro,Q25 - Q50,37.5
1161,01 Marzo 2026,Varias Veces Al Mes,Tienda De Barrio,Amigos,Q51 - Q100,75.5
1162,29 Enero 2026,3 A 5 Veces Por Semana,Supermercado,Otro,Q101 - Q150,125.5
1163,09 Febrero 2026,1 A 2 Veces Por Semana,Gasolinera,Compañeros De Trabajo,Q101 - Q150,125.5
1164,17 Febrero 2026,3 A 5 Veces Por Semana,Supermercado,Amigos,Q101 - Q150,125.5
1165,19 Enero 2026,3 A 5 Veces Por Semana,Supermercado,Amigos,Q51 - Q100,75.5
1166,15 Febrero 2026,3 A 5 Veces Por Semana,Aplicación De Delivery,Familia,Q51 - Q100,75.5
1167,03 Abril 2026,1 A 2 Veces Por Semana,Kiosco Escolar/Universitario,Amigos,Q25 - Q50,37.5
1168,26 Febrero 2026,1 A 2 Veces Por Semana,Kiosco Escolar/Universitario,Familia,Más De Q150,175.0
1169,20 Marzo 2026,Varias Veces Al Mes,Kiosco Escolar/Universitario,Amigos,Q25 - Q50,37.5
1170,23 Enero 2026,3 A 5 Veces Por Semana,Tienda De Barrio,Compañeros De Trabajo,Q51 - Q100,75.5
1171,28 Febrero 2026,1 A 2 Veces Por Semana,Tienda De Barrio,Amigos,Menos De Q25,12.5
1172,16 Febrero 2026,Varias Veces Al Mes,Tienda De Barrio,Familia,Q25 - Q50,37.5
1173,24 Enero 2026,3 A 5 Veces Por Semana,Kiosco Escolar/Universitario,Amigos,Q25 - Q50,37.5
1174,01 Abril 2026,1 A 2 Veces Por Semana,Tienda De Barrio,Solo,Menos De Q25,12.5
1175,04 Mayo 2026,Varias Veces Al Mes,Supermercado,Amigos,Q51 - Q100,75.5
1176,12 Enero 2026,1 A 2 Veces Por Semana,Tienda De Barrio,Familia,Q51 - Q100,75.5
1177,04 Mayo 2026,1 A 2 Veces Por Semana,Supermercado,Amigos,Menos De Q25,12.5
1178,22 Abril 2026,3 A 5 Veces Por Semana,Tienda De Barrio,Compañeros De Trabajo,Q25 - Q50,37.5
1179,14 Enero 2026,Todos Los Días,Gasolinera,Familia,Q51 - Q100,75.5
1180,06 Mayo 2026,Rara Vez,Tienda De Barrio,Familia,Q51 - Q100,75.5
1181,03 Mayo 2026,1 A 2 Veces Por Semana,Supermercado,Amigos,Q51 - Q100,75.5
1182,12 Marzo 2026,Varias Veces Al Mes,Gasolinera,Familia,Q25 - Q50,37.5
1183,21 Marzo 2026,3 A 5 Veces Por Semana,Aplicación De Delivery,Amigos,Q51 - Q100,75.5
1184,05 Febrero 2026,Rara Vez,Gasolinera,Familia,Menos De Q25,12.5
1185,28 Enero 2026,Varias Veces Al Mes,Otro,Familia,Q25 - Q50,37.5
1186,23 Febrero 2026,Varias Veces Al Mes,Tienda De Barrio,Familia,Q25 - Q50,37.5
1187,16 Marzo 2026,Todos Los Días,Kiosco Escolar/Universitario,Amigos,Menos De Q25,12.5
1481,24 Febrero 2026,1 A 2 Veces Por Semana,Gasolinera,Familia,Q101 - Q150,125.5
1189,29 Enero 2026,1 A 2 Veces Por Semana,Kiosco Escolar/Universitario,Familia,Menos De Q25,12.5
1190,14 Enero 2026,1 A 2 Veces Por Semana,Kiosco Escolar/Universitario,Familia,Menos De Q25,12.5
1191,09 Febrero 2026,1 A 2 Veces Por Semana,Supermercado,Compañeros De Trabajo,Q25 - Q50,37.5
1192,14 Enero 2026,1 A 2 Veces Por Semana,Supermercado,Familia,Q51 - Q100,75.5
1193,04 Abril 2026,Todos Los Días,Supermercado,Familia,Q25 - Q50,37.5
1194,23 Marzo 2026,Varias Veces Al Mes,Otro,Amigos,Más De Q150,175.0
1195,29 Marzo 2026,3 A 5 Veces Por Semana,Supermercado,Familia,Q51 - Q100,75.5
1196,28 Abril 2026,1 A 2 Veces Por Semana,Kiosco Escolar/Universitario,Amigos,Q101 - Q150,125.5
1197,11 Abril 2026,Todos Los Días,Tienda De Barrio,Amigos,Q101 - Q150,125.5
1198,08 Marzo 2026,Rara Vez,Otro,Familia,Q51 - Q100,75.5
1199,23 Abril 2026,3 A 5 Veces Por Semana,Aplicación De Delivery,Amigos,Q25 - Q50,37.5
1200,28 Febrero 2026,Rara Vez,Tienda De Barrio,Amigos,Q51 - Q100,75.5
1201,08 Abril 2026,3 A 5 Veces Por Semana,Otro,Amigos,Q25 - Q50,37.5
1202,24 Febrero 2026,1 A 2 Veces Por Semana,Supermercado,Amigos,Q51 - Q100,75.5
1203,25 Febrero 2026,1 A 2 Veces Por Semana,Gasolinera,Amigos,Q101 - Q150,125.5
1204,03 Marzo 2026,3 A 5 Veces Por Semana,Aplicación De Delivery,Familia,Más De Q150,175.0
1205,04 Febrero 2026,3 A 5 Veces Por Semana,Tienda De Barrio,Compañeros De Trabajo,Q25 - Q50,37.5
1206,17 Abril 2026,1 A 2 Veces Por Semana,Tienda De Barrio,Amigos,Q25 - Q50,37.5
1207,24 Enero 2026,Todos Los Días,Tienda De Barrio,Compañeros De Trabajo,Q51 - Q100,75.5
1208,01 Marzo 2026,Varias Veces Al Mes,Otro,Familia,Q51 - Q100,75.5
1209,17 Febrero 2026,Todos Los Días,Gasolinera,Familia,Q101 - Q150,125.5
1210,13 Febrero 2026,1 A 2 Veces Por Semana,Tienda De Barrio,Compañeros De Trabajo,Q101 - Q150,125.5
1211,11 Abril 2026,3 A 5 Veces Por Semana,Tienda De Barrio,Familia,Q25 - Q50,37.5
1212,22 Marzo 2026,1 A 2 Veces Por Semana,Tienda De Barrio,Familia,Q51 - Q100,75.5
1213,23 Marzo 2026,3 A 5 Veces Por Semana,Supermercado,Amigos,Q25 - Q50,37.5
1214,22 Abril 2026,1 A 2 Veces Por Semana,Tienda De Barrio,Familia,Menos De Q25,12.5
1215,20 Marzo 2026,Varias Veces Al Mes,Aplicación De Delivery,Familia,Más De Q150,175.0
1216,17 Abril 2026,3 A 5 Veces Por Semana,Supermercado,Familia,Q25 - Q50,37.5
1217,22 Marzo 2026,Varias Veces Al Mes,Otro,Solo,Q101 - Q150,125.5
1218,22 Abril 2026,Varias Veces Al Mes,Aplicación De Delivery,Amigos,Q25 - Q50,37.5
1219,18 Abril 2026,3 A 5 Veces Por Semana,Tienda De Barrio,Compañeros De Trabajo,Menos De Q25,12.5
1220,23 Marzo 2026,Todos Los Días,Tienda De Barrio,Solo,Q51 - Q100,75.5
1221,16 Abril 2026,3 A 5 Veces Por Semana,Supermercado,Solo,Q25 - Q50,37.5
1222,20 Enero 2026,3 A 5 Veces Por Semana,Tienda De Barrio,Familia,Más De Q150,175.0
1223,19 Enero 2026,Varias Veces Al Mes,Tienda De Barrio,Amigos,Q25 - Q50,37.5
1224,19 Enero 2026,Todos Los Días,Supermercado,Amigos,Q25 - Q50,37.5
1225,11 Enero 2026,Todos Los Días,Tienda De Barrio,Familia,Q25 - Q50,37.5
1226,01 Febrero 2026,Rara Vez,Kiosco Escolar/Universitario,Amigos,Menos De Q25,12.5
1227,30 Abril 2026,Todos Los Días,Supermercado,Familia,Q25 - Q50,37.5
1228,15 Febrero 2026,1 A 2 Veces Por Semana,Tienda De Barrio,Familia,Q51 - Q100,75.5
1229,11 Enero 2026,3 A 5 Veces Por Semana,Tienda De Barrio,Amigos,Q25 - Q50,37.5
1230,21 Abril 2026,1 A 2 Veces Por Semana,Tienda De Barrio,Solo,Q51 - Q100,75.5
1231,20 Febrero 2026,3 A 5 Veces Por Semana,Supermercado,Amigos,Q51 - Q100,75.5
1232,04 Marzo 2026,1 A 2 Veces Por Semana,Supermercado,Familia,Q101 - Q150,125.5
1233,06 Febrero 2026,3 A 5 Veces Por Semana,Supermercado,Familia,Q25 - Q50,37.5
1234,16 Marzo 2026,3 A 5 Veces Por Semana,Supermercado,Familia,Q25 - Q50,37.5
1235,07 Febrero 2026,Todos Los Días,Tienda De Barrio,Amigos,Q51 - Q100,75.5
1236,30 Enero 2026,Todos Los Días,Supermercado,Amigos,Menos De Q25,12.5
1237,26 Enero 2026,Varias Veces Al Mes,Supermercado,Amigos,Menos De Q25,12.5
1238,19 Abril 2026,3 A 5 Veces Por Semana,Supermercado,Amigos,Q51 - Q100,75.5
1239,20 Enero 2026,1 A 2 Veces Por Semana,Tienda De Barrio,Amigos,Q101 - Q150,125.5
1240,10 Marzo 2026,Rara Vez,Tienda De Barrio,Amigos,Q25 - Q50,37.5
1241,07 Mayo 2026,Rara Vez,Aplicación De Delivery,Familia,Q25 - Q50,37.5
1242,16 Enero 2026,Todos Los Días,Gasolinera,Familia,Q25 - Q50,37.5
1243,15 Enero 2026,Varias Veces Al Mes,Supermercado,Amigos,Menos De Q25,12.5
1244,13 Abril 2026,3 A 5 Veces Por Semana,Supermercado,Compañeros De Trabajo,Menos De Q25,12.5
1245,10 Mayo 2026,1 A 2 Veces Por Semana,Tienda De Barrio,Familia,Q101 - Q150,125.5
1246,18 Enero 2026,Varias Veces Al Mes,Gasolinera,Familia,Menos De Q25,12.5
1247,11 Enero 2026,Todos Los Días,Tienda De Barrio,Amigos,Más De Q150,175.0
1248,18 Febrero 2026,1 A 2 Veces Por Semana,Tienda De Barrio,Solo,Q51 - Q100,75.5
1249,27 Abril 2026,3 A 5 Veces Por Semana,Gasolinera,Amigos,Menos De Q25,12.5
1250,14 Abril 2026,3 A 5 Veces Por Semana,Tienda De Barrio,Compañeros De Trabajo,Menos De Q25,12.5
1251,12 Marzo 2026,3 A 5 Veces Por Semana,Aplicación De Delivery,Familia,Q51 - Q100,75.5
1252,08 Mayo 2026,1 A 2 Veces Por Semana,Tienda De Barrio,Familia,Menos De Q25,12.5
1253,28 Febrero 2026,Varias Veces Al Mes,Gasolinera,Familia,Q25 - Q50,37.5
1254,10 Febrero 2026,3 A 5 Veces Por Semana,Gasolinera,Familia,Menos De Q25,12.5
1255,28 Febrero 2026,1 A 2 Veces Por Semana,Gasolinera,Familia,Menos De Q25,12.5
1256,16 Marzo 2026,1 A 2 Veces Por Semana,Supermercado,Compañeros De Trabajo,Q25 - Q50,37.5
1257,04 Marzo 2026,Varias Veces Al Mes,Supermercado,Familia,Q25 - Q50,37.5
1258,27 Abril 2026,1 A 2 Veces Por Semana,Kiosco Escolar/Universitario,Solo,Q51 - Q100,75.5
1259,01 Febrero 2026,Varias Veces Al Mes,Tienda De Barrio,Amigos,Q25 - Q50,37.5
1260,30 Abril 2026,3 A 5 Veces Por Semana,No Indicado,Otro,Menos De Q25,12.5
1261,26 Febrero 2026,3 A 5 Veces Por Semana,Supermercado,Familia,Q25 - Q50,37.5
1262,14 Abril 2026,Varias Veces Al Mes,Tienda De Barrio,Amigos,Menos De Q25,12.5
1263,23 Febrero 2026,3 A 5 Veces Por Semana,Supermercado,Amigos,Q51 - Q100,75.5
1264,05 Febrero 2026,Varias Veces Al Mes,Gasolinera,Amigos,Q25 - Q50,37.5
1265,04 Marzo 2026,Varias Veces Al Mes,Tienda De Barrio,Amigos,Q51 - Q100,75.5
1266,08 Mayo 2026,Varias Veces Al Mes,Tienda De Barrio,Amigos,Q101 - Q150,125.5
1267,05 Febrero 2026,1 A 2 Veces Por Semana,Tienda De Barrio,Familia,Q51 - Q100,75.5
1268,11 Abril 2026,3 A 5 Veces Por Semana,Gasolinera,Familia,Q25 - Q50,37.5
1269,25 Abril 2026,Varias Veces Al Mes,Tienda De Barrio,Otro,Q101 - Q150,125.5
1270,16 Febrero 2026,Varias Veces Al Mes,Supermercado,Solo,Q25 - Q50,37.5
1271,29 Abril 2026,Varias Veces Al Mes,No Indicado,Amigos,Menos De Q25,12.5
1864,09 Marzo 2026,Varias Veces Al Mes,Supermercado,Amigos,Q51 - Q100,75.5
1273,23 Febrero 2026,1 A 2 Veces Por Semana,Gasolinera,Otro,Q101 - Q150,125.5
1274,11 Marzo 2026,Todos Los Días,Tienda De Barrio,Familia,Q101 - Q150,125.5
1275,26 Abril 2026,1 A 2 Veces Por Semana,Kiosco Escolar/Universitario,Familia,Q101 - Q150,125.5
1276,22 Marzo 2026,Todos Los Días,Gasolinera,Amigos,Q51 - Q100,75.5
1277,09 Mayo 2026,Varias Veces Al Mes,Otro,Amigos,Q101 - Q150,125.5
1278,02 Marzo 2026,3 A 5 Veces Por Semana,Gasolinera,Solo,Q25 - Q50,37.5
1279,20 Enero 2026,Rara Vez,Aplicación De Delivery,Familia,Menos De Q25,12.5
1280,25 Marzo 2026,3 A 5 Veces Por Semana,Tienda De Barrio,Otro,Q51 - Q100,75.5
1281,10 Enero 2026,1 A 2 Veces Por Semana,Tienda De Barrio,Compañeros De Trabajo,Q25 - Q50,37.5
1282,13 Marzo 2026,3 A 5 Veces Por Semana,Supermercado,Amigos,Q51 - Q100,75.5
1283,09 Marzo 2026,1 A 2 Veces Por Semana,Gasolinera,Amigos,Menos De Q25,12.5
1284,08 Abril 2026,Varias Veces Al Mes,Aplicación De Delivery,Familia,Q51 - Q100,75.5
1285,19 Marzo 2026,3 A 5 Veces Por Semana,Tienda De Barrio,Familia,Q101 - Q150,125.5
1286,23 Enero 2026,Todos Los Días,Supermercado,Compañeros De Trabajo,Menos De Q25,12.5
1287,01 Marzo 2026,Todos Los Días,Supermercado,Familia,Q25 - Q50,37.5
1288,23 Enero 2026,1 A 2 Veces Por Semana,Supermercado,Amigos,Q51 - Q100,75.5
1289,16 Febrero 2026,Todos Los Días,Supermercado,Compañeros De Trabajo,Q101 - Q150,125.5
1290,22 Febrero 2026,1 A 2 Veces Por Semana,Kiosco Escolar/Universitario,Amigos,Q51 - Q100,75.5
1291,25 Enero 2026,Varias Veces Al Mes,Supermercado,Familia,Q51 - Q100,75.5
1292,19 Abril 2026,3 A 5 Veces Por Semana,Gasolinera,Familia,Q25 - Q50,37.5
1293,30 Abril 2026,1 A 2 Veces Por Semana,Tienda De Barrio,Amigos,Q25 - Q50,37.5
1294,08 Mayo 2026,1 A 2 Veces Por Semana,Gasolinera,Familia,Más De Q150,175.0
1295,15 Febrero 2026,3 A 5 Veces Por Semana,Supermercado,Amigos,Q51 - Q100,75.5
1296,04 Febrero 2026,1 A 2 Veces Por Semana,Tienda De Barrio,Familia,Q25 - Q50,37.5
1297,04 Febrero 2026,Varias Veces Al Mes,Supermercado,Familia,Q25 - Q50,37.5
1298,15 Febrero 2026,1 A 2 Veces Por Semana,Gasolinera,Familia,Q25 - Q50,37.5
1299,06 Marzo 2026,3 A 5 Veces Por Semana,Gasolinera,Amigos,Q51 - Q100,75.5
1300,15 Febrero 2026,Rara Vez,Tienda De Barrio,Amigos,Q101 - Q150,125.5
1301,22 Abril 2026,3 A 5 Veces Por Semana,Gasolinera,Amigos,Q101 - Q150,125.5
1302,11 Marzo 2026,Todos Los Días,Gasolinera,Amigos,Q25 - Q50,37.5
1303,18 Enero 2026,1 A 2 Veces Por Semana,Supermercado,Familia,Q25 - Q50,37.5
1304,11 Abril 2026,Todos Los Días,Otro,Familia,Q101 - Q150,125.5
1305,23 Abril 2026,Rara Vez,Kiosco Escolar/Universitario,Familia,Q51 - Q100,75.5
1306,25 Enero 2026,1 A 2 Veces Por Semana,Tienda De Barrio,Familia,Q25 - Q50,37.5
1307,14 Abril 2026,Todos Los Días,Kiosco Escolar/Universitario,Otro,Q25 - Q50,37.5
1308,02 Marzo 2026,Todos Los Días,Supermercado,Amigos,Q25 - Q50,37.5
1309,18 Abril 2026,3 A 5 Veces Por Semana,Supermercado,Otro,Q51 - Q100,75.5
1310,10 Febrero 2026,1 A 2 Veces Por Semana,Gasolinera,Amigos,Q25 - Q50,37.5
1311,07 Marzo 2026,1 A 2 Veces Por Semana,Tienda De Barrio,Familia,Q25 - Q50,37.5
1312,22 Abril 2026,Todos Los Días,Tienda De Barrio,Compañeros De Trabajo,Q25 - Q50,37.5
1313,12 Marzo 2026,Todos Los Días,Tienda De Barrio,Familia,Q25 - Q50,37.5
1314,26 Enero 2026,Varias Veces Al Mes,Supermercado,Amigos,Menos De Q25,12.5
1315,10 Enero 2026,Varias Veces Al Mes,Kiosco Escolar/Universitario,Amigos,Q51 - Q100,75.5
1316,20 Febrero 2026,1 A 2 Veces Por Semana,Tienda De Barrio,Amigos,Q101 - Q150,125.5
1317,21 Enero 2026,1 A 2 Veces Por Semana,Tienda De Barrio,Compañeros De Trabajo,Q101 - Q150,125.5
1318,04 Febrero 2026,Varias Veces Al Mes,Otro,Solo,Q51 - Q100,75.5
2405,01 Abril 2026,3 A 5 Veces Por Semana,Supermercado,Amigos,Q51 - Q100,75.5
1320,03 Febrero 2026,1 A 2 Veces Por Semana,Kiosco Escolar/Universitario,Amigos,Q25 - Q50,37.5
1321,22 Enero 2026,Todos Los Días,Kiosco Escolar/Universitario,Otro,Q101 - Q150,125.5
1322,15 Enero 2026,3 A 5 Veces Por Semana,Tienda De Barrio,Familia,Q25 - Q50,37.5
1323,06 Abril 2026,Varias Veces Al Mes,Tienda De Barrio,Solo,Q25 - Q50,37.5
1324,09 Marzo 2026,1 A 2 Veces Por Semana,Gasolinera,Compañeros De Trabajo,Q25 - Q50,37.5
1325,04 Marzo 2026,Todos Los Días,Supermercado,Compañeros De Trabajo,Q25 - Q50,37.5
1326,31 Enero 2026,1 A 2 Veces Por Semana,Tienda De Barrio,Amigos,Q51 - Q100,75.5
1327,23 Febrero 2026,1 A 2 Veces Por Semana,Tienda De Barrio,Familia,Q51 - Q100,75.5
1328,18 Marzo 2026,3 A 5 Veces Por Semana,Aplicación De Delivery,Familia,Q25 - Q50,37.5
1329,06 Febrero 2026,3 A 5 Veces Por Semana,Supermercado,Amigos,Q51 - Q100,75.5
1330,24 Enero 2026,Rara Vez,Aplicación De Delivery,Familia,Q51 - Q100,75.5
1331,13 Marzo 2026,3 A 5 Veces Por Semana,Tienda De Barrio,Solo,Q51 - Q100,75.5
1332,04 Marzo 2026,3 A 5 Veces Por Semana,Tienda De Barrio,Otro,Q51 - Q100,75.5
1333,22 Febrero 2026,Rara Vez,Supermercado,Familia,Q51 - Q100,75.5
1334,21 Enero 2026,1 A 2 Veces Por Semana,Tienda De Barrio,Familia,Q51 - Q100,75.5
1335,15 Abril 2026,3 A 5 Veces Por Semana,Supermercado,Familia,Q51 - Q100,75.5
1336,12 Marzo 2026,3 A 5 Veces Por Semana,Tienda De Barrio,Familia,Q25 - Q50,37.5
1337,25 Marzo 2026,1 A 2 Veces Por Semana,Tienda De Barrio,Familia,Q25 - Q50,37.5
538,10 Marzo 2026,Rara Vez,Gasolinera,Amigos,Q101 - Q150,125.5
1339,08 Mayo 2026,Todos Los Días,Tienda De Barrio,Familia,Q51 - Q100,75.5
1340,04 Febrero 2026,3 A 5 Veces Por Semana,Tienda De Barrio,Familia,Q25 - Q50,37.5
1341,06 Marzo 2026,Todos Los Días,Supermercado,Amigos,Más De Q150,175.0
1342,21 Marzo 2026,1 A 2 Veces Por Semana,Tienda De Barrio,Amigos,Menos De Q25,12.5
1343,18 Abril 2026,3 A 5 Veces Por Semana,Supermercado,Solo,Q25 - Q50,37.5
1344,14 Abril 2026,1 A 2 Veces Por Semana,Tienda De Barrio,Solo,Q101 - Q150,125.5
1345,07 Marzo 2026,Varias Veces Al Mes,Tienda De Barrio,Compañeros De Trabajo,Q25 - Q50,37.5
1346,18 Enero 2026,1 A 2 Veces Por Semana,Supermercado,Amigos,Q101 - Q150,125.5
1347,22 Enero 2026,Varias Veces Al Mes,Gasolinera,Familia,Q25 - Q50,37.5
1348,20 Marzo 2026,Varias Veces Al Mes,Kiosco Escolar/Universitario,Solo,Q51 - Q100,75.5
1349,23 Enero 2026,Todos Los Días,Gasolinera,Amigos,Q25 - Q50,37.5
1350,22 Enero 2026,Varias Veces Al Mes,Tienda De Barrio,Amigos,Más De Q150,175.0
1351,16 Abril 2026,3 A 5 Veces Por Semana,Supermercado,Compañeros De Trabajo,Q51 - Q100,75.5
1352,16 Febrero 2026,3 A 5 Veces Por Semana,Tienda De Barrio,Solo,Q51 - Q100,75.5
1353,10 Enero 2026,Varias Veces Al Mes,Otro,Amigos,Menos De Q25,12.5
1354,10 Marzo 2026,3 A 5 Veces Por Semana,Supermercado,Compañeros De Trabajo,Q51 - Q100,75.5
1355,06 Febrero 2026,1 A 2 Veces Por Semana,Kiosco Escolar/Universitario,Familia,Menos De Q25,12.5
1356,26 Febrero 2026,Varias Veces Al Mes,Tienda De Barrio,Compañeros De Trabajo,Q51 - Q100,75.5
1357,10 Enero 2026,1 A 2 Veces Por Semana,Tienda De Barrio,Compañeros De Trabajo,Q25 - Q50,37.5
1358,02 Febrero 2026,Todos Los Días,Otro,Amigos,Más De Q150,175.0
1359,12 Febrero 2026,1 A 2 Veces Por Semana,Aplicación De Delivery,Familia,Menos De Q25,12.5
1360,09 Mayo 2026,Varias Veces Al Mes,Kiosco Escolar/Universitario,Familia,Q25 - Q50,37.5
1361,10 Marzo 2026,3 A 5 Veces Por Semana,Tienda De Barrio,Familia,Q25 - Q50,37.5
1362,04 Mayo 2026,Rara Vez,Supermercado,Familia,Q25 - Q50,37.5
1363,20 Febrero 2026,3 A 5 Veces Por Semana,Supermercado,Familia,Menos De Q25,12.5
1364,24 Febrero 2026,1 A 2 Veces Por Semana,Kiosco Escolar/Universitario,Familia,Q25 - Q50,37.5
1365,17 Abril 2026,1 A 2 Veces Por Semana,Supermercado,Solo,Q51 - Q100,75.5
1366,17 Enero 2026,Varias Veces Al Mes,Otro,Familia,Q51 - Q100,75.5
1367,18 Abril 2026,Rara Vez,Tienda De Barrio,Amigos,Q101 - Q150,125.5
1368,07 Febrero 2026,1 A 2 Veces Por Semana,Tienda De Barrio,Familia,Q51 - Q100,75.5
1369,21 Febrero 2026,Varias Veces Al Mes,Tienda De Barrio,Solo,Q101 - Q150,125.5
1370,17 Marzo 2026,Varias Veces Al Mes,Aplicación De Delivery,Amigos,Q25 - Q50,37.5
1371,17 Abril 2026,1 A 2 Veces Por Semana,Gasolinera,Amigos,Q51 - Q100,75.5
1372,02 Abril 2026,1 A 2 Veces Por Semana,Supermercado,Amigos,Más De Q150,175.0
1373,30 Marzo 2026,Varias Veces Al Mes,Supermercado,Amigos,Q25 - Q50,37.5
1374,20 Enero 2026,1 A 2 Veces Por Semana,Gasolinera,Familia,Q51 - Q100,75.5
1375,17 Febrero 2026,Varias Veces Al Mes,Supermercado,Familia,Más De Q150,175.0
1376,01 Febrero 2026,1 A 2 Veces Por Semana,Supermercado,Familia,Q25 - Q50,37.5
1377,31 Enero 2026,3 A 5 Veces Por Semana,Aplicación De Delivery,Solo,Q51 - Q100,75.5
1378,14 Enero 2026,Varias Veces Al Mes,Supermercado,Familia,Q51 - Q100,75.5
1379,21 Enero 2026,Todos Los Días,Kiosco Escolar/Universitario,Compañeros De Trabajo,Q25 - Q50,37.5
1380,02 Mayo 2026,1 A 2 Veces Por Semana,Aplicación De Delivery,Amigos,Menos De Q25,12.5
1381,03 Abril 2026,Varias Veces Al Mes,Supermercado,Amigos,Q101 - Q150,125.5
1382,31 Marzo 2026,Todos Los Días,Tienda De Barrio,Familia,Q25 - Q50,37.5
1383,09 Mayo 2026,Varias Veces Al Mes,Aplicación De Delivery,Familia,Q51 - Q100,75.5
1384,23 Abril 2026,3 A 5 Veces Por Semana,Gasolinera,Familia,Q25 - Q50,37.5
1385,15 Marzo 2026,Todos Los Días,Tienda De Barrio,Familia,Q101 - Q150,125.5
1386,09 Mayo 2026,Rara Vez,Supermercado,Familia,Q51 - Q100,75.5
1387,21 Abril 2026,Rara Vez,Kiosco Escolar/Universitario,Familia,Q51 - Q100,75.5
1388,06 Mayo 2026,Todos Los Días,Supermercado,Amigos,Q51 - Q100,75.5
1389,14 Enero 2026,3 A 5 Veces Por Semana,Aplicación De Delivery,Familia,Q51 - Q100,75.5
1390,08 Febrero 2026,1 A 2 Veces Por Semana,Supermercado,Solo,Q25 - Q50,37.5
1391,23 Marzo 2026,Todos Los Días,Tienda De Barrio,Amigos,Q51 - Q100,75.5
1392,24 Enero 2026,3 A 5 Veces Por Semana,Supermercado,Familia,Q25 - Q50,37.5
1393,13 Enero 2026,1 A 2 Veces Por Semana,Otro,Familia,Q101 - Q150,125.5
1394,05 Mayo 2026,3 A 5 Veces Por Semana,Kiosco Escolar/Universitario,Amigos,Q51 - Q100,75.5
1395,25 Marzo 2026,1 A 2 Veces Por Semana,Tienda De Barrio,Amigos,Q25 - Q50,37.5
1396,20 Marzo 2026,3 A 5 Veces Por Semana,Aplicación De Delivery,Familia,Más De Q150,175.0
1397,11 Marzo 2026,Todos Los Días,Aplicación De Delivery,Solo,Q101 - Q150,125.5
1398,25 Marzo 2026,3 A 5 Veces Por Semana,Tienda De Barrio,Compañeros De Trabajo,Q25 - Q50,37.5
1399,23 Febrero 2026,3 A 5 Veces Por Semana,Supermercado,Amigos,Q25 - Q50,37.5
1400,18 Abril 2026,3 A 5 Veces Por Semana,Supermercado,Familia,Q51 - Q100,75.5
1401,14 Enero 2026,Rara Vez,Supermercado,Amigos,Q51 - Q100,75.5
1402,10 Enero 2026,Todos Los Días,Aplicación De Delivery,Amigos,Q51 - Q100,75.5
1403,06 Mayo 2026,Rara Vez,Tienda De Barrio,Solo,Menos De Q25,12.5
1404,20 Enero 2026,3 A 5 Veces Por Semana,Tienda De Barrio,Amigos,Menos De Q25,12.5
1405,09 Mayo 2026,3 A 5 Veces Por Semana,Aplicación De Delivery,Familia,Q51 - Q100,75.5
1406,01 Febrero 2026,3 A 5 Veces Por Semana,Tienda De Barrio,Amigos,Q25 - Q50,37.5
1407,19 Abril 2026,1 A 2 Veces Por Semana,Otro,Familia,Q25 - Q50,37.5
1408,20 Enero 2026,1 A 2 Veces Por Semana,No Indicado,Amigos,Q25 - Q50,37.5
1409,10 Febrero 2026,Varias Veces Al Mes,Tienda De Barrio,Amigos,Q51 - Q100,75.5
1410,06 Marzo 2026,Todos Los Días,Supermercado,Solo,Q51 - Q100,75.5
1411,19 Enero 2026,Rara Vez,Tienda De Barrio,Amigos,Q25 - Q50,37.5
1412,21 Enero 2026,Todos Los Días,Supermercado,Amigos,Q101 - Q150,125.5
1413,07 Abril 2026,3 A 5 Veces Por Semana,Kiosco Escolar/Universitario,Familia,Menos De Q25,12.5
1414,19 Marzo 2026,Varias Veces Al Mes,Gasolinera,Compañeros De Trabajo,Q51 - Q100,75.5
1415,05 Marzo 2026,3 A 5 Veces Por Semana,Supermercado,Familia,Menos De Q25,12.5
1416,28 Abril 2026,3 A 5 Veces Por Semana,Supermercado,Compañeros De Trabajo,Q25 - Q50,37.5
1417,30 Marzo 2026,1 A 2 Veces Por Semana,Supermercado,Amigos,Q51 - Q100,75.5
1418,09 Abril 2026,Todos Los Días,Supermercado,Familia,Q51 - Q100,75.5
1419,08 Febrero 2026,1 A 2 Veces Por Semana,Supermercado,Otro,Q101 - Q150,125.5
1420,13 Enero 2026,Varias Veces Al Mes,Gasolinera,Amigos,Más De Q150,175.0
1421,15 Marzo 2026,1 A 2 Veces Por Semana,Tienda De Barrio,Amigos,Q51 - Q100,75.5
1422,11 Enero 2026,Varias Veces Al Mes,Kiosco Escolar/Universitario,Amigos,Q25 - Q50,37.5
2478,10 Marzo 2026,1 A 2 Veces Por Semana,Supermercado,Compañeros De Trabajo,Q101 - Q150,125.5
1424,26 Febrero 2026,3 A 5 Veces Por Semana,Gasolinera,Familia,Q25 - Q50,37.5
1425,03 Mayo 2026,1 A 2 Veces Por Semana,Supermercado,Familia,Menos De Q25,12.5
1426,17 Abril 2026,3 A 5 Veces Por Semana,Tienda De Barrio,Solo,Q51 - Q100,75.5
1427,29 Enero 2026,1 A 2 Veces Por Semana,Gasolinera,Solo,Q25 - Q50,37.5
1428,24 Febrero 2026,1 A 2 Veces Por Semana,Kiosco Escolar/Universitario,Familia,Q25 - Q50,37.5
1429,05 Abril 2026,1 A 2 Veces Por Semana,Supermercado,Amigos,Menos De Q25,12.5
1430,12 Abril 2026,1 A 2 Veces Por Semana,Supermercado,Familia,Q25 - Q50,37.5
1431,16 Febrero 2026,3 A 5 Veces Por Semana,Supermercado,Familia,Q51 - Q100,75.5
1432,07 Abril 2026,3 A 5 Veces Por Semana,Tienda De Barrio,Amigos,Q25 - Q50,37.5
1433,24 Marzo 2026,Todos Los Días,Supermercado,Amigos,Q101 - Q150,125.5
1434,13 Febrero 2026,3 A 5 Veces Por Semana,Tienda De Barrio,Amigos,Q51 - Q100,75.5
1435,18 Enero 2026,Varias Veces Al Mes,Supermercado,Familia,Q25 - Q50,37.5
1436,07 Febrero 2026,3 A 5 Veces Por Semana,Gasolinera,Amigos,Más De Q150,175.0
1437,03 Marzo 2026,Varias Veces Al Mes,Tienda De Barrio,Familia,Q51 - Q100,75.5
1438,26 Marzo 2026,1 A 2 Veces Por Semana,Gasolinera,Familia,Menos De Q25,12.5
1439,16 Abril 2026,Varias Veces Al Mes,Kiosco Escolar/Universitario,Familia,Más De Q150,175.0
1440,04 Mayo 2026,3 A 5 Veces Por Semana,Tienda De Barrio,Amigos,Q25 - Q50,37.5
1441,01 Mayo 2026,3 A 5 Veces Por Semana,Tienda De Barrio,Familia,Q25 - Q50,37.5
1442,14 Abril 2026,Todos Los Días,Gasolinera,Compañeros De Trabajo,Q25 - Q50,37.5
1443,02 Abril 2026,Varias Veces Al Mes,Otro,Familia,Q101 - Q150,125.5
1444,20 Marzo 2026,1 A 2 Veces Por Semana,Otro,Solo,Q25 - Q50,37.5
1445,23 Febrero 2026,1 A 2 Veces Por Semana,Kiosco Escolar/Universitario,Amigos,Q25 - Q50,37.5
1446,30 Enero 2026,1 A 2 Veces Por Semana,Gasolinera,Amigos,Q25 - Q50,37.5
1447,22 Abril 2026,1 A 2 Veces Por Semana,Tienda De Barrio,Familia,Q25 - Q50,37.5
1448,28 Abril 2026,1 A 2 Veces Por Semana,Tienda De Barrio,Familia,Q101 - Q150,125.5
1449,02 Mayo 2026,3 A 5 Veces Por Semana,Tienda De Barrio,Familia,Q51 - Q100,75.5
1450,13 Febrero 2026,Varias Veces Al Mes,Aplicación De Delivery,Amigos,Q25 - Q50,37.5
1451,07 Marzo 2026,Todos Los Días,Supermercado,Amigos,Más De Q150,175.0
1452,24 Enero 2026,1 A 2 Veces Por Semana,Aplicación De Delivery,Familia,Más De Q150,175.0
1453,06 Abril 2026,1 A 2 Veces Por Semana,Tienda De Barrio,Familia,Q25 - Q50,37.5
1454,15 Febrero 2026,Todos Los Días,Kiosco Escolar/Universitario,Amigos,Q51 - Q100,75.5
1455,25 Febrero 2026,Varias Veces Al Mes,Tienda De Barrio,Otro,Q101 - Q150,125.5
1456,03 Abril 2026,1 A 2 Veces Por Semana,Tienda De Barrio,Compañeros De Trabajo,Menos De Q25,12.5
1457,24 Marzo 2026,Rara Vez,Supermercado,Solo,Q25 - Q50,37.5
1458,30 Enero 2026,Varias Veces Al Mes,Kiosco Escolar/Universitario,Compañeros De Trabajo,Q51 - Q100,75.5
927,24 Marzo 2026,Todos Los Días,Supermercado,Amigos,Q25 - Q50,37.5
1460,04 Mayo 2026,1 A 2 Veces Por Semana,Otro,Amigos,Q51 - Q100,75.5
1461,11 Abril 2026,Todos Los Días,Tienda De Barrio,Amigos,Q51 - Q100,75.5
1462,22 Enero 2026,Todos Los Días,Supermercado,Familia,Menos De Q25,12.5
1463,08 Abril 2026,Rara Vez,Tienda De Barrio,Amigos,Q51 - Q100,75.5
1464,06 Abril 2026,1 A 2 Veces Por Semana,Supermercado,Familia,Menos De Q25,12.5
1465,03 Marzo 2026,3 A 5 Veces Por Semana,Supermercado,Amigos,Q51 - Q100,75.5
1466,17 Abril 2026,3 A 5 Veces Por Semana,Gasolinera,Familia,Más De Q150,175.0
1467,25 Abril 2026,Rara Vez,Supermercado,Solo,Q51 - Q100,75.5
1468,11 Enero 2026,1 A 2 Veces Por Semana,Tienda De Barrio,Solo,Menos De Q25,12.5
1469,25 Marzo 2026,Varias Veces Al Mes,Gasolinera,Amigos,Q25 - Q50,37.5
1470,27 Marzo 2026,1 A 2 Veces Por Semana,Aplicación De Delivery,Amigos,Menos De Q25,12.5
1471,21 Abril 2026,1 A 2 Veces Por Semana,Aplicación De Delivery,Amigos,Q25 - Q50,37.5
1472,15 Abril 2026,Todos Los Días,Supermercado,Familia,Menos De Q25,12.5
1473,07 Abril 2026,Todos Los Días,Otro,Familia,Q101 - Q150,125.5
1474,06 Abril 2026,3 A 5 Veces Por Semana,Aplicación De Delivery,Familia,Q25 - Q50,37.5
1475,15 Febrero 2026,Varias Veces Al Mes,Gasolinera,Amigos,Menos De Q25,12.5
1476,24 Febrero 2026,1 A 2 Veces Por Semana,Supermercado,Otro,Q25 - Q50,37.5
1477,08 Febrero 2026,Varias Veces Al Mes,Gasolinera,Amigos,Más De Q150,175.0
1478,11 Abril 2026,Todos Los Días,Kiosco Escolar/Universitario,Amigos,Q51 - Q100,75.5
1479,16 Marzo 2026,1 A 2 Veces Por Semana,Supermercado,Otro,Q25 - Q50,37.5
1480,13 Febrero 2026,Todos Los Días,Supermercado,Compañeros De Trabajo,Q51 - Q100,75.5
1481,24 Febrero 2026,1 A 2 Veces Por Semana,Gasolinera,Familia,Q101 - Q150,125.5
1482,02 Abril 2026,1 A 2 Veces Por Semana,Tienda De Barrio,Amigos,Q25 - Q50,37.5
1483,12 Marzo 2026,3 A 5 Veces Por Semana,Tienda De Barrio,Familia,Q51 - Q100,75.5
1484,18 Enero 2026,1 A 2 Veces Por Semana,Tienda De Barrio,Amigos,Q25 - Q50,37.5
1485,23 Enero 2026,Varias Veces Al Mes,Tienda De Barrio,Solo,Q51 - Q100,75.5
1486,30 Marzo 2026,Varias Veces Al Mes,Supermercado,Amigos,Q25 - Q50,37.5
1487,30 Marzo 2026,1 A 2 Veces Por Semana,Tienda De Barrio,Amigos,Q51 - Q100,75.5
1488,05 Mayo 2026,Varias Veces Al Mes,Aplicación De Delivery,Compañeros De Trabajo,Menos De Q25,12.5
1489,17 Enero 2026,Varias Veces Al Mes,Kiosco Escolar/Universitario,Familia,Menos De Q25,12.5
1490,29 Abril 2026,3 A 5 Veces Por Semana,Supermercado,Solo,Q101 - Q150,125.5
1491,30 Marzo 2026,Todos Los Días,Kiosco Escolar/Universitario,Familia,Q25 - Q50,37.5
1492,10 Abril 2026,Todos Los Días,Gasolinera,Compañeros De Trabajo,Q25 - Q50,37.5
1493,29 Marzo 2026,Varias Veces Al Mes,Aplicación De Delivery,Familia,Q101 - Q150,125.5
1494,09 Marzo 2026,1 A 2 Veces Por Semana,Gasolinera,Amigos,Q25 - Q50,37.5
1495,22 Abril 2026,Todos Los Días,Kiosco Escolar/Universitario,Familia,Q25 - Q50,37.5
1496,22 Abril 2026,Varias Veces Al Mes,Kiosco Escolar/Universitario,Compañeros De Trabajo,Menos De Q25,12.5
1497,27 Abril 2026,3 A 5 Veces Por Semana,Supermercado,Amigos,Q25 - Q50,37.5
1498,01 Abril 2026,1 A 2 Veces Por Semana,Tienda De Barrio,Solo,Q25 - Q50,37.5
1499,30 Enero 2026,3 A 5 Veces Por Semana,Supermercado,Familia,Q25 - Q50,37.5
1500,08 Mayo 2026,Todos Los Días,Tienda De Barrio,Familia,Q51 - Q100,75.5
1501,07 Abril 2026,1 A 2 Veces Por Semana,Tienda De Barrio,Amigos,Q25 - Q50,37.5
1502,03 Mayo 2026,1 A 2 Veces Por Semana,Supermercado,Amigos,Menos De Q25,12.5
1503,13 Abril 2026,Todos Los Días,Supermercado,Amigos,Q25 - Q50,37.5
1504,17 Febrero 2026,1 A 2 Veces Por Semana,Supermercado,Solo,Más De Q150,175.0
1505,20 Enero 2026,Varias Veces Al Mes,Tienda De Barrio,Otro,Más De Q150,175.0
1506,26 Febrero 2026,1 A 2 Veces Por Semana,Supermercado,Amigos,Menos De Q25,12.5
1507,10 Enero 2026,Todos Los Días,Gasolinera,Amigos,Q101 - Q150,125.5
1508,25 Marzo 2026,Varias Veces Al Mes,Supermercado,Amigos,Q51 - Q100,75.5
1509,15 Abril 2026,Varias Veces Al Mes,Otro,Familia,Q25 - Q50,37.5
1510,23 Abril 2026,3 A 5 Veces Por Semana,Aplicación De Delivery,Amigos,Q51 - Q100,75.5
1511,04 Febrero 2026,1 A 2 Veces Por Semana,Supermercado,Familia,Q25 - Q50,37.5
1512,06 Mayo 2026,Varias Veces Al Mes,Gasolinera,Compañeros De Trabajo,Q101 - Q150,125.5
1513,13 Febrero 2026,1 A 2 Veces Por Semana,Tienda De Barrio,Amigos,Q25 - Q50,37.5
1514,23 Febrero 2026,1 A 2 Veces Por Semana,Otro,Solo,Q51 - Q100,75.5
1515,22 Febrero 2026,3 A 5 Veces Por Semana,Supermercado,Amigos,Menos De Q25,12.5
1516,23 Abril 2026,3 A 5 Veces Por Semana,Aplicación De Delivery,Familia,Q101 - Q150,125.5
1517,12 Febrero 2026,Todos Los Días,Supermercado,Otro,Q101 - Q150,125.5
1518,17 Enero 2026,1 A 2 Veces Por Semana,Kiosco Escolar/Universitario,Familia,Q51 - Q100,75.5
1519,15 Marzo 2026,3 A 5 Veces Por Semana,Supermercado,Solo,Q101 - Q150,125.5
1520,30 Marzo 2026,Rara Vez,Tienda De Barrio,Amigos,Q25 - Q50,37.5
1521,10 Febrero 2026,3 A 5 Veces Por Semana,Aplicación De Delivery,Amigos,Más De Q150,175.0
1522,11 Marzo 2026,3 A 5 Veces Por Semana,Kiosco Escolar/Universitario,Amigos,Q51 - Q100,75.5
1523,07 Marzo 2026,Todos Los Días,Gasolinera,Amigos,Q25 - Q50,37.5
1524,04 Febrero 2026,1 A 2 Veces Por Semana,Supermercado,Amigos,Menos De Q25,12.5
1525,08 Febrero 2026,Todos Los Días,Tienda De Barrio,Amigos,Q101 - Q150,125.5
1526,25 Enero 2026,1 A 2 Veces Por Semana,Aplicación De Delivery,Amigos,Menos De Q25,12.5
1527,31 Marzo 2026,Varias Veces Al Mes,Supermercado,Compañeros De Trabajo,Q101 - Q150,125.5
1528,14 Marzo 2026,1 A 2 Veces Por Semana,Gasolinera,Amigos,Q51 - Q100,75.5
1529,16 Marzo 2026,Todos Los Días,Tienda De Barrio,Familia,Más De Q150,175.0
1530,25 Marzo 2026,Todos Los Días,Supermercado,Familia,Q101 - Q150,125.5
1531,21 Febrero 2026,3 A 5 Veces Por Semana,Otro,Compañeros De Trabajo,Q25 - Q50,37.5
1532,28 Abril 2026,3 A 5 Veces Por Semana,Supermercado,Compañeros De Trabajo,Q25 - Q50,37.5
1533,14 Abril 2026,1 A 2 Veces Por Semana,Tienda De Barrio,Compañeros De Trabajo,Q101 - Q150,125.5
1534,23 Abril 2026,3 A 5 Veces Por Semana,Tienda De Barrio,Otro,Más De Q150,175.0
1535,10 Abril 2026,3 A 5 Veces Por Semana,Aplicación De Delivery,Compañeros De Trabajo,Q51 - Q100,75.5
1536,13 Abril 2026,Varias Veces Al Mes,Supermercado,Amigos,Q51 - Q100,75.5
1537,06 Mayo 2026,Varias Veces Al Mes,Supermercado,Solo,Q51 - Q100,75.5
1538,11 Febrero 2026,3 A 5 Veces Por Semana,Supermercado,Amigos,Q25 - Q50,37.5
1539,12 Febrero 2026,Todos Los Días,Aplicación De Delivery,Amigos,Q51 - Q100,75.5
1540,29 Enero 2026,3 A 5 Veces Por Semana,Supermercado,Familia,Menos De Q25,12.5
1541,01 Abril 2026,Varias Veces Al Mes,Aplicación De Delivery,Compañeros De Trabajo,Q25 - Q50,37.5
1542,22 Abril 2026,1 A 2 Veces Por Semana,Tienda De Barrio,Familia,Q25 - Q50,37.5
1543,23 Marzo 2026,3 A 5 Veces Por Semana,Tienda De Barrio,Familia,Q51 - Q100,75.5
1544,23 Febrero 2026,Rara Vez,Supermercado,Compañeros De Trabajo,Menos De Q25,12.5
1545,30 Abril 2026,1 A 2 Veces Por Semana,Supermercado,Otro,Q101 - Q150,125.5
1546,06 Marzo 2026,1 A 2 Veces Por Semana,Supermercado,Familia,Q51 - Q100,75.5
1547,07 Marzo 2026,1 A 2 Veces Por Semana,Tienda De Barrio,Compañeros De Trabajo,Q51 - Q100,75.5
1548,16 Marzo 2026,Varias Veces Al Mes,Tienda De Barrio,Amigos,Q51 - Q100,75.5
1549,12 Enero 2026,3 A 5 Veces Por Semana,Aplicación De Delivery,Amigos,Menos De Q25,12.5
1550,07 Mayo 2026,1 A 2 Veces Por Semana,Supermercado,Solo,Q51 - Q100,75.5
1551,30 Marzo 2026,Varias Veces Al Mes,No Indicado,Amigos,Menos De Q25,12.5
1552,25 Enero 2026,3 A 5 Veces Por Semana,Gasolinera,Familia,Menos De Q25,12.5
1553,26 Marzo 2026,3 A 5 Veces Por Semana,Supermercado,Familia,Q101 - Q150,125.5
1554,24 Febrero 2026,Rara Vez,Supermercado,Familia,Q51 - Q100,75.5
1555,05 Marzo 2026,Varias Veces Al Mes,Aplicación De Delivery,Familia,Menos De Q25,12.5
1556,19 Febrero 2026,3 A 5 Veces Por Semana,Supermercado,Familia,Q25 - Q50,37.5
1557,06 Abril 2026,3 A 5 Veces Por Semana,Tienda De Barrio,Amigos,Q51 - Q100,75.5
1558,15 Febrero 2026,3 A 5 Veces Por Semana,Tienda De Barrio,Familia,Q101 - Q150,125.5
1559,13 Enero 2026,3 A 5 Veces Por Semana,Gasolinera,Amigos,Q51 - Q100,75.5
1560,11 Febrero 2026,1 A 2 Veces Por Semana,Supermercado,Familia,Más De Q150,175.0
1561,18 Enero 2026,3 A 5 Veces Por Semana,Supermercado,Familia,Q25 - Q50,37.5
1562,23 Abril 2026,1 A 2 Veces Por Semana,Supermercado,Solo,Q101 - Q150,125.5
1563,01 Febrero 2026,Todos Los Días,Gasolinera,Amigos,Menos De Q25,12.5
1564,07 Febrero 2026,3 A 5 Veces Por Semana,Otro,Amigos,Q25 - Q50,37.5
1565,25 Febrero 2026,1 A 2 Veces Por Semana,Supermercado,Familia,Q51 - Q100,75.5
1566,05 Marzo 2026,3 A 5 Veces Por Semana,No Indicado,Amigos,Q25 - Q50,37.5
1567,25 Enero 2026,Rara Vez,Tienda De Barrio,Familia,Q51 - Q100,75.5
1568,02 Abril 2026,Varias Veces Al Mes,Otro,Compañeros De Trabajo,Menos De Q25,12.5
1569,03 Febrero 2026,3 A 5 Veces Por Semana,Tienda De Barrio,Solo,Q51 - Q100,75.5
1570,04 Abril 2026,Todos Los Días,Supermercado,Familia,Q25 - Q50,37.5
1571,15 Abril 2026,1 A 2 Veces Por Semana,Gasolinera,Familia,Más De Q150,175.0
1572,30 Abril 2026,3 A 5 Veces Por Semana,Tienda De Barrio,Amigos,Q25 - Q50,37.5
1573,13 Abril 2026,3 A 5 Veces Por Semana,Gasolinera,Amigos,Q25 - Q50,37.5
1574,11 Enero 2026,Varias Veces Al Mes,Tienda De Barrio,Solo,Q51 - Q100,75.5
1575,15 Febrero 2026,1 A 2 Veces Por Semana,Tienda De Barrio,Compañeros De Trabajo,Q101 - Q150,125.5
1576,10 Enero 2026,1 A 2 Veces Por Semana,Supermercado,Familia,Q51 - Q100,75.5
1577,22 Marzo 2026,3 A 5 Veces Por Semana,Gasolinera,Amigos,Menos De Q25,12.5
1578,02 Marzo 2026,3 A 5 Veces Por Semana,Gasolinera,Otro,Más De Q150,175.0
1579,23 Enero 2026,1 A 2 Veces Por Semana,Supermercado,Familia,Q51 - Q100,75.5
1580,06 Febrero 2026,3 A 5 Veces Por Semana,Tienda De Barrio,Familia,Más De Q150,175.0
1581,29 Marzo 2026,1 A 2 Veces Por Semana,Tienda De Barrio,Familia,Q25 - Q50,37.5
1582,09 Abril 2026,1 A 2 Veces Por Semana,Tienda De Barrio,Amigos,Q51 - Q100,75.5
1583,05 Febrero 2026,3 A 5 Veces Por Semana,Supermercado,Familia,Menos De Q25,12.5
1584,06 Febrero 2026,1 A 2 Veces Por Semana,Supermercado,Solo,Q25 - Q50,37.5
1585,27 Febrero 2026,3 A 5 Veces Por Semana,Aplicación De Delivery,Solo,Q51 - Q100,75.5
1586,22 Marzo 2026,Varias Veces Al Mes,Tienda De Barrio,Amigos,Q51 - Q100,75.5
1587,11 Enero 2026,Varias Veces Al Mes,Kiosco Escolar/Universitario,Familia,Menos De Q25,12.5
1588,01 Marzo 2026,Todos Los Días,Tienda De Barrio,Solo,Q25 - Q50,37.5
1589,15 Enero 2026,1 A 2 Veces Por Semana,Tienda De Barrio,Familia,Q101 - Q150,125.5
1590,20 Febrero 2026,1 A 2 Veces Por Semana,Tienda De Barrio,Solo,Más De Q150,175.0
1591,23 Enero 2026,Varias Veces Al Mes,Supermercado,Compañeros De Trabajo,Q25 - Q50,37.5
1592,23 Febrero 2026,3 A 5 Veces Por Semana,Tienda De Barrio,Amigos,Q25 - Q50,37.5
1593,05 Abril 2026,Todos Los Días,Kiosco Escolar/Universitario,Familia,Q25 - Q50,37.5
1594,05 Febrero 2026,3 A 5 Veces Por Semana,Supermercado,Solo,Q101 - Q150,125.5
1595,27 Abril 2026,Varias Veces Al Mes,Gasolinera,Familia,Q51 - Q100,75.5
1596,14 Marzo 2026,3 A 5 Veces Por Semana,Supermercado,Amigos,Q51 - Q100,75.5
1597,03 Abril 2026,3 A 5 Veces Por Semana,Gasolinera,Amigos,Menos De Q25,12.5
1598,11 Abril 2026,Varias Veces Al Mes,Tienda De Barrio,Solo,Q51 - Q100,75.5
1599,19 Enero 2026,Rara Vez,Supermercado,Familia,Más De Q150,175.0
1600,15 Enero 2026,1 A 2 Veces Por Semana,Kiosco Escolar/Universitario,Familia,Menos De Q25,12.5
1601,23 Marzo 2026,Todos Los Días,Aplicación De Delivery,Otro,Q25 - Q50,37.5
1602,04 Febrero 2026,3 A 5 Veces Por Semana,Otro,Familia,Menos De Q25,12.5
1603,27 Enero 2026,Todos Los Días,Gasolinera,Amigos,Q51 - Q100,75.5
1604,01 Marzo 2026,3 A 5 Veces Por Semana,Gasolinera,Familia,Q51 - Q100,75.5
1605,04 Febrero 2026,Todos Los Días,Tienda De Barrio,Solo,Q25 - Q50,37.5
1606,04 Febrero 2026,1 A 2 Veces Por Semana,Aplicación De Delivery,Amigos,Q101 - Q150,125.5
1607,21 Enero 2026,Todos Los Días,Supermercado,Amigos,Q101 - Q150,125.5
1608,24 Marzo 2026,Varias Veces Al Mes,Supermercado,Solo,Q25 - Q50,37.5
1609,05 Febrero 2026,Varias Veces Al Mes,Aplicación De Delivery,Amigos,Q101 - Q150,125.5
1610,16 Febrero 2026,Varias Veces Al Mes,Tienda De Barrio,Amigos,Q25 - Q50,37.5
1611,05 Marzo 2026,1 A 2 Veces Por Semana,Tienda De Barrio,Amigos,Q51 - Q100,75.5
1612,26 Febrero 2026,1 A 2 Veces Por Semana,Aplicación De Delivery,Familia,Q51 - Q100,75.5
1613,23 Marzo 2026,3 A 5 Veces Por Semana,Gasolinera,Familia,Q25 - Q50,37.5
1614,16 Enero 2026,Todos Los Días,Tienda De Barrio,Familia,Más De Q150,175.0
1615,28 Abril 2026,3 A 5 Veces Por Semana,Supermercado,Familia,Q51 - Q100,75.5
1616,18 Marzo 2026,3 A 5 Veces Por Semana,Supermercado,Familia,Q25 - Q50,37.5
1617,13 Abril 2026,Todos Los Días,Supermercado,Amigos,Menos De Q25,12.5
1618,15 Febrero 2026,Todos Los Días,Gasolinera,Familia,Q51 - Q100,75.5
1619,19 Enero 2026,3 A 5 Veces Por Semana,Supermercado,Amigos,Q25 - Q50,37.5
1620,23 Marzo 2026,3 A 5 Veces Por Semana,Tienda De Barrio,Amigos,Q25 - Q50,37.5
1621,27 Marzo 2026,Rara Vez,Supermercado,Amigos,Q25 - Q50,37.5
1622,28 Febrero 2026,3 A 5 Veces Por Semana,Kiosco Escolar/Universitario,Amigos,Q101 - Q150,125.5
1623,21 Marzo 2026,3 A 5 Veces Por Semana,Tienda De Barrio,Familia,Q101 - Q150,125.5
1624,11 Febrero 2026,3 A 5 Veces Por Semana,Otro,Solo,Más De Q150,175.0
1625,26 Marzo 2026,1 A 2 Veces Por Semana,Kiosco Escolar/Universitario,Familia,Q25 - Q50,37.5
1626,31 Enero 2026,3 A 5 Veces Por Semana,Tienda De Barrio,Amigos,Q101 - Q150,125.5
1627,09 Abril 2026,Todos Los Días,Kiosco Escolar/Universitario,Compañeros De Trabajo,Menos De Q25,12.5
1628,18 Marzo 2026,3 A 5 Veces Por Semana,Otro,Familia,Q101 - Q150,125.5
1629,10 Febrero 2026,1 A 2 Veces Por Semana,Tienda De Barrio,Amigos,Q25 - Q50,37.5
1630,19 Marzo 2026,1 A 2 Veces Por Semana,Gasolinera,Familia,Q51 - Q100,75.5
1631,13 Febrero 2026,Varias Veces Al Mes,Tienda De Barrio,Compañeros De Trabajo,Q25 - Q50,37.5
1632,30 Marzo 2026,1 A 2 Veces Por Semana,Otro,Familia,Q25 - Q50,37.5
1633,01 Febrero 2026,1 A 2 Veces Por Semana,Aplicación De Delivery,Solo,Menos De Q25,12.5
1634,28 Febrero 2026,3 A 5 Veces Por Semana,Gasolinera,Amigos,Q25 - Q50,37.5
1635,01 Marzo 2026,Rara Vez,Tienda De Barrio,Familia,Q25 - Q50,37.5
1636,27 Abril 2026,Todos Los Días,Aplicación De Delivery,Familia,Q101 - Q150,125.5
1637,09 Mayo 2026,Todos Los Días,Kiosco Escolar/Universitario,Familia,Q25 - Q50,37.5
1638,22 Abril 2026,Varias Veces Al Mes,Tienda De Barrio,Familia,Q25 - Q50,37.5
1639,04 Mayo 2026,1 A 2 Veces Por Semana,No Indicado,Compañeros De Trabajo,Q51 - Q100,75.5
1640,24 Abril 2026,1 A 2 Veces Por Semana,Aplicación De Delivery,Compañeros De Trabajo,Más De Q150,175.0
1641,20 Febrero 2026,Todos Los Días,Gasolinera,Amigos,Más De Q150,175.0
1642,05 Marzo 2026,Rara Vez,Supermercado,Familia,Q25 - Q50,37.5
1643,26 Enero 2026,Varias Veces Al Mes,Tienda De Barrio,Familia,Q51 - Q100,75.5
1644,26 Abril 2026,3 A 5 Veces Por Semana,Supermercado,Amigos,Q101 - Q150,125.5
1645,18 Abril 2026,1 A 2 Veces Por Semana,Supermercado,Amigos,Menos De Q25,12.5
1646,19 Febrero 2026,Rara Vez,Kiosco Escolar/Universitario,Familia,Q51 - Q100,75.5
1647,03 Abril 2026,3 A 5 Veces Por Semana,Kiosco Escolar/Universitario,Familia,Q51 - Q100,75.5
1648,31 Marzo 2026,3 A 5 Veces Por Semana,Kiosco Escolar/Universitario,Familia,Más De Q150,175.0
1649,01 Abril 2026,Todos Los Días,Aplicación De Delivery,Amigos,Q51 - Q100,75.5
1650,19 Marzo 2026,Todos Los Días,Gasolinera,Compañeros De Trabajo,Q51 - Q100,75.5
1651,22 Febrero 2026,1 A 2 Veces Por Semana,Gasolinera,Familia,Q51 - Q100,75.5
1652,28 Marzo 2026,3 A 5 Veces Por Semana,Supermercado,Familia,Q101 - Q150,125.5
1653,21 Abril 2026,Varias Veces Al Mes,Supermercado,Amigos,Más De Q150,175.0
1654,13 Febrero 2026,1 A 2 Veces Por Semana,Supermercado,Amigos,Q25 - Q50,37.5
1655,05 Abril 2026,3 A 5 Veces Por Semana,Kiosco Escolar/Universitario,Compañeros De Trabajo,Q51 - Q100,75.5
1656,25 Febrero 2026,1 A 2 Veces Por Semana,Otro,Compañeros De Trabajo,Q51 - Q100,75.5
1657,24 Abril 2026,Varias Veces Al Mes,Supermercado,Amigos,Q25 - Q50,37.5
1658,17 Abril 2026,Todos Los Días,Otro,Amigos,Más De Q150,175.0
1659,20 Abril 2026,1 A 2 Veces Por Semana,Tienda De Barrio,Familia,Más De Q150,175.0
1660,26 Febrero 2026,1 A 2 Veces Por Semana,Supermercado,Familia,Q51 - Q100,75.5
1661,30 Marzo 2026,1 A 2 Veces Por Semana,Gasolinera,Familia,Q51 - Q100,75.5
1662,10 Febrero 2026,1 A 2 Veces Por Semana,Supermercado,Familia,Q25 - Q50,37.5
1663,15 Abril 2026,3 A 5 Veces Por Semana,Supermercado,Amigos,Q25 - Q50,37.5
1664,06 Mayo 2026,1 A 2 Veces Por Semana,Tienda De Barrio,Familia,Q51 - Q100,75.5
1665,16 Marzo 2026,3 A 5 Veces Por Semana,Supermercado,Amigos,Q51 - Q100,75.5
1666,23 Enero 2026,Todos Los Días,Aplicación De Delivery,Familia,Q25 - Q50,37.5
1667,19 Febrero 2026,Varias Veces Al Mes,Gasolinera,Amigos,Q51 - Q100,75.5
1668,06 Marzo 2026,Varias Veces Al Mes,Aplicación De Delivery,Compañeros De Trabajo,Q51 - Q100,75.5
1669,23 Marzo 2026,3 A 5 Veces Por Semana,Tienda De Barrio,Familia,Q25 - Q50,37.5
1670,03 Abril 2026,1 A 2 Veces Por Semana,Tienda De Barrio,Compañeros De Trabajo,Q25 - Q50,37.5
1671,27 Marzo 2026,1 A 2 Veces Por Semana,Aplicación De Delivery,Amigos,Q25 - Q50,37.5
1672,28 Abril 2026,Varias Veces Al Mes,Kiosco Escolar/Universitario,Amigos,Menos De Q25,12.5
1673,11 Febrero 2026,Varias Veces Al Mes,Supermercado,Amigos,Q25 - Q50,37.5
1674,02 Mayo 2026,Varias Veces Al Mes,Supermercado,Otro,Q25 - Q50,37.5
1675,12 Abril 2026,Todos Los Días,Aplicación De Delivery,Solo,Q51 - Q100,75.5
1676,07 Abril 2026,3 A 5 Veces Por Semana,Tienda De Barrio,Amigos,Más De Q150,175.0
1677,05 Abril 2026,Varias Veces Al Mes,Gasolinera,Familia,Q51 - Q100,75.5
1678,18 Febrero 2026,3 A 5 Veces Por Semana,Kiosco Escolar/Universitario,Familia,Q51 - Q100,75.5
1679,10 Marzo 2026,1 A 2 Veces Por Semana,Supermercado,Familia,Q51 - Q100,75.5
1680,14 Febrero 2026,1 A 2 Veces Por Semana,Supermercado,Familia,Q51 - Q100,75.5
1681,08 Abril 2026,3 A 5 Veces Por Semana,Tienda De Barrio,Amigos,Q25 - Q50,37.5
1682,05 Febrero 2026,Rara Vez,Supermercado,Familia,Q51 - Q100,75.5
1683,12 Febrero 2026,3 A 5 Veces Por Semana,Gasolinera,Amigos,Menos De Q25,12.5
1684,22 Febrero 2026,Todos Los Días,Kiosco Escolar/Universitario,Solo,Q25 - Q50,37.5
1685,21 Enero 2026,3 A 5 Veces Por Semana,Tienda De Barrio,Amigos,Q51 - Q100,75.5
1686,02 Abril 2026,1 A 2 Veces Por Semana,Kiosco Escolar/Universitario,Amigos,Menos De Q25,12.5
1687,20 Abril 2026,1 A 2 Veces Por Semana,Aplicación De Delivery,Otro,Q51 - Q100,75.5
1688,08 Febrero 2026,Todos Los Días,Tienda De Barrio,Amigos,Q101 - Q150,125.5
1689,12 Abril 2026,Rara Vez,Otro,Amigos,Q25 - Q50,37.5
1690,04 Mayo 2026,Todos Los Días,Kiosco Escolar/Universitario,Familia,Q25 - Q50,37.5
1691,16 Febrero 2026,1 A 2 Veces Por Semana,Gasolinera,Otro,Q25 - Q50,37.5
1692,17 Enero 2026,3 A 5 Veces Por Semana,Otro,Familia,Q51 - Q100,75.5
1693,28 Marzo 2026,3 A 5 Veces Por Semana,Supermercado,Amigos,Menos De Q25,12.5
1694,23 Marzo 2026,Todos Los Días,Tienda De Barrio,Solo,Q25 - Q50,37.5
1695,27 Enero 2026,1 A 2 Veces Por Semana,Aplicación De Delivery,Solo,Q51 - Q100,75.5
1696,05 Febrero 2026,3 A 5 Veces Por Semana,Gasolinera,Familia,Q101 - Q150,125.5
1697,22 Enero 2026,1 A 2 Veces Por Semana,Tienda De Barrio,Familia,Menos De Q25,12.5
1698,07 Abril 2026,3 A 5 Veces Por Semana,No Indicado,Familia,Q51 - Q100,75.5
1699,24 Febrero 2026,3 A 5 Veces Por Semana,Tienda De Barrio,Otro,Menos De Q25,12.5
1700,22 Abril 2026,1 A 2 Veces Por Semana,Otro,Familia,Q51 - Q100,75.5
1701,09 Febrero 2026,Todos Los Días,Supermercado,Amigos,Menos De Q25,12.5
1702,23 Febrero 2026,1 A 2 Veces Por Semana,Aplicación De Delivery,Familia,Q51 - Q100,75.5
1703,08 Febrero 2026,1 A 2 Veces Por Semana,Tienda De Barrio,Amigos,Q25 - Q50,37.5
1704,29 Enero 2026,1 A 2 Veces Por Semana,Supermercado,Familia,Q25 - Q50,37.5
1705,07 Marzo 2026,3 A 5 Veces Por Semana,Gasolinera,Amigos,Menos De Q25,12.5
1706,30 Enero 2026,Todos Los Días,Supermercado,Amigos,Menos De Q25,12.5
1707,01 Abril 2026,Varias Veces Al Mes,Tienda De Barrio,Solo,Q101 - Q150,125.5
1708,28 Enero 2026,Todos Los Días,Kiosco Escolar/Universitario,Familia,Q25 - Q50,37.5
1709,18 Febrero 2026,3 A 5 Veces Por Semana,Supermercado,Amigos,Q51 - Q100,75.5
1710,15 Marzo 2026,Todos Los Días,Tienda De Barrio,Amigos,Q25 - Q50,37.5
1711,26 Abril 2026,Varias Veces Al Mes,Supermercado,Familia,Más De Q150,175.0
1712,08 Mayo 2026,1 A 2 Veces Por Semana,Tienda De Barrio,Familia,Q101 - Q150,125.5
1713,23 Marzo 2026,3 A 5 Veces Por Semana,Aplicación De Delivery,Familia,Q51 - Q100,75.5
1714,12 Febrero 2026,Todos Los Días,Supermercado,Amigos,Q101 - Q150,125.5
1715,26 Febrero 2026,1 A 2 Veces Por Semana,Kiosco Escolar/Universitario,Amigos,Q25 - Q50,37.5
1716,04 Febrero 2026,Rara Vez,Supermercado,Amigos,Menos De Q25,12.5
1717,17 Febrero 2026,1 A 2 Veces Por Semana,Aplicación De Delivery,Solo,Menos De Q25,12.5
1718,18 Enero 2026,Varias Veces Al Mes,No Indicado,Amigos,Q25 - Q50,37.5
1719,31 Enero 2026,1 A 2 Veces Por Semana,Kiosco Escolar/Universitario,Familia,Q51 - Q100,75.5
1720,18 Enero 2026,Todos Los Días,Kiosco Escolar/Universitario,Amigos,Q101 - Q150,125.5
1721,07 Abril 2026,Varias Veces Al Mes,Kiosco Escolar/Universitario,Amigos,Q51 - Q100,75.5
1722,12 Abril 2026,Todos Los Días,Supermercado,Amigos,Más De Q150,175.0
1723,20 Febrero 2026,Rara Vez,Gasolinera,Familia,Q51 - Q100,75.5
1724,09 Marzo 2026,3 A 5 Veces Por Semana,Otro,Amigos,Menos De Q25,12.5
1725,01 Marzo 2026,3 A 5 Veces Por Semana,Supermercado,Amigos,Q25 - Q50,37.5
1726,27 Abril 2026,Varias Veces Al Mes,Supermercado,Otro,Menos De Q25,12.5
1727,16 Febrero 2026,Varias Veces Al Mes,Supermercado,Amigos,Q25 - Q50,37.5
1728,21 Enero 2026,3 A 5 Veces Por Semana,Tienda De Barrio,Amigos,Q25 - Q50,37.5
1729,15 Enero 2026,Varias Veces Al Mes,Tienda De Barrio,Otro,Q25 - Q50,37.5
1730,19 Enero 2026,Todos Los Días,Supermercado,Amigos,Q25 - Q50,37.5
1731,30 Abril 2026,Rara Vez,Kiosco Escolar/Universitario,Amigos,Q25 - Q50,37.5
1732,15 Abril 2026,Todos Los Días,Gasolinera,Amigos,Q25 - Q50,37.5
1733,04 Marzo 2026,Todos Los Días,Tienda De Barrio,Familia,Q101 - Q150,125.5
1734,14 Marzo 2026,Rara Vez,Tienda De Barrio,Amigos,Q25 - Q50,37.5
1735,05 Mayo 2026,3 A 5 Veces Por Semana,Gasolinera,Amigos,Q25 - Q50,37.5
1736,26 Abril 2026,Varias Veces Al Mes,Supermercado,Familia,Q25 - Q50,37.5
1737,26 Marzo 2026,Varias Veces Al Mes,Supermercado,Amigos,Q25 - Q50,37.5
1738,18 Abril 2026,3 A 5 Veces Por Semana,Supermercado,Familia,Q25 - Q50,37.5
1739,06 Abril 2026,Todos Los Días,Gasolinera,Amigos,Q101 - Q150,125.5
1740,13 Abril 2026,Rara Vez,Aplicación De Delivery,Amigos,Q25 - Q50,37.5
1741,10 Mayo 2026,Rara Vez,Tienda De Barrio,Familia,Q51 - Q100,75.5
1742,06 Abril 2026,1 A 2 Veces Por Semana,Supermercado,Amigos,Q51 - Q100,75.5
1743,10 Abril 2026,3 A 5 Veces Por Semana,Supermercado,Amigos,Q101 - Q150,125.5
1744,08 Abril 2026,3 A 5 Veces Por Semana,Tienda De Barrio,Familia,Q25 - Q50,37.5
1745,13 Enero 2026,Rara Vez,Supermercado,Familia,Q25 - Q50,37.5
1746,28 Marzo 2026,Todos Los Días,Tienda De Barrio,Solo,Q25 - Q50,37.5
1747,20 Marzo 2026,Varias Veces Al Mes,Supermercado,Familia,Q51 - Q100,75.5
1748,20 Enero 2026,Varias Veces Al Mes,Gasolinera,Familia,Menos De Q25,12.5
1749,06 Marzo 2026,Varias Veces Al Mes,Gasolinera,Amigos,Menos De Q25,12.5
1750,19 Febrero 2026,Varias Veces Al Mes,Supermercado,Solo,Menos De Q25,12.5
1751,23 Enero 2026,1 A 2 Veces Por Semana,Aplicación De Delivery,Compañeros De Trabajo,Q51 - Q100,75.5
1752,16 Enero 2026,Varias Veces Al Mes,Kiosco Escolar/Universitario,Familia,Q51 - Q100,75.5
1753,05 Abril 2026,Varias Veces Al Mes,Gasolinera,Familia,Q25 - Q50,37.5
1754,28 Enero 2026,1 A 2 Veces Por Semana,Otro,Familia,Menos De Q25,12.5
1755,01 Marzo 2026,1 A 2 Veces Por Semana,Kiosco Escolar/Universitario,Familia,Menos De Q25,12.5
1756,23 Enero 2026,Todos Los Días,No Indicado,Familia,Menos De Q25,12.5
1757,30 Marzo 2026,3 A 5 Veces Por Semana,Supermercado,Familia,Menos De Q25,12.5
1758,07 Febrero 2026,Varias Veces Al Mes,Supermercado,Otro,Q25 - Q50,37.5
1759,01 Mayo 2026,Todos Los Días,Gasolinera,Amigos,Q25 - Q50,37.5
1760,03 Febrero 2026,1 A 2 Veces Por Semana,Supermercado,Familia,Q25 - Q50,37.5
1761,16 Marzo 2026,Todos Los Días,Tienda De Barrio,Amigos,Menos De Q25,12.5
1762,23 Enero 2026,Rara Vez,Otro,Familia,Q25 - Q50,37.5
1763,15 Marzo 2026,1 A 2 Veces Por Semana,Aplicación De Delivery,Amigos,Q25 - Q50,37.5
1764,06 Mayo 2026,1 A 2 Veces Por Semana,Gasolinera,Amigos,Q101 - Q150,125.5
1765,10 Abril 2026,3 A 5 Veces Por Semana,Gasolinera,Amigos,Q25 - Q50,37.5
1766,03 Mayo 2026,1 A 2 Veces Por Semana,Kiosco Escolar/Universitario,Familia,Q25 - Q50,37.5
1767,10 Marzo 2026,3 A 5 Veces Por Semana,Tienda De Barrio,Amigos,Q51 - Q100,75.5
1768,13 Febrero 2026,3 A 5 Veces Por Semana,Supermercado,Familia,Q25 - Q50,37.5
1769,26 Abril 2026,Varias Veces Al Mes,Aplicación De Delivery,Amigos,Q51 - Q100,75.5
1770,30 Marzo 2026,1 A 2 Veces Por Semana,Supermercado,Amigos,Q51 - Q100,75.5
1771,09 Febrero 2026,3 A 5 Veces Por Semana,Supermercado,Otro,Q25 - Q50,37.5
1772,10 Febrero 2026,1 A 2 Veces Por Semana,Tienda De Barrio,Amigos,Q51 - Q100,75.5
559,01 Marzo 2026,Todos Los Días,Supermercado,Familia,Q101 - Q150,125.5
1774,20 Febrero 2026,Rara Vez,Tienda De Barrio,Amigos,Q51 - Q100,75.5
1775,26 Abril 2026,1 A 2 Veces Por Semana,Tienda De Barrio,Solo,Menos De Q25,12.5
1776,11 Enero 2026,1 A 2 Veces Por Semana,Gasolinera,Familia,Q51 - Q100,75.5
1777,16 Febrero 2026,Varias Veces Al Mes,Tienda De Barrio,Familia,Q51 - Q100,75.5
1778,25 Abril 2026,Todos Los Días,Supermercado,Amigos,Q51 - Q100,75.5
1779,10 Marzo 2026,3 A 5 Veces Por Semana,Kiosco Escolar/Universitario,Amigos,Q51 - Q100,75.5
1780,27 Abril 2026,Todos Los Días,Supermercado,Amigos,Más De Q150,175.0
1781,11 Febrero 2026,3 A 5 Veces Por Semana,Supermercado,Familia,Q25 - Q50,37.5
1782,15 Marzo 2026,1 A 2 Veces Por Semana,Tienda De Barrio,Amigos,Q25 - Q50,37.5
1783,15 Enero 2026,Varias Veces Al Mes,Tienda De Barrio,Familia,Q101 - Q150,125.5
1784,16 Abril 2026,Varias Veces Al Mes,Tienda De Barrio,Amigos,Q51 - Q100,75.5
1785,10 Abril 2026,Varias Veces Al Mes,Tienda De Barrio,Amigos,Q25 - Q50,37.5
1786,10 Enero 2026,Varias Veces Al Mes,Supermercado,Otro,Q51 - Q100,75.5
1787,03 Abril 2026,Rara Vez,Gasolinera,Amigos,Q25 - Q50,37.5
1788,14 Enero 2026,1 A 2 Veces Por Semana,Kiosco Escolar/Universitario,Amigos,Q51 - Q100,75.5
1789,22 Marzo 2026,1 A 2 Veces Por Semana,Tienda De Barrio,Familia,Q51 - Q100,75.5
1790,05 Abril 2026,3 A 5 Veces Por Semana,Tienda De Barrio,Otro,Q101 - Q150,125.5
1791,19 Marzo 2026,3 A 5 Veces Por Semana,Aplicación De Delivery,Familia,Q101 - Q150,125.5
1792,21 Enero 2026,Varias Veces Al Mes,Supermercado,Compañeros De Trabajo,Q101 - Q150,125.5
1793,03 Marzo 2026,Todos Los Días,Supermercado,Familia,Q101 - Q150,125.5
1794,16 Abril 2026,1 A 2 Veces Por Semana,Supermercado,Compañeros De Trabajo,Q51 - Q100,75.5
1795,08 Abril 2026,Rara Vez,Tienda De Barrio,Familia,Más De Q150,175.0
1796,16 Marzo 2026,Todos Los Días,No Indicado,Amigos,Q25 - Q50,37.5
1797,07 Febrero 2026,1 A 2 Veces Por Semana,Aplicación De Delivery,Otro,Más De Q150,175.0
1798,17 Abril 2026,3 A 5 Veces Por Semana,Supermercado,Compañeros De Trabajo,Q51 - Q100,75.5
1799,23 Enero 2026,3 A 5 Veces Por Semana,Tienda De Barrio,Familia,Q25 - Q50,37.5
1800,12 Marzo 2026,Rara Vez,Gasolinera,Amigos,Q25 - Q50,37.5
1801,15 Marzo 2026,Todos Los Días,Gasolinera,Familia,Q101 - Q150,125.5
1802,20 Abril 2026,3 A 5 Veces Por Semana,Kiosco Escolar/Universitario,Amigos,Q25 - Q50,37.5
1803,22 Marzo 2026,3 A 5 Veces Por Semana,Tienda De Barrio,Amigos,Menos De Q25,12.5
1804,04 Mayo 2026,3 A 5 Veces Por Semana,Tienda De Barrio,Otro,Q101 - Q150,125.5
1805,14 Enero 2026,3 A 5 Veces Por Semana,Supermercado,Solo,Q25 - Q50,37.5
1806,01 Marzo 2026,3 A 5 Veces Por Semana,Supermercado,Solo,Q25 - Q50,37.5
1807,21 Febrero 2026,3 A 5 Veces Por Semana,Tienda De Barrio,Amigos,Q51 - Q100,75.5
1808,08 Marzo 2026,1 A 2 Veces Por Semana,Tienda De Barrio,Familia,Q51 - Q100,75.5
1809,06 Abril 2026,1 A 2 Veces Por Semana,Gasolinera,Familia,Q25 - Q50,37.5
1810,06 Marzo 2026,1 A 2 Veces Por Semana,Kiosco Escolar/Universitario,Familia,Q101 - Q150,125.5
1811,18 Marzo 2026,1 A 2 Veces Por Semana,Supermercado,Familia,Q51 - Q100,75.5
1812,01 Mayo 2026,1 A 2 Veces Por Semana,Aplicación De Delivery,Amigos,Q101 - Q150,125.5
1813,19 Marzo 2026,1 A 2 Veces Por Semana,Gasolinera,Familia,Q25 - Q50,37.5
1814,09 Abril 2026,3 A 5 Veces Por Semana,Supermercado,Familia,Q101 - Q150,125.5
1815,23 Enero 2026,Varias Veces Al Mes,Supermercado,Amigos,Q51 - Q100,75.5
1816,12 Marzo 2026,Todos Los Días,Otro,Amigos,Q51 - Q100,75.5
1817,04 Marzo 2026,1 A 2 Veces Por Semana,Tienda De Barrio,Familia,Q51 - Q100,75.5
1818,17 Febrero 2026,Todos Los Días,Supermercado,Solo,Q25 - Q50,37.5
1819,26 Marzo 2026,Todos Los Días,Supermercado,Familia,Menos De Q25,12.5
1820,26 Abril 2026,3 A 5 Veces Por Semana,Tienda De Barrio,Familia,Q101 - Q150,125.5
1821,16 Marzo 2026,3 A 5 Veces Por Semana,Gasolinera,Familia,Q51 - Q100,75.5
1822,22 Abril 2026,3 A 5 Veces Por Semana,Aplicación De Delivery,Solo,Q51 - Q100,75.5
1823,21 Marzo 2026,3 A 5 Veces Por Semana,Otro,Amigos,Más De Q150,175.0
1824,23 Marzo 2026,Varias Veces Al Mes,Kiosco Escolar/Universitario,Solo,Más De Q150,175.0
1825,12 Marzo 2026,3 A 5 Veces Por Semana,Tienda De Barrio,Familia,Q51 - Q100,75.5
1826,03 Marzo 2026,Todos Los Días,Supermercado,Compañeros De Trabajo,Q51 - Q100,75.5
1827,04 Febrero 2026,Todos Los Días,Tienda De Barrio,Otro,Q25 - Q50,37.5
1828,30 Marzo 2026,Rara Vez,Supermercado,Amigos,Q25 - Q50,37.5
1829,02 Marzo 2026,1 A 2 Veces Por Semana,Otro,Familia,Q51 - Q100,75.5
1830,11 Enero 2026,3 A 5 Veces Por Semana,Gasolinera,Compañeros De Trabajo,Q51 - Q100,75.5
1831,10 Enero 2026,1 A 2 Veces Por Semana,Supermercado,Compañeros De Trabajo,Q25 - Q50,37.5
1832,21 Febrero 2026,1 A 2 Veces Por Semana,Gasolinera,Amigos,Q25 - Q50,37.5
1833,25 Enero 2026,Rara Vez,Supermercado,Amigos,Q101 - Q150,125.5
1834,16 Abril 2026,Todos Los Días,Supermercado,Familia,Q25 - Q50,37.5
1835,16 Abril 2026,Varias Veces Al Mes,Aplicación De Delivery,Familia,Q25 - Q50,37.5
1836,05 Febrero 2026,Varias Veces Al Mes,Supermercado,Amigos,Q51 - Q100,75.5
1837,05 Abril 2026,1 A 2 Veces Por Semana,Gasolinera,Compañeros De Trabajo,Menos De Q25,12.5
1838,01 Abril 2026,1 A 2 Veces Por Semana,Gasolinera,Amigos,Menos De Q25,12.5
1839,27 Febrero 2026,1 A 2 Veces Por Semana,Supermercado,Familia,Q101 - Q150,125.5
1840,11 Abril 2026,Varias Veces Al Mes,Supermercado,Familia,Q25 - Q50,37.5
1841,25 Marzo 2026,Todos Los Días,Tienda De Barrio,Familia,Q25 - Q50,37.5
1842,26 Abril 2026,Todos Los Días,Aplicación De Delivery,Familia,Menos De Q25,12.5
1843,17 Febrero 2026,Todos Los Días,Tienda De Barrio,Familia,Q51 - Q100,75.5
1844,20 Enero 2026,1 A 2 Veces Por Semana,Supermercado,Familia,Q25 - Q50,37.5
1845,18 Febrero 2026,Varias Veces Al Mes,Supermercado,Compañeros De Trabajo,Q25 - Q50,37.5
1846,08 Febrero 2026,Varias Veces Al Mes,Gasolinera,Amigos,Menos De Q25,12.5
1847,23 Marzo 2026,1 A 2 Veces Por Semana,Supermercado,Familia,Q25 - Q50,37.5
1848,18 Febrero 2026,1 A 2 Veces Por Semana,Tienda De Barrio,Amigos,Q101 - Q150,125.5
1849,24 Febrero 2026,Rara Vez,Gasolinera,Familia,Q101 - Q150,125.5
1850,11 Abril 2026,Varias Veces Al Mes,Supermercado,Amigos,Menos De Q25,12.5
1851,04 Marzo 2026,1 A 2 Veces Por Semana,Otro,Familia,Q51 - Q100,75.5
1852,24 Marzo 2026,Todos Los Días,Supermercado,Familia,Menos De Q25,12.5
1853,22 Febrero 2026,1 A 2 Veces Por Semana,Tienda De Barrio,Amigos,Q51 - Q100,75.5
1854,25 Enero 2026,1 A 2 Veces Por Semana,Gasolinera,Compañeros De Trabajo,Más De Q150,175.0
1855,10 Enero 2026,Varias Veces Al Mes,Supermercado,Amigos,Q51 - Q100,75.5
1856,26 Enero 2026,3 A 5 Veces Por Semana,Otro,Amigos,Q25 - Q50,37.5
1857,11 Marzo 2026,Varias Veces Al Mes,Aplicación De Delivery,Amigos,Q25 - Q50,37.5
1858,04 Febrero 2026,Varias Veces Al Mes,Gasolinera,Amigos,Q51 - Q100,75.5
1859,14 Abril 2026,1 A 2 Veces Por Semana,Gasolinera,Amigos,Menos De Q25,12.5
1860,01 Marzo 2026,1 A 2 Veces Por Semana,Supermercado,Amigos,Q25 - Q50,37.5
1861,05 Febrero 2026,3 A 5 Veces Por Semana,Tienda De Barrio,Compañeros De Trabajo,Q51 - Q100,75.5
1862,08 Mayo 2026,Varias Veces Al Mes,Aplicación De Delivery,Amigos,Q51 - Q100,75.5
1863,03 Febrero 2026,3 A 5 Veces Por Semana,Gasolinera,Amigos,Q101 - Q150,125.5
1864,09 Marzo 2026,Varias Veces Al Mes,Supermercado,Amigos,Q51 - Q100,75.5
1865,11 Marzo 2026,3 A 5 Veces Por Semana,Tienda De Barrio,Otro,Más De Q150,175.0
1866,08 Marzo 2026,Varias Veces Al Mes,Gasolinera,Amigos,Q101 - Q150,125.5
1867,06 Abril 2026,1 A 2 Veces Por Semana,Supermercado,Familia,Q25 - Q50,37.5
1868,27 Febrero 2026,Todos Los Días,Tienda De Barrio,Familia,Q101 - Q150,125.5
1869,23 Enero 2026,Todos Los Días,Supermercado,Amigos,Q51 - Q100,75.5
1870,28 Abril 2026,3 A 5 Veces Por Semana,Supermercado,Amigos,Q25 - Q50,37.5
1871,12 Febrero 2026,Todos Los Días,Gasolinera,Familia,Q25 - Q50,37.5
1872,13 Febrero 2026,3 A 5 Veces Por Semana,Kiosco Escolar/Universitario,Familia,Q51 - Q100,75.5
1873,02 Mayo 2026,Varias Veces Al Mes,Supermercado,Familia,Q25 - Q50,37.5
1874,03 Abril 2026,Todos Los Días,Gasolinera,Amigos,Menos De Q25,12.5
1875,25 Abril 2026,1 A 2 Veces Por Semana,Tienda De Barrio,Familia,Q25 - Q50,37.5
1876,08 Febrero 2026,Varias Veces Al Mes,Supermercado,Familia,Menos De Q25,12.5
1877,21 Enero 2026,Varias Veces Al Mes,Supermercado,Amigos,Más De Q150,175.0
1878,29 Marzo 2026,Todos Los Días,Tienda De Barrio,Amigos,Q51 - Q100,75.5
1879,01 Abril 2026,1 A 2 Veces Por Semana,Kiosco Escolar/Universitario,Familia,Q51 - Q100,75.5
1880,06 Marzo 2026,1 A 2 Veces Por Semana,Gasolinera,Familia,Q51 - Q100,75.5
1881,15 Febrero 2026,Todos Los Días,Supermercado,Familia,Q25 - Q50,37.5
1882,15 Enero 2026,3 A 5 Veces Por Semana,Otro,Familia,Q25 - Q50,37.5
1883,08 Abril 2026,3 A 5 Veces Por Semana,Aplicación De Delivery,Familia,Q25 - Q50,37.5
1884,20 Abril 2026,Varias Veces Al Mes,Supermercado,Amigos,Q51 - Q100,75.5
1885,11 Febrero 2026,3 A 5 Veces Por Semana,Kiosco Escolar/Universitario,Familia,Q51 - Q100,75.5
1886,09 Mayo 2026,1 A 2 Veces Por Semana,Supermercado,Familia,Q51 - Q100,75.5
1887,16 Enero 2026,1 A 2 Veces Por Semana,Supermercado,Familia,Q51 - Q100,75.5
1888,17 Febrero 2026,3 A 5 Veces Por Semana,Tienda De Barrio,Amigos,Q51 - Q100,75.5
1889,29 Abril 2026,Varias Veces Al Mes,Tienda De Barrio,Familia,Q25 - Q50,37.5
1890,19 Abril 2026,1 A 2 Veces Por Semana,Supermercado,Familia,Q51 - Q100,75.5
1891,20 Abril 2026,1 A 2 Veces Por Semana,Tienda De Barrio,Amigos,Q25 - Q50,37.5
1892,14 Marzo 2026,Rara Vez,Tienda De Barrio,Familia,Q51 - Q100,75.5
1893,11 Febrero 2026,1 A 2 Veces Por Semana,Aplicación De Delivery,Solo,Q51 - Q100,75.5
1894,20 Marzo 2026,1 A 2 Veces Por Semana,Tienda De Barrio,Compañeros De Trabajo,Q101 - Q150,125.5
1895,29 Enero 2026,1 A 2 Veces Por Semana,Kiosco Escolar/Universitario,Amigos,Q51 - Q100,75.5
1896,07 Marzo 2026,Todos Los Días,Tienda De Barrio,Compañeros De Trabajo,Q101 - Q150,125.5
1897,07 Marzo 2026,Todos Los Días,Aplicación De Delivery,Familia,Q51 - Q100,75.5
1898,21 Marzo 2026,Todos Los Días,Supermercado,Amigos,Menos De Q25,12.5
1899,03 Abril 2026,3 A 5 Veces Por Semana,Gasolinera,Familia,Menos De Q25,12.5
1900,13 Marzo 2026,Varias Veces Al Mes,Kiosco Escolar/Universitario,Amigos,Q25 - Q50,37.5
1901,10 Marzo 2026,Todos Los Días,Tienda De Barrio,Amigos,Q51 - Q100,75.5
1902,20 Abril 2026,Todos Los Días,Tienda De Barrio,Amigos,Más De Q150,175.0
1903,16 Abril 2026,Varias Veces Al Mes,Tienda De Barrio,Amigos,Más De Q150,175.0
1904,28 Febrero 2026,1 A 2 Veces Por Semana,Tienda De Barrio,Familia,Q51 - Q100,75.5
1905,02 Abril 2026,1 A 2 Veces Por Semana,Gasolinera,Compañeros De Trabajo,Q25 - Q50,37.5
1906,28 Enero 2026,3 A 5 Veces Por Semana,Otro,Compañeros De Trabajo,Q51 - Q100,75.5
1907,23 Enero 2026,Todos Los Días,Tienda De Barrio,Compañeros De Trabajo,Q51 - Q100,75.5
1908,27 Enero 2026,Varias Veces Al Mes,Otro,Amigos,Q51 - Q100,75.5
1909,26 Febrero 2026,Todos Los Días,Gasolinera,Familia,Q51 - Q100,75.5
1910,18 Febrero 2026,1 A 2 Veces Por Semana,Supermercado,Solo,Q51 - Q100,75.5
1911,13 Marzo 2026,Todos Los Días,Aplicación De Delivery,Amigos,Q25 - Q50,37.5
1912,20 Febrero 2026,3 A 5 Veces Por Semana,Tienda De Barrio,Amigos,Q101 - Q150,125.5
1913,05 Mayo 2026,Todos Los Días,Tienda De Barrio,Compañeros De Trabajo,Q51 - Q100,75.5
1914,06 Mayo 2026,Varias Veces Al Mes,Supermercado,Solo,Q51 - Q100,75.5
1915,19 Marzo 2026,Varias Veces Al Mes,Kiosco Escolar/Universitario,Familia,Más De Q150,175.0
1916,27 Febrero 2026,Todos Los Días,Tienda De Barrio,Familia,Q51 - Q100,75.5
1917,04 Febrero 2026,3 A 5 Veces Por Semana,Kiosco Escolar/Universitario,Familia,Q101 - Q150,125.5
1918,28 Enero 2026,3 A 5 Veces Por Semana,Aplicación De Delivery,Amigos,Q51 - Q100,75.5
1919,01 Marzo 2026,1 A 2 Veces Por Semana,Tienda De Barrio,Amigos,Q51 - Q100,75.5
1920,16 Febrero 2026,Todos Los Días,Supermercado,Familia,Q51 - Q100,75.5
1921,27 Marzo 2026,3 A 5 Veces Por Semana,Tienda De Barrio,Amigos,Q25 - Q50,37.5
1922,06 Abril 2026,3 A 5 Veces Por Semana,Gasolinera,Familia,Menos De Q25,12.5
1923,05 Abril 2026,Varias Veces Al Mes,Tienda De Barrio,Amigos,Menos De Q25,12.5
1924,25 Abril 2026,3 A 5 Veces Por Semana,Supermercado,Amigos,Menos De Q25,12.5
1925,15 Enero 2026,3 A 5 Veces Por Semana,Supermercado,Familia,Q25 - Q50,37.5
1926,08 Febrero 2026,Todos Los Días,No Indicado,Compañeros De Trabajo,Menos De Q25,12.5
1927,25 Febrero 2026,1 A 2 Veces Por Semana,Tienda De Barrio,Familia,Q51 - Q100,75.5
1928,09 Febrero 2026,3 A 5 Veces Por Semana,Tienda De Barrio,Amigos,Q25 - Q50,37.5
1929,27 Febrero 2026,Rara Vez,Tienda De Barrio,Solo,Q25 - Q50,37.5
1930,23 Abril 2026,Rara Vez,Otro,Amigos,Q51 - Q100,75.5
1127,10 Febrero 2026,1 A 2 Veces Por Semana,Supermercado,Familia,Q101 - Q150,125.5
1932,13 Abril 2026,Varias Veces Al Mes,Otro,Amigos,Q51 - Q100,75.5
1933,08 Mayo 2026,Varias Veces Al Mes,Tienda De Barrio,Solo,Q101 - Q150,125.5
1934,19 Febrero 2026,Todos Los Días,Supermercado,Amigos,Menos De Q25,12.5
1935,28 Febrero 2026,Todos Los Días,Supermercado,Familia,Q101 - Q150,125.5
1936,10 Marzo 2026,Rara Vez,Supermercado,Amigos,Q25 - Q50,37.5
1937,12 Febrero 2026,1 A 2 Veces Por Semana,Otro,Familia,Menos De Q25,12.5
1938,02 Mayo 2026,3 A 5 Veces Por Semana,Tienda De Barrio,Amigos,Menos De Q25,12.5
1939,17 Marzo 2026,Todos Los Días,Otro,Amigos,Q25 - Q50,37.5
1940,21 Marzo 2026,Varias Veces Al Mes,Aplicación De Delivery,Familia,Q51 - Q100,75.5
1941,14 Febrero 2026,Todos Los Días,Supermercado,Familia,Q51 - Q100,75.5
1942,13 Febrero 2026,Todos Los Días,Tienda De Barrio,Familia,Q25 - Q50,37.5
1943,11 Abril 2026,1 A 2 Veces Por Semana,Otro,Solo,Q51 - Q100,75.5
1944,09 Abril 2026,3 A 5 Veces Por Semana,Supermercado,Familia,Menos De Q25,12.5
1945,18 Enero 2026,Rara Vez,Supermercado,Familia,Q25 - Q50,37.5
1946,28 Febrero 2026,1 A 2 Veces Por Semana,Tienda De Barrio,Familia,Q25 - Q50,37.5
1947,27 Febrero 2026,3 A 5 Veces Por Semana,Supermercado,Familia,Q25 - Q50,37.5
1948,02 Mayo 2026,1 A 2 Veces Por Semana,Supermercado,Familia,Q101 - Q150,125.5
1949,23 Abril 2026,Varias Veces Al Mes,Tienda De Barrio,Compañeros De Trabajo,Q51 - Q100,75.5
1950,28 Febrero 2026,Varias Veces Al Mes,Supermercado,Familia,Q51 - Q100,75.5
1951,15 Marzo 2026,Todos Los Días,Tienda De Barrio,Familia,Q25 - Q50,37.5
1952,30 Marzo 2026,1 A 2 Veces Por Semana,Tienda De Barrio,Amigos,Q101 - Q150,125.5
1953,17 Febrero 2026,3 A 5 Veces Por Semana,Kiosco Escolar/Universitario,Amigos,Q25 - Q50,37.5
1954,08 Febrero 2026,Varias Veces Al Mes,Gasolinera,Compañeros De Trabajo,Menos De Q25,12.5
1955,06 Marzo 2026,Varias Veces Al Mes,Supermercado,Otro,Q51 - Q100,75.5
1956,27 Marzo 2026,Todos Los Días,Tienda De Barrio,Amigos,Menos De Q25,12.5
1957,21 Febrero 2026,1 A 2 Veces Por Semana,No Indicado,Amigos,Menos De Q25,12.5
1958,09 Febrero 2026,Todos Los Días,Tienda De Barrio,Familia,Q51 - Q100,75.5
1959,23 Abril 2026,Todos Los Días,Supermercado,Amigos,Q25 - Q50,37.5
1960,19 Enero 2026,3 A 5 Veces Por Semana,Supermercado,Familia,Más De Q150,175.0
1961,09 Mayo 2026,Varias Veces Al Mes,Tienda De Barrio,Otro,Q25 - Q50,37.5
1962,13 Abril 2026,1 A 2 Veces Por Semana,Aplicación De Delivery,Compañeros De Trabajo,Menos De Q25,12.5
1963,01 Marzo 2026,3 A 5 Veces Por Semana,Tienda De Barrio,Familia,Q51 - Q100,75.5
1964,25 Enero 2026,Varias Veces Al Mes,Gasolinera,Amigos,Q25 - Q50,37.5
1965,24 Abril 2026,1 A 2 Veces Por Semana,Otro,Compañeros De Trabajo,Q51 - Q100,75.5
1966,01 Marzo 2026,3 A 5 Veces Por Semana,Supermercado,Familia,Menos De Q25,12.5
1967,15 Febrero 2026,3 A 5 Veces Por Semana,Tienda De Barrio,Amigos,Q25 - Q50,37.5
1968,22 Enero 2026,Rara Vez,Tienda De Barrio,Solo,Q25 - Q50,37.5
1969,14 Enero 2026,Todos Los Días,Tienda De Barrio,Compañeros De Trabajo,Q25 - Q50,37.5
1970,07 Febrero 2026,1 A 2 Veces Por Semana,Tienda De Barrio,Otro,Menos De Q25,12.5
1971,24 Abril 2026,Rara Vez,Tienda De Barrio,Solo,Q25 - Q50,37.5
1972,11 Marzo 2026,3 A 5 Veces Por Semana,Tienda De Barrio,Familia,Q25 - Q50,37.5
1973,05 Febrero 2026,1 A 2 Veces Por Semana,Gasolinera,Compañeros De Trabajo,Q51 - Q100,75.5
1974,03 Marzo 2026,1 A 2 Veces Por Semana,Gasolinera,Familia,Q25 - Q50,37.5
1975,20 Enero 2026,Rara Vez,Tienda De Barrio,Familia,Q51 - Q100,75.5
1976,23 Marzo 2026,Varias Veces Al Mes,Gasolinera,Familia,Q51 - Q100,75.5
1977,08 Marzo 2026,Todos Los Días,Supermercado,Familia,Q25 - Q50,37.5
1978,06 Abril 2026,Todos Los Días,Tienda De Barrio,Solo,Q51 - Q100,75.5
1979,27 Marzo 2026,3 A 5 Veces Por Semana,Supermercado,Amigos,Q51 - Q100,75.5
1980,22 Enero 2026,Todos Los Días,Supermercado,Compañeros De Trabajo,Q25 - Q50,37.5
1981,12 Febrero 2026,3 A 5 Veces Por Semana,Supermercado,Familia,Q101 - Q150,125.5
1982,09 Abril 2026,3 A 5 Veces Por Semana,Otro,Familia,Q51 - Q100,75.5
1983,26 Febrero 2026,Rara Vez,Gasolinera,Amigos,Menos De Q25,12.5
1984,26 Enero 2026,Todos Los Días,Supermercado,Familia,Q101 - Q150,125.5
1985,23 Enero 2026,3 A 5 Veces Por Semana,Supermercado,Amigos,Q25 - Q50,37.5
1986,07 Mayo 2026,Todos Los Días,Supermercado,Compañeros De Trabajo,Q51 - Q100,75.5
1987,09 Mayo 2026,Varias Veces Al Mes,Supermercado,Compañeros De Trabajo,Menos De Q25,12.5
1988,02 Abril 2026,Todos Los Días,Aplicación De Delivery,Amigos,Q101 - Q150,125.5
1989,17 Enero 2026,Varias Veces Al Mes,Gasolinera,Compañeros De Trabajo,Q51 - Q100,75.5
1990,07 Mayo 2026,1 A 2 Veces Por Semana,Supermercado,Compañeros De Trabajo,Q25 - Q50,37.5
1991,08 Marzo 2026,3 A 5 Veces Por Semana,Tienda De Barrio,Amigos,Q25 - Q50,37.5
1992,30 Abril 2026,3 A 5 Veces Por Semana,Tienda De Barrio,Amigos,Q25 - Q50,37.5
1993,04 Abril 2026,Todos Los Días,Tienda De Barrio,Compañeros De Trabajo,Más De Q150,175.0
1994,27 Marzo 2026,1 A 2 Veces Por Semana,Tienda De Barrio,Solo,Q51 - Q100,75.5
1995,16 Enero 2026,Rara Vez,Gasolinera,Familia,Q25 - Q50,37.5
1996,22 Enero 2026,1 A 2 Veces Por Semana,Tienda De Barrio,Otro,Q51 - Q100,75.5
1997,30 Marzo 2026,Todos Los Días,Otro,Familia,Menos De Q25,12.5
1998,20 Abril 2026,1 A 2 Veces Por Semana,Gasolinera,Amigos,Q25 - Q50,37.5
1999,16 Abril 2026,1 A 2 Veces Por Semana,Tienda De Barrio,Familia,Q25 - Q50,37.5
2000,10 Marzo 2026,Varias Veces Al Mes,Supermercado,Familia,Q51 - Q100,75.5
2001,09 Mayo 2026,3 A 5 Veces Por Semana,Tienda De Barrio,Amigos,Q25 - Q50,37.5
2002,27 Abril 2026,Todos Los Días,Supermercado,Familia,Q101 - Q150,125.5
2003,06 Febrero 2026,Todos Los Días,Kiosco Escolar/Universitario,Familia,Q25 - Q50,37.5
2004,15 Febrero 2026,1 A 2 Veces Por Semana,Supermercado,Familia,Menos De Q25,12.5
2005,06 Mayo 2026,Todos Los Días,Gasolinera,Familia,Q101 - Q150,125.5
2006,11 Abril 2026,Todos Los Días,Tienda De Barrio,Familia,Menos De Q25,12.5
2007,20 Marzo 2026,1 A 2 Veces Por Semana,Supermercado,Familia,Q51 - Q100,75.5
2008,11 Enero 2026,Varias Veces Al Mes,Supermercado,Familia,Q51 - Q100,75.5
2009,08 Abril 2026,Varias Veces Al Mes,Supermercado,Familia,Q25 - Q50,37.5
2010,18 Marzo 2026,3 A 5 Veces Por Semana,Gasolinera,Familia,Menos De Q25,12.5
2011,18 Enero 2026,Varias Veces Al Mes,Supermercado,Familia,Q51 - Q100,75.5
2012,11 Febrero 2026,Rara Vez,Gasolinera,Amigos,Q25 - Q50,37.5
2013,26 Abril 2026,Varias Veces Al Mes,Tienda De Barrio,Otro,Q25 - Q50,37.5
2014,23 Enero 2026,Varias Veces Al Mes,Aplicación De Delivery,Familia,Q101 - Q150,125.5
2015,23 Enero 2026,Todos Los Días,Tienda De Barrio,Solo,Menos De Q25,12.5
2016,22 Enero 2026,1 A 2 Veces Por Semana,Aplicación De Delivery,Solo,Q25 - Q50,37.5
2017,25 Febrero 2026,1 A 2 Veces Por Semana,Gasolinera,Solo,Q101 - Q150,125.5
2018,06 Febrero 2026,Varias Veces Al Mes,Supermercado,Solo,Q25 - Q50,37.5
2019,04 Febrero 2026,Todos Los Días,Supermercado,Amigos,Q25 - Q50,37.5
2020,16 Febrero 2026,3 A 5 Veces Por Semana,Supermercado,Amigos,Q25 - Q50,37.5
2021,10 Abril 2026,1 A 2 Veces Por Semana,Aplicación De Delivery,Compañeros De Trabajo,Q25 - Q50,37.5
2022,07 Abril 2026,3 A 5 Veces Por Semana,Supermercado,Familia,Q51 - Q100,75.5
2023,12 Marzo 2026,Varias Veces Al Mes,Gasolinera,Otro,Q25 - Q50,37.5
2024,23 Enero 2026,1 A 2 Veces Por Semana,Supermercado,Familia,Q51 - Q100,75.5
2025,23 Febrero 2026,3 A 5 Veces Por Semana,Supermercado,Compañeros De Trabajo,Q101 - Q150,125.5
2026,10 Febrero 2026,Varias Veces Al Mes,Tienda De Barrio,Familia,Q25 - Q50,37.5
2027,18 Febrero 2026,Todos Los Días,Otro,Familia,Q25 - Q50,37.5
2028,01 Febrero 2026,3 A 5 Veces Por Semana,Tienda De Barrio,Amigos,Q101 - Q150,125.5
2029,29 Marzo 2026,Varias Veces Al Mes,Tienda De Barrio,Amigos,Q25 - Q50,37.5
2030,21 Abril 2026,Todos Los Días,Supermercado,Amigos,Menos De Q25,12.5
2031,22 Febrero 2026,1 A 2 Veces Por Semana,Supermercado,Familia,Q51 - Q100,75.5
2032,04 Abril 2026,Todos Los Días,Supermercado,Amigos,Q51 - Q100,75.5
2033,05 Abril 2026,1 A 2 Veces Por Semana,Gasolinera,Amigos,Q25 - Q50,37.5
2034,04 Marzo 2026,Rara Vez,Otro,Familia,Q101 - Q150,125.5
2035,09 Marzo 2026,3 A 5 Veces Por Semana,Gasolinera,Familia,Q25 - Q50,37.5
2036,30 Marzo 2026,1 A 2 Veces Por Semana,Tienda De Barrio,Familia,Menos De Q25,12.5
2037,15 Enero 2026,Rara Vez,Gasolinera,Compañeros De Trabajo,Q25 - Q50,37.5
2038,07 Mayo 2026,Todos Los Días,Tienda De Barrio,Familia,Menos De Q25,12.5
2039,29 Enero 2026,1 A 2 Veces Por Semana,Gasolinera,Amigos,Q51 - Q100,75.5
2040,13 Marzo 2026,Todos Los Días,Gasolinera,Amigos,Q51 - Q100,75.5
2041,26 Abril 2026,Rara Vez,Tienda De Barrio,Solo,Q101 - Q150,125.5
2042,16 Enero 2026,Varias Veces Al Mes,Gasolinera,Compañeros De Trabajo,Q51 - Q100,75.5
2043,27 Marzo 2026,1 A 2 Veces Por Semana,Aplicación De Delivery,Familia,Q25 - Q50,37.5
2044,13 Abril 2026,Todos Los Días,Tienda De Barrio,Familia,Q25 - Q50,37.5
2045,04 Mayo 2026,Todos Los Días,Tienda De Barrio,Compañeros De Trabajo,Menos De Q25,12.5
2046,04 Marzo 2026,Todos Los Días,No Indicado,Amigos,Q51 - Q100,75.5
2047,26 Marzo 2026,Todos Los Días,Aplicación De Delivery,Familia,Q101 - Q150,125.5
2048,25 Enero 2026,3 A 5 Veces Por Semana,Gasolinera,Familia,Q101 - Q150,125.5
2049,23 Abril 2026,1 A 2 Veces Por Semana,Supermercado,Familia,Q101 - Q150,125.5
2050,04 Abril 2026,1 A 2 Veces Por Semana,Otro,Solo,Q25 - Q50,37.5
2051,22 Enero 2026,Varias Veces Al Mes,Supermercado,Familia,Q51 - Q100,75.5
2052,06 Mayo 2026,Todos Los Días,Supermercado,Amigos,Q51 - Q100,75.5
2053,03 Abril 2026,Todos Los Días,Gasolinera,Amigos,Q25 - Q50,37.5
2054,19 Abril 2026,Varias Veces Al Mes,Tienda De Barrio,Solo,Q25 - Q50,37.5
2055,25 Enero 2026,3 A 5 Veces Por Semana,Gasolinera,Amigos,Q25 - Q50,37.5
2056,11 Marzo 2026,1 A 2 Veces Por Semana,Supermercado,Amigos,Q25 - Q50,37.5
2057,24 Febrero 2026,1 A 2 Veces Por Semana,Tienda De Barrio,Familia,Menos De Q25,12.5
2058,14 Abril 2026,3 A 5 Veces Por Semana,Tienda De Barrio,Familia,Q101 - Q150,125.5
2059,07 Mayo 2026,Varias Veces Al Mes,Supermercado,Compañeros De Trabajo,Q51 - Q100,75.5
2060,19 Marzo 2026,3 A 5 Veces Por Semana,Aplicación De Delivery,Familia,Q25 - Q50,37.5
2061,19 Enero 2026,Rara Vez,Supermercado,Amigos,Q51 - Q100,75.5
2062,09 Marzo 2026,Todos Los Días,Gasolinera,Solo,Q51 - Q100,75.5
2063,26 Febrero 2026,Varias Veces Al Mes,Tienda De Barrio,Solo,Q25 - Q50,37.5
2064,26 Febrero 2026,3 A 5 Veces Por Semana,Aplicación De Delivery,Amigos,Q25 - Q50,37.5
2065,11 Abril 2026,1 A 2 Veces Por Semana,Kiosco Escolar/Universitario,Familia,Q51 - Q100,75.5
2066,02 Abril 2026,1 A 2 Veces Por Semana,Gasolinera,Amigos,Menos De Q25,12.5
2067,15 Marzo 2026,Todos Los Días,Tienda De Barrio,Compañeros De Trabajo,Q25 - Q50,37.5
2068,22 Febrero 2026,1 A 2 Veces Por Semana,Supermercado,Amigos,Más De Q150,175.0
2069,25 Marzo 2026,3 A 5 Veces Por Semana,Gasolinera,Familia,Q101 - Q150,125.5
2070,22 Marzo 2026,3 A 5 Veces Por Semana,Supermercado,Amigos,Q51 - Q100,75.5
2071,03 Mayo 2026,Todos Los Días,Tienda De Barrio,Amigos,Q25 - Q50,37.5
2072,24 Febrero 2026,3 A 5 Veces Por Semana,Tienda De Barrio,Familia,Menos De Q25,12.5
2073,23 Enero 2026,Varias Veces Al Mes,Tienda De Barrio,Amigos,Q25 - Q50,37.5
2074,05 Mayo 2026,Varias Veces Al Mes,Tienda De Barrio,Familia,Q51 - Q100,75.5
2075,20 Enero 2026,3 A 5 Veces Por Semana,Tienda De Barrio,Familia,Q51 - Q100,75.5
2076,18 Marzo 2026,1 A 2 Veces Por Semana,Supermercado,Familia,Q51 - Q100,75.5
2077,20 Enero 2026,3 A 5 Veces Por Semana,Tienda De Barrio,Familia,Más De Q150,175.0
2078,06 Marzo 2026,1 A 2 Veces Por Semana,Otro,Amigos,Q25 - Q50,37.5
2079,28 Marzo 2026,3 A 5 Veces Por Semana,Supermercado,Familia,Q101 - Q150,125.5
2080,14 Marzo 2026,Varias Veces Al Mes,Supermercado,Solo,Q51 - Q100,75.5
2081,22 Enero 2026,3 A 5 Veces Por Semana,Tienda De Barrio,Compañeros De Trabajo,Menos De Q25,12.5
2082,12 Enero 2026,3 A 5 Veces Por Semana,Supermercado,Solo,Q25 - Q50,37.5
2083,22 Abril 2026,Varias Veces Al Mes,Tienda De Barrio,Amigos,Q25 - Q50,37.5
2084,30 Abril 2026,3 A 5 Veces Por Semana,Gasolinera,Amigos,Q25 - Q50,37.5
2085,01 Febrero 2026,Todos Los Días,Kiosco Escolar/Universitario,Familia,Q101 - Q150,125.5
2086,11 Marzo 2026,1 A 2 Veces Por Semana,Supermercado,Amigos,Q101 - Q150,125.5
2087,07 Marzo 2026,Rara Vez,Supermercado,Familia,Menos De Q25,12.5
2088,05 Mayo 2026,Rara Vez,Supermercado,Familia,Q25 - Q50,37.5
638,02 Marzo 2026,3 A 5 Veces Por Semana,Tienda De Barrio,Familia,Q101 - Q150,125.5
2090,05 Febrero 2026,1 A 2 Veces Por Semana,Kiosco Escolar/Universitario,Otro,Q25 - Q50,37.5
2091,04 Mayo 2026,3 A 5 Veces Por Semana,Tienda De Barrio,Amigos,Q25 - Q50,37.5
2092,05 Febrero 2026,Varias Veces Al Mes,Tienda De Barrio,Amigos,Q51 - Q100,75.5
2093,26 Enero 2026,3 A 5 Veces Por Semana,Gasolinera,Amigos,Q25 - Q50,37.5
2094,27 Marzo 2026,Varias Veces Al Mes,Supermercado,Familia,Q51 - Q100,75.5
2095,09 Febrero 2026,1 A 2 Veces Por Semana,Kiosco Escolar/Universitario,Solo,Menos De Q25,12.5
2096,26 Marzo 2026,1 A 2 Veces Por Semana,Supermercado,Amigos,Más De Q150,175.0
2097,17 Febrero 2026,3 A 5 Veces Por Semana,Supermercado,Familia,Menos De Q25,12.5
2098,24 Febrero 2026,3 A 5 Veces Por Semana,Tienda De Barrio,Familia,Q25 - Q50,37.5
2099,07 Mayo 2026,3 A 5 Veces Por Semana,Gasolinera,Amigos,Q51 - Q100,75.5
2100,08 Mayo 2026,3 A 5 Veces Por Semana,Aplicación De Delivery,Familia,Q25 - Q50,37.5
2101,12 Febrero 2026,Varias Veces Al Mes,Supermercado,Compañeros De Trabajo,Q25 - Q50,37.5
2102,20 Marzo 2026,3 A 5 Veces Por Semana,Tienda De Barrio,Compañeros De Trabajo,Q25 - Q50,37.5
2103,23 Marzo 2026,Todos Los Días,Gasolinera,Amigos,Q25 - Q50,37.5
2104,24 Febrero 2026,Todos Los Días,Supermercado,Familia,Q25 - Q50,37.5
2105,18 Marzo 2026,1 A 2 Veces Por Semana,Gasolinera,Amigos,Q51 - Q100,75.5
2106,17 Marzo 2026,Varias Veces Al Mes,Supermercado,Familia,Q51 - Q100,75.5
2107,18 Enero 2026,3 A 5 Veces Por Semana,Tienda De Barrio,Compañeros De Trabajo,Más De Q150,175.0
2108,10 Enero 2026,1 A 2 Veces Por Semana,Supermercado,Familia,Q25 - Q50,37.5
2109,01 Abril 2026,1 A 2 Veces Por Semana,Gasolinera,Familia,Q101 - Q150,125.5
2110,20 Marzo 2026,Varias Veces Al Mes,Supermercado,Amigos,Q101 - Q150,125.5
2111,18 Abril 2026,Rara Vez,Supermercado,Amigos,Q25 - Q50,37.5
2112,05 Abril 2026,Varias Veces Al Mes,Gasolinera,Amigos,Q25 - Q50,37.5
2113,21 Febrero 2026,Varias Veces Al Mes,Supermercado,Amigos,Q51 - Q100,75.5
2114,09 Marzo 2026,Rara Vez,Gasolinera,Solo,Q25 - Q50,37.5
2115,01 Marzo 2026,3 A 5 Veces Por Semana,Supermercado,Familia,Q25 - Q50,37.5
2116,16 Abril 2026,1 A 2 Veces Por Semana,Kiosco Escolar/Universitario,Familia,Menos De Q25,12.5
2117,23 Marzo 2026,1 A 2 Veces Por Semana,Supermercado,Amigos,Q25 - Q50,37.5
2118,26 Abril 2026,3 A 5 Veces Por Semana,Supermercado,Solo,Q51 - Q100,75.5
2119,21 Febrero 2026,Varias Veces Al Mes,Tienda De Barrio,Compañeros De Trabajo,Q25 - Q50,37.5
2120,18 Abril 2026,1 A 2 Veces Por Semana,Aplicación De Delivery,Familia,Q101 - Q150,125.5
2121,04 Febrero 2026,Todos Los Días,Supermercado,Otro,Q51 - Q100,75.5
2122,14 Abril 2026,Varias Veces Al Mes,Supermercado,Familia,Q25 - Q50,37.5
2123,31 Enero 2026,1 A 2 Veces Por Semana,Tienda De Barrio,Amigos,Q101 - Q150,125.5
2124,03 Marzo 2026,1 A 2 Veces Por Semana,Kiosco Escolar/Universitario,Familia,Menos De Q25,12.5
2125,10 Abril 2026,1 A 2 Veces Por Semana,Tienda De Barrio,Compañeros De Trabajo,Q51 - Q100,75.5
2126,24 Febrero 2026,Varias Veces Al Mes,Supermercado,Amigos,Q25 - Q50,37.5
2127,20 Marzo 2026,Varias Veces Al Mes,Tienda De Barrio,Amigos,Q25 - Q50,37.5
2128,27 Enero 2026,Todos Los Días,Supermercado,Familia,Q25 - Q50,37.5
2129,25 Abril 2026,1 A 2 Veces Por Semana,Tienda De Barrio,Familia,Q101 - Q150,125.5
2130,16 Abril 2026,1 A 2 Veces Por Semana,Gasolinera,Familia,Q25 - Q50,37.5
2131,23 Enero 2026,3 A 5 Veces Por Semana,Tienda De Barrio,Familia,Menos De Q25,12.5
2132,23 Abril 2026,Todos Los Días,Tienda De Barrio,Familia,Q101 - Q150,125.5
2133,12 Enero 2026,3 A 5 Veces Por Semana,Supermercado,Amigos,Menos De Q25,12.5
2134,28 Abril 2026,Varias Veces Al Mes,Aplicación De Delivery,Amigos,Q51 - Q100,75.5
2135,14 Enero 2026,3 A 5 Veces Por Semana,Kiosco Escolar/Universitario,Amigos,Q25 - Q50,37.5
2136,16 Marzo 2026,Varias Veces Al Mes,Kiosco Escolar/Universitario,Amigos,Menos De Q25,12.5
2137,30 Enero 2026,Todos Los Días,Supermercado,Familia,Q25 - Q50,37.5
2138,10 Mayo 2026,3 A 5 Veces Por Semana,Supermercado,Familia,Q25 - Q50,37.5
2139,12 Marzo 2026,3 A 5 Veces Por Semana,Supermercado,Otro,Q25 - Q50,37.5
2140,02 Mayo 2026,3 A 5 Veces Por Semana,Tienda De Barrio,Amigos,Q51 - Q100,75.5
2141,29 Abril 2026,Rara Vez,Aplicación De Delivery,Amigos,Q25 - Q50,37.5
2142,07 Abril 2026,1 A 2 Veces Por Semana,Aplicación De Delivery,Amigos,Menos De Q25,12.5
2143,29 Abril 2026,3 A 5 Veces Por Semana,Gasolinera,Solo,Q25 - Q50,37.5
2144,16 Febrero 2026,Varias Veces Al Mes,Gasolinera,Familia,Q51 - Q100,75.5
2145,17 Febrero 2026,3 A 5 Veces Por Semana,Supermercado,Solo,Q25 - Q50,37.5
2146,06 Mayo 2026,3 A 5 Veces Por Semana,Aplicación De Delivery,Familia,Q25 - Q50,37.5
2147,11 Marzo 2026,1 A 2 Veces Por Semana,Kiosco Escolar/Universitario,Otro,Q51 - Q100,75.5
2148,11 Marzo 2026,Todos Los Días,Tienda De Barrio,Solo,Q101 - Q150,125.5
2149,20 Febrero 2026,3 A 5 Veces Por Semana,Tienda De Barrio,Familia,Q25 - Q50,37.5
2150,22 Febrero 2026,Varias Veces Al Mes,Tienda De Barrio,Amigos,Menos De Q25,12.5
2151,03 Febrero 2026,Varias Veces Al Mes,Gasolinera,Amigos,Q51 - Q100,75.5
2152,05 Marzo 2026,Varias Veces Al Mes,Supermercado,Familia,Q51 - Q100,75.5
2153,19 Abril 2026,1 A 2 Veces Por Semana,Supermercado,Familia,Q25 - Q50,37.5
2154,25 Enero 2026,1 A 2 Veces Por Semana,Kiosco Escolar/Universitario,Familia,Q51 - Q100,75.5
2155,25 Abril 2026,3 A 5 Veces Por Semana,Supermercado,Familia,Q51 - Q100,75.5
2156,07 Abril 2026,3 A 5 Veces Por Semana,Gasolinera,Familia,Q51 - Q100,75.5
2157,18 Marzo 2026,Varias Veces Al Mes,Supermercado,Familia,Q25 - Q50,37.5
2158,11 Enero 2026,1 A 2 Veces Por Semana,Tienda De Barrio,Amigos,Q25 - Q50,37.5
2159,27 Febrero 2026,1 A 2 Veces Por Semana,Gasolinera,Familia,Menos De Q25,12.5
2160,15 Enero 2026,Todos Los Días,Tienda De Barrio,Familia,Q51 - Q100,75.5
2161,22 Marzo 2026,3 A 5 Veces Por Semana,Supermercado,Amigos,Q25 - Q50,37.5
2162,12 Enero 2026,Todos Los Días,Tienda De Barrio,Amigos,Q51 - Q100,75.5
2163,08 Abril 2026,1 A 2 Veces Por Semana,Kiosco Escolar/Universitario,Amigos,Q51 - Q100,75.5
2164,16 Abril 2026,Varias Veces Al Mes,Supermercado,Familia,Menos De Q25,12.5
2165,17 Febrero 2026,Todos Los Días,Tienda De Barrio,Familia,Q25 - Q50,37.5
2166,31 Marzo 2026,Todos Los Días,Supermercado,Familia,Menos De Q25,12.5
2167,30 Abril 2026,1 A 2 Veces Por Semana,Gasolinera,Familia,Q51 - Q100,75.5
2168,11 Febrero 2026,1 A 2 Veces Por Semana,Tienda De Barrio,Solo,Q101 - Q150,125.5
2169,25 Abril 2026,Todos Los Días,Supermercado,Familia,Q25 - Q50,37.5
2170,02 Mayo 2026,1 A 2 Veces Por Semana,Supermercado,Amigos,Más De Q150,175.0
2171,07 Mayo 2026,1 A 2 Veces Por Semana,Supermercado,Compañeros De Trabajo,Menos De Q25,12.5
2172,27 Febrero 2026,3 A 5 Veces Por Semana,Otro,Compañeros De Trabajo,Menos De Q25,12.5
2173,18 Marzo 2026,1 A 2 Veces Por Semana,Gasolinera,Solo,Menos De Q25,12.5
2174,23 Abril 2026,1 A 2 Veces Por Semana,Tienda De Barrio,Familia,Q51 - Q100,75.5
2175,02 Marzo 2026,Todos Los Días,Tienda De Barrio,Otro,Q25 - Q50,37.5
2176,13 Enero 2026,1 A 2 Veces Por Semana,Tienda De Barrio,Familia,Q101 - Q150,125.5
2177,09 Abril 2026,1 A 2 Veces Por Semana,Tienda De Barrio,Solo,Menos De Q25,12.5
2178,22 Abril 2026,Varias Veces Al Mes,Otro,Amigos,Q101 - Q150,125.5
2179,29 Abril 2026,1 A 2 Veces Por Semana,Tienda De Barrio,Familia,Q51 - Q100,75.5
2180,06 Mayo 2026,1 A 2 Veces Por Semana,Tienda De Barrio,Familia,Q25 - Q50,37.5
2181,20 Febrero 2026,1 A 2 Veces Por Semana,Supermercado,Amigos,Q101 - Q150,125.5
2182,24 Febrero 2026,Todos Los Días,Tienda De Barrio,Amigos,Q51 - Q100,75.5
2183,23 Febrero 2026,Todos Los Días,Supermercado,Familia,Q25 - Q50,37.5
2184,19 Enero 2026,1 A 2 Veces Por Semana,Supermercado,Amigos,Q25 - Q50,37.5
2185,24 Enero 2026,3 A 5 Veces Por Semana,Supermercado,Familia,Q51 - Q100,75.5
2186,13 Abril 2026,Varias Veces Al Mes,Aplicación De Delivery,Compañeros De Trabajo,Q25 - Q50,37.5
2187,23 Enero 2026,3 A 5 Veces Por Semana,Tienda De Barrio,Amigos,Menos De Q25,12.5
2188,02 Marzo 2026,3 A 5 Veces Por Semana,Supermercado,Amigos,Q25 - Q50,37.5
2189,31 Marzo 2026,3 A 5 Veces Por Semana,Aplicación De Delivery,Familia,Q51 - Q100,75.5
2190,31 Marzo 2026,3 A 5 Veces Por Semana,Supermercado,Amigos,Menos De Q25,12.5
2191,28 Enero 2026,3 A 5 Veces Por Semana,Otro,Familia,Q101 - Q150,125.5
2192,20 Abril 2026,Varias Veces Al Mes,Aplicación De Delivery,Familia,Q51 - Q100,75.5
2193,14 Febrero 2026,3 A 5 Veces Por Semana,Tienda De Barrio,Familia,Q25 - Q50,37.5
2194,05 Abril 2026,Varias Veces Al Mes,Supermercado,Compañeros De Trabajo,Q25 - Q50,37.5
2195,28 Abril 2026,Todos Los Días,Supermercado,Familia,Menos De Q25,12.5
2196,07 Marzo 2026,Varias Veces Al Mes,Tienda De Barrio,Compañeros De Trabajo,Q51 - Q100,75.5
2197,03 Abril 2026,1 A 2 Veces Por Semana,Aplicación De Delivery,Compañeros De Trabajo,Q25 - Q50,37.5
2198,03 Abril 2026,Todos Los Días,Supermercado,Amigos,Menos De Q25,12.5
2199,18 Abril 2026,3 A 5 Veces Por Semana,Gasolinera,Amigos,Q25 - Q50,37.5
2200,28 Febrero 2026,3 A 5 Veces Por Semana,Supermercado,Familia,Q51 - Q100,75.5
2201,03 Marzo 2026,Todos Los Días,Tienda De Barrio,Familia,Menos De Q25,12.5
2202,13 Enero 2026,1 A 2 Veces Por Semana,Otro,Amigos,Q51 - Q100,75.5
2203,27 Marzo 2026,Varias Veces Al Mes,Tienda De Barrio,Amigos,Q25 - Q50,37.5
2204,23 Enero 2026,Todos Los Días,Gasolinera,Familia,Q51 - Q100,75.5
2205,18 Abril 2026,Todos Los Días,Tienda De Barrio,Familia,Q25 - Q50,37.5
2206,30 Abril 2026,3 A 5 Veces Por Semana,Gasolinera,Solo,Q25 - Q50,37.5
2207,11 Abril 2026,1 A 2 Veces Por Semana,Aplicación De Delivery,Compañeros De Trabajo,Más De Q150,175.0
2208,26 Enero 2026,1 A 2 Veces Por Semana,Gasolinera,Amigos,Q25 - Q50,37.5
2209,15 Febrero 2026,Todos Los Días,Tienda De Barrio,Amigos,Q25 - Q50,37.5
2210,18 Enero 2026,Varias Veces Al Mes,Tienda De Barrio,Amigos,Q51 - Q100,75.5
2211,24 Abril 2026,Todos Los Días,Aplicación De Delivery,Amigos,Q101 - Q150,125.5
2212,23 Abril 2026,Varias Veces Al Mes,Tienda De Barrio,Solo,Q51 - Q100,75.5
2213,24 Febrero 2026,1 A 2 Veces Por Semana,Kiosco Escolar/Universitario,Familia,Menos De Q25,12.5
2214,02 Marzo 2026,Todos Los Días,No Indicado,Amigos,Menos De Q25,12.5
2215,03 Mayo 2026,1 A 2 Veces Por Semana,Supermercado,Amigos,Q51 - Q100,75.5
2216,31 Marzo 2026,Varias Veces Al Mes,Supermercado,Familia,Más De Q150,175.0
2217,05 Abril 2026,3 A 5 Veces Por Semana,Tienda De Barrio,Compañeros De Trabajo,Menos De Q25,12.5
2218,23 Febrero 2026,Varias Veces Al Mes,Aplicación De Delivery,Familia,Menos De Q25,12.5
2219,26 Abril 2026,Varias Veces Al Mes,Supermercado,Amigos,Q25 - Q50,37.5
2220,18 Enero 2026,Todos Los Días,Supermercado,Amigos,Q25 - Q50,37.5
2221,13 Abril 2026,3 A 5 Veces Por Semana,Tienda De Barrio,Familia,Menos De Q25,12.5
2222,23 Abril 2026,Rara Vez,Aplicación De Delivery,Amigos,Menos De Q25,12.5
2223,12 Enero 2026,3 A 5 Veces Por Semana,Supermercado,Amigos,Q51 - Q100,75.5
2224,24 Febrero 2026,Varias Veces Al Mes,Tienda De Barrio,Familia,Q101 - Q150,125.5
2225,31 Marzo 2026,3 A 5 Veces Por Semana,Supermercado,Amigos,Q25 - Q50,37.5
2226,19 Enero 2026,3 A 5 Veces Por Semana,Supermercado,Familia,Q51 - Q100,75.5
2227,18 Marzo 2026,1 A 2 Veces Por Semana,Supermercado,Amigos,Q51 - Q100,75.5
2228,11 Abril 2026,Varias Veces Al Mes,Tienda De Barrio,Familia,Menos De Q25,12.5
2229,17 Febrero 2026,1 A 2 Veces Por Semana,Otro,Amigos,Q51 - Q100,75.5
2230,10 Abril 2026,Rara Vez,Tienda De Barrio,Familia,Q25 - Q50,37.5
2231,03 Mayo 2026,3 A 5 Veces Por Semana,Supermercado,Familia,Q25 - Q50,37.5
2232,23 Enero 2026,3 A 5 Veces Por Semana,Aplicación De Delivery,Amigos,Q101 - Q150,125.5
2233,30 Abril 2026,Rara Vez,Aplicación De Delivery,Familia,Q25 - Q50,37.5
2234,09 Abril 2026,Todos Los Días,Gasolinera,Amigos,Q51 - Q100,75.5
2235,23 Febrero 2026,1 A 2 Veces Por Semana,Otro,Amigos,Q51 - Q100,75.5
2236,07 Mayo 2026,1 A 2 Veces Por Semana,Tienda De Barrio,Amigos,Q25 - Q50,37.5
2237,30 Abril 2026,Varias Veces Al Mes,Supermercado,Solo,Q101 - Q150,125.5
2238,18 Marzo 2026,3 A 5 Veces Por Semana,Tienda De Barrio,Solo,Q25 - Q50,37.5
2239,12 Enero 2026,3 A 5 Veces Por Semana,Supermercado,Familia,Q101 - Q150,125.5
2240,10 Marzo 2026,3 A 5 Veces Por Semana,Supermercado,Amigos,Q25 - Q50,37.5
2241,01 Febrero 2026,Varias Veces Al Mes,Supermercado,Familia,Más De Q150,175.0
2242,22 Abril 2026,1 A 2 Veces Por Semana,Tienda De Barrio,Compañeros De Trabajo,Menos De Q25,12.5
2243,29 Enero 2026,Varias Veces Al Mes,Tienda De Barrio,Amigos,Q51 - Q100,75.5
2244,15 Abril 2026,Varias Veces Al Mes,Supermercado,Familia,Q25 - Q50,37.5
2245,05 Mayo 2026,Todos Los Días,Gasolinera,Amigos,Menos De Q25,12.5
2246,19 Enero 2026,3 A 5 Veces Por Semana,Tienda De Barrio,Compañeros De Trabajo,Q25 - Q50,37.5
2247,11 Febrero 2026,Rara Vez,Supermercado,Familia,Q51 - Q100,75.5
2248,28 Febrero 2026,1 A 2 Veces Por Semana,Tienda De Barrio,Compañeros De Trabajo,Q25 - Q50,37.5
2249,10 Abril 2026,1 A 2 Veces Por Semana,Otro,Solo,Menos De Q25,12.5
2250,22 Febrero 2026,3 A 5 Veces Por Semana,Tienda De Barrio,Otro,Q101 - Q150,125.5
2251,14 Enero 2026,Rara Vez,Aplicación De Delivery,Amigos,Q101 - Q150,125.5
2252,01 Marzo 2026,3 A 5 Veces Por Semana,Aplicación De Delivery,Otro,Q51 - Q100,75.5
2253,04 Marzo 2026,1 A 2 Veces Por Semana,Gasolinera,Solo,Q25 - Q50,37.5
2254,07 Febrero 2026,1 A 2 Veces Por Semana,Tienda De Barrio,Amigos,Menos De Q25,12.5
2255,10 Marzo 2026,3 A 5 Veces Por Semana,Tienda De Barrio,Amigos,Q51 - Q100,75.5
2256,08 Marzo 2026,Varias Veces Al Mes,Supermercado,Familia,Q51 - Q100,75.5
2257,16 Febrero 2026,1 A 2 Veces Por Semana,Gasolinera,Solo,Menos De Q25,12.5
2258,28 Abril 2026,3 A 5 Veces Por Semana,Aplicación De Delivery,Familia,Q25 - Q50,37.5
2259,21 Abril 2026,Varias Veces Al Mes,Tienda De Barrio,Solo,Q101 - Q150,125.5
2260,25 Febrero 2026,Rara Vez,Tienda De Barrio,Familia,Q51 - Q100,75.5
2261,03 Febrero 2026,3 A 5 Veces Por Semana,Gasolinera,Familia,Menos De Q25,12.5
2262,04 Mayo 2026,3 A 5 Veces Por Semana,No Indicado,Familia,Q25 - Q50,37.5
2263,08 Febrero 2026,1 A 2 Veces Por Semana,Tienda De Barrio,Familia,Menos De Q25,12.5
2264,17 Marzo 2026,Varias Veces Al Mes,Supermercado,Familia,Más De Q150,175.0
2265,11 Febrero 2026,3 A 5 Veces Por Semana,Gasolinera,Compañeros De Trabajo,Más De Q150,175.0
2266,20 Abril 2026,Varias Veces Al Mes,Supermercado,Familia,Q25 - Q50,37.5
2267,25 Enero 2026,1 A 2 Veces Por Semana,Tienda De Barrio,Compañeros De Trabajo,Q25 - Q50,37.5
2268,03 Abril 2026,1 A 2 Veces Por Semana,Tienda De Barrio,Familia,Q101 - Q150,125.5
2269,28 Abril 2026,Varias Veces Al Mes,Gasolinera,Amigos,Q101 - Q150,125.5
2270,22 Marzo 2026,Todos Los Días,Gasolinera,Amigos,Menos De Q25,12.5
2271,06 Mayo 2026,3 A 5 Veces Por Semana,Gasolinera,Compañeros De Trabajo,Q25 - Q50,37.5
2272,20 Marzo 2026,3 A 5 Veces Por Semana,Gasolinera,Solo,Q25 - Q50,37.5
2273,25 Abril 2026,3 A 5 Veces Por Semana,Aplicación De Delivery,Amigos,Más De Q150,175.0
2274,14 Abril 2026,Varias Veces Al Mes,Gasolinera,Amigos,Menos De Q25,12.5
2275,15 Enero 2026,Varias Veces Al Mes,Aplicación De Delivery,Amigos,Q25 - Q50,37.5
2276,07 Mayo 2026,3 A 5 Veces Por Semana,Tienda De Barrio,Amigos,Q101 - Q150,125.5
2277,21 Abril 2026,Varias Veces Al Mes,Tienda De Barrio,Amigos,Q51 - Q100,75.5
2278,21 Febrero 2026,3 A 5 Veces Por Semana,Kiosco Escolar/Universitario,Familia,Q25 - Q50,37.5
2279,21 Enero 2026,1 A 2 Veces Por Semana,Supermercado,Familia,Más De Q150,175.0
2280,21 Febrero 2026,3 A 5 Veces Por Semana,Tienda De Barrio,Familia,Más De Q150,175.0
2281,14 Abril 2026,Varias Veces Al Mes,Tienda De Barrio,Amigos,Menos De Q25,12.5
2282,18 Abril 2026,Todos Los Días,Tienda De Barrio,Amigos,Q25 - Q50,37.5
2283,14 Febrero 2026,1 A 2 Veces Por Semana,Tienda De Barrio,Amigos,Q101 - Q150,125.5
2284,27 Febrero 2026,Todos Los Días,Supermercado,Familia,Q51 - Q100,75.5
2285,16 Enero 2026,Todos Los Días,Tienda De Barrio,Amigos,Q51 - Q100,75.5
2286,28 Marzo 2026,Rara Vez,Gasolinera,Solo,Más De Q150,175.0
2287,01 Marzo 2026,Varias Veces Al Mes,Supermercado,Amigos,Más De Q150,175.0
2288,24 Febrero 2026,Todos Los Días,Kiosco Escolar/Universitario,Familia,Más De Q150,175.0
2289,08 Marzo 2026,Todos Los Días,Kiosco Escolar/Universitario,Familia,Q25 - Q50,37.5
2290,10 Marzo 2026,1 A 2 Veces Por Semana,Kiosco Escolar/Universitario,Compañeros De Trabajo,Q51 - Q100,75.5
2291,25 Abril 2026,Rara Vez,Aplicación De Delivery,Amigos,Más De Q150,175.0
2292,27 Enero 2026,3 A 5 Veces Por Semana,Supermercado,Amigos,Q25 - Q50,37.5
2293,22 Enero 2026,Varias Veces Al Mes,Supermercado,Familia,Menos De Q25,12.5
2294,04 Marzo 2026,1 A 2 Veces Por Semana,Kiosco Escolar/Universitario,Familia,Q25 - Q50,37.5
2295,23 Marzo 2026,Varias Veces Al Mes,Supermercado,Otro,Q51 - Q100,75.5
2296,12 Abril 2026,Varias Veces Al Mes,Supermercado,Amigos,Q25 - Q50,37.5
2297,09 Febrero 2026,3 A 5 Veces Por Semana,Gasolinera,Amigos,Q101 - Q150,125.5
2298,29 Enero 2026,Todos Los Días,Otro,Amigos,Q101 - Q150,125.5
2299,25 Febrero 2026,Varias Veces Al Mes,Supermercado,Familia,Q25 - Q50,37.5
2300,13 Enero 2026,1 A 2 Veces Por Semana,Otro,Familia,Q51 - Q100,75.5
2301,10 Febrero 2026,1 A 2 Veces Por Semana,Tienda De Barrio,Familia,Q25 - Q50,37.5
2302,15 Febrero 2026,3 A 5 Veces Por Semana,Tienda De Barrio,Familia,Q101 - Q150,125.5
2303,11 Abril 2026,Todos Los Días,Kiosco Escolar/Universitario,Amigos,Q101 - Q150,125.5
2304,07 Marzo 2026,1 A 2 Veces Por Semana,Tienda De Barrio,Familia,Q25 - Q50,37.5
2305,29 Enero 2026,1 A 2 Veces Por Semana,Tienda De Barrio,Familia,Q25 - Q50,37.5
2306,23 Abril 2026,3 A 5 Veces Por Semana,Kiosco Escolar/Universitario,Compañeros De Trabajo,Q101 - Q150,125.5
2307,14 Marzo 2026,1 A 2 Veces Por Semana,Supermercado,Familia,Más De Q150,175.0
2308,25 Enero 2026,3 A 5 Veces Por Semana,Gasolinera,Amigos,Más De Q150,175.0
2309,09 Abril 2026,3 A 5 Veces Por Semana,Tienda De Barrio,Familia,Q25 - Q50,37.5
2310,10 Enero 2026,1 A 2 Veces Por Semana,Tienda De Barrio,Solo,Q25 - Q50,37.5
2311,07 Abril 2026,3 A 5 Veces Por Semana,Gasolinera,Otro,Q51 - Q100,75.5
2312,08 Mayo 2026,1 A 2 Veces Por Semana,Tienda De Barrio,Amigos,Q25 - Q50,37.5
2313,04 Febrero 2026,Todos Los Días,Supermercado,Familia,Menos De Q25,12.5
2314,01 Abril 2026,1 A 2 Veces Por Semana,Kiosco Escolar/Universitario,Familia,Q51 - Q100,75.5
2315,01 Marzo 2026,Varias Veces Al Mes,Kiosco Escolar/Universitario,Amigos,Q51 - Q100,75.5
2316,13 Marzo 2026,Todos Los Días,Supermercado,Familia,Q51 - Q100,75.5
2317,22 Enero 2026,1 A 2 Veces Por Semana,Supermercado,Amigos,Q25 - Q50,37.5
2318,06 Abril 2026,Varias Veces Al Mes,Gasolinera,Amigos,Q51 - Q100,75.5
2319,28 Enero 2026,1 A 2 Veces Por Semana,Tienda De Barrio,Otro,Q25 - Q50,37.5
2320,11 Enero 2026,Todos Los Días,Gasolinera,Familia,Q51 - Q100,75.5
2321,20 Marzo 2026,Varias Veces Al Mes,Tienda De Barrio,Familia,Q101 - Q150,125.5
2322,05 Mayo 2026,Todos Los Días,Tienda De Barrio,Compañeros De Trabajo,Menos De Q25,12.5
2323,06 Marzo 2026,Todos Los Días,Aplicación De Delivery,Amigos,Q101 - Q150,125.5
2324,11 Enero 2026,Varias Veces Al Mes,Tienda De Barrio,Amigos,Menos De Q25,12.5
2325,14 Enero 2026,Varias Veces Al Mes,Tienda De Barrio,Amigos,Q51 - Q100,75.5
2326,31 Marzo 2026,3 A 5 Veces Por Semana,Tienda De Barrio,Compañeros De Trabajo,Q101 - Q150,125.5
2327,11 Enero 2026,Varias Veces Al Mes,Tienda De Barrio,Amigos,Q51 - Q100,75.5
2328,31 Enero 2026,1 A 2 Veces Por Semana,Tienda De Barrio,Amigos,Q51 - Q100,75.5
2329,12 Abril 2026,Varias Veces Al Mes,Aplicación De Delivery,Amigos,Más De Q150,175.0
2174,23 Abril 2026,1 A 2 Veces Por Semana,Tienda De Barrio,Familia,Q51 - Q100,75.5
2331,21 Febrero 2026,1 A 2 Veces Por Semana,Gasolinera,Amigos,Q51 - Q100,75.5
2332,10 Febrero 2026,1 A 2 Veces Por Semana,Gasolinera,Familia,Q25 - Q50,37.5
2333,03 Marzo 2026,3 A 5 Veces Por Semana,Supermercado,Familia,Menos De Q25,12.5
2334,06 Abril 2026,Varias Veces Al Mes,Tienda De Barrio,Familia,Q101 - Q150,125.5
2335,23 Abril 2026,Rara Vez,Gasolinera,Compañeros De Trabajo,Q25 - Q50,37.5
2336,21 Febrero 2026,Varias Veces Al Mes,Supermercado,Familia,Q25 - Q50,37.5
2337,14 Abril 2026,1 A 2 Veces Por Semana,Tienda De Barrio,Amigos,Q101 - Q150,125.5
2338,01 Mayo 2026,Rara Vez,Tienda De Barrio,Compañeros De Trabajo,Q51 - Q100,75.5
2339,04 Febrero 2026,Todos Los Días,Tienda De Barrio,Solo,Menos De Q25,12.5
2340,23 Enero 2026,Todos Los Días,Supermercado,Amigos,Q101 - Q150,125.5
2341,22 Marzo 2026,1 A 2 Veces Por Semana,Supermercado,Amigos,Q51 - Q100,75.5
2342,12 Abril 2026,3 A 5 Veces Por Semana,Otro,Amigos,Q51 - Q100,75.5
2343,08 Febrero 2026,Rara Vez,Tienda De Barrio,Familia,Q25 - Q50,37.5
2344,21 Febrero 2026,Todos Los Días,Tienda De Barrio,Familia,Menos De Q25,12.5
2345,01 Febrero 2026,Rara Vez,Tienda De Barrio,Familia,Q51 - Q100,75.5
2346,30 Abril 2026,3 A 5 Veces Por Semana,Supermercado,Amigos,Q25 - Q50,37.5
2347,22 Abril 2026,Todos Los Días,Supermercado,Compañeros De Trabajo,Q25 - Q50,37.5
2348,22 Marzo 2026,1 A 2 Veces Por Semana,Gasolinera,Amigos,Q51 - Q100,75.5
2349,12 Enero 2026,Todos Los Días,Supermercado,Familia,Q51 - Q100,75.5
2350,25 Marzo 2026,Varias Veces Al Mes,Supermercado,Compañeros De Trabajo,Q25 - Q50,37.5
2351,29 Enero 2026,1 A 2 Veces Por Semana,Kiosco Escolar/Universitario,Familia,Q51 - Q100,75.5
2352,22 Enero 2026,Todos Los Días,Supermercado,Amigos,Q101 - Q150,125.5
2353,24 Marzo 2026,Todos Los Días,Supermercado,Amigos,Q101 - Q150,125.5
2354,11 Febrero 2026,Todos Los Días,Tienda De Barrio,Amigos,Q25 - Q50,37.5
2355,20 Marzo 2026,3 A 5 Veces Por Semana,Supermercado,Familia,Q25 - Q50,37.5
2356,14 Enero 2026,1 A 2 Veces Por Semana,Tienda De Barrio,Amigos,Q51 - Q100,75.5
2357,16 Abril 2026,Todos Los Días,Tienda De Barrio,Amigos,Menos De Q25,12.5
2358,20 Enero 2026,Rara Vez,Supermercado,Amigos,Q25 - Q50,37.5
2359,02 Abril 2026,1 A 2 Veces Por Semana,Aplicación De Delivery,Amigos,Q101 - Q150,125.5
2360,15 Abril 2026,Rara Vez,Gasolinera,Compañeros De Trabajo,Q51 - Q100,75.5
2361,27 Marzo 2026,Todos Los Días,Kiosco Escolar/Universitario,Amigos,Q25 - Q50,37.5
2362,11 Febrero 2026,Todos Los Días,Tienda De Barrio,Familia,Q101 - Q150,125.5
2363,17 Abril 2026,1 A 2 Veces Por Semana,Tienda De Barrio,Compañeros De Trabajo,Menos De Q25,12.5
2364,30 Enero 2026,Todos Los Días,Aplicación De Delivery,Familia,Q25 - Q50,37.5
2365,05 Febrero 2026,1 A 2 Veces Por Semana,Tienda De Barrio,Amigos,Q25 - Q50,37.5
2366,19 Enero 2026,1 A 2 Veces Por Semana,Gasolinera,Familia,Q25 - Q50,37.5
2367,01 Mayo 2026,Todos Los Días,Gasolinera,Familia,Menos De Q25,12.5
2368,21 Febrero 2026,Todos Los Días,Supermercado,Familia,Más De Q150,175.0
2369,18 Abril 2026,Todos Los Días,Supermercado,Familia,Q51 - Q100,75.5
2370,02 Abril 2026,Varias Veces Al Mes,Tienda De Barrio,Amigos,Q25 - Q50,37.5
2371,21 Febrero 2026,3 A 5 Veces Por Semana,Kiosco Escolar/Universitario,Amigos,Q25 - Q50,37.5
2372,13 Enero 2026,Varias Veces Al Mes,Kiosco Escolar/Universitario,Amigos,Q101 - Q150,125.5
2373,04 Mayo 2026,3 A 5 Veces Por Semana,Tienda De Barrio,Amigos,Q25 - Q50,37.5
2374,27 Abril 2026,Todos Los Días,Tienda De Barrio,Solo,Q51 - Q100,75.5
2375,29 Marzo 2026,Todos Los Días,Tienda De Barrio,Solo,Menos De Q25,12.5
2376,24 Febrero 2026,1 A 2 Veces Por Semana,Kiosco Escolar/Universitario,Familia,Q25 - Q50,37.5
2377,19 Abril 2026,3 A 5 Veces Por Semana,Supermercado,Amigos,Q25 - Q50,37.5
2378,21 Enero 2026,Varias Veces Al Mes,Otro,Familia,Q25 - Q50,37.5
2379,29 Abril 2026,Varias Veces Al Mes,Supermercado,Solo,Q25 - Q50,37.5
2380,19 Enero 2026,3 A 5 Veces Por Semana,Supermercado,Amigos,Más De Q150,175.0
2381,10 Mayo 2026,Todos Los Días,Aplicación De Delivery,Familia,Q51 - Q100,75.5
2382,22 Enero 2026,Todos Los Días,Supermercado,Familia,Q25 - Q50,37.5
2383,28 Marzo 2026,Varias Veces Al Mes,Supermercado,Amigos,Q25 - Q50,37.5
2384,27 Febrero 2026,Varias Veces Al Mes,Aplicación De Delivery,Otro,Q51 - Q100,75.5
2385,13 Abril 2026,1 A 2 Veces Por Semana,Tienda De Barrio,Compañeros De Trabajo,Q101 - Q150,125.5
2386,30 Marzo 2026,Varias Veces Al Mes,Kiosco Escolar/Universitario,Otro,Q25 - Q50,37.5
2387,15 Enero 2026,3 A 5 Veces Por Semana,Tienda De Barrio,Amigos,Q51 - Q100,75.5
2388,24 Marzo 2026,3 A 5 Veces Por Semana,Tienda De Barrio,Amigos,Q25 - Q50,37.5
2389,10 Mayo 2026,Varias Veces Al Mes,Aplicación De Delivery,Amigos,Q101 - Q150,125.5
2390,30 Enero 2026,1 A 2 Veces Por Semana,Gasolinera,Amigos,Q101 - Q150,125.5
2391,11 Abril 2026,3 A 5 Veces Por Semana,Tienda De Barrio,Otro,Q101 - Q150,125.5
2392,29 Marzo 2026,Varias Veces Al Mes,Tienda De Barrio,Solo,Q101 - Q150,125.5
2393,26 Enero 2026,1 A 2 Veces Por Semana,Tienda De Barrio,Solo,Q51 - Q100,75.5
2394,25 Abril 2026,Rara Vez,No Indicado,Familia,Q25 - Q50,37.5
2395,17 Febrero 2026,Rara Vez,Tienda De Barrio,Familia,Q25 - Q50,37.5
2396,30 Abril 2026,3 A 5 Veces Por Semana,Kiosco Escolar/Universitario,Familia,Q51 - Q100,75.5
2397,25 Febrero 2026,1 A 2 Veces Por Semana,Gasolinera,Otro,Q25 - Q50,37.5
2398,04 Marzo 2026,3 A 5 Veces Por Semana,Supermercado,Familia,Menos De Q25,12.5
2399,02 Marzo 2026,3 A 5 Veces Por Semana,Kiosco Escolar/Universitario,Familia,Q25 - Q50,37.5
2400,08 Abril 2026,Varias Veces Al Mes,Aplicación De Delivery,Otro,Q25 - Q50,37.5
2401,23 Febrero 2026,1 A 2 Veces Por Semana,Gasolinera,Familia,Q51 - Q100,75.5
2402,31 Enero 2026,Varias Veces Al Mes,Gasolinera,Amigos,Q25 - Q50,37.5
2403,19 Enero 2026,Todos Los Días,Supermercado,Amigos,Menos De Q25,12.5
2404,02 Marzo 2026,Todos Los Días,Tienda De Barrio,Amigos,Q101 - Q150,125.5
2405,01 Abril 2026,3 A 5 Veces Por Semana,Supermercado,Amigos,Q51 - Q100,75.5
2406,14 Abril 2026,Varias Veces Al Mes,Tienda De Barrio,Familia,Q101 - Q150,125.5
2407,20 Febrero 2026,3 A 5 Veces Por Semana,Tienda De Barrio,Amigos,Q51 - Q100,75.5
2408,24 Febrero 2026,Varias Veces Al Mes,Aplicación De Delivery,Familia,Q51 - Q100,75.5
2409,25 Enero 2026,Rara Vez,Supermercado,Amigos,Menos De Q25,12.5
2410,11 Febrero 2026,Todos Los Días,Tienda De Barrio,Amigos,Q25 - Q50,37.5
2411,10 Mayo 2026,1 A 2 Veces Por Semana,Supermercado,Familia,Más De Q150,175.0
2412,03 Mayo 2026,Varias Veces Al Mes,Supermercado,Familia,Q25 - Q50,37.5
2413,06 Abril 2026,Todos Los Días,Tienda De Barrio,Familia,Q25 - Q50,37.5
2414,05 Febrero 2026,Todos Los Días,Supermercado,Amigos,Menos De Q25,12.5
2415,19 Marzo 2026,3 A 5 Veces Por Semana,Supermercado,Familia,Q101 - Q150,125.5
2416,30 Abril 2026,1 A 2 Veces Por Semana,Tienda De Barrio,Compañeros De Trabajo,Q51 - Q100,75.5
2417,12 Febrero 2026,Varias Veces Al Mes,Supermercado,Familia,Q25 - Q50,37.5
2418,20 Marzo 2026,1 A 2 Veces Por Semana,Tienda De Barrio,Familia,Q25 - Q50,37.5
2419,04 Febrero 2026,3 A 5 Veces Por Semana,Tienda De Barrio,Familia,Q25 - Q50,37.5
2420,09 Febrero 2026,Todos Los Días,Supermercado,Familia,Q25 - Q50,37.5
2421,08 Mayo 2026,Varias Veces Al Mes,No Indicado,Familia,Q101 - Q150,125.5
2422,09 Marzo 2026,Varias Veces Al Mes,Aplicación De Delivery,Solo,Q101 - Q150,125.5
2423,23 Febrero 2026,3 A 5 Veces Por Semana,Supermercado,Otro,Menos De Q25,12.5
2424,02 Abril 2026,Varias Veces Al Mes,Gasolinera,Familia,Q25 - Q50,37.5
2425,25 Febrero 2026,3 A 5 Veces Por Semana,Tienda De Barrio,Familia,Q101 - Q150,125.5
2426,03 Marzo 2026,Varias Veces Al Mes,Tienda De Barrio,Amigos,Q25 - Q50,37.5
2427,09 Febrero 2026,1 A 2 Veces Por Semana,Supermercado,Amigos,Q25 - Q50,37.5
2428,21 Abril 2026,Todos Los Días,Tienda De Barrio,Amigos,Q101 - Q150,125.5
2429,12 Abril 2026,1 A 2 Veces Por Semana,Supermercado,Familia,Q51 - Q100,75.5
2430,13 Abril 2026,3 A 5 Veces Por Semana,Kiosco Escolar/Universitario,Familia,Q25 - Q50,37.5
2431,14 Enero 2026,Varias Veces Al Mes,Aplicación De Delivery,Amigos,Q101 - Q150,125.5
2432,25 Marzo 2026,Rara Vez,Supermercado,Amigos,Q101 - Q150,125.5
2433,23 Enero 2026,1 A 2 Veces Por Semana,Gasolinera,Amigos,Q101 - Q150,125.5
2434,24 Febrero 2026,Todos Los Días,Aplicación De Delivery,Solo,Q25 - Q50,37.5
2435,01 Febrero 2026,Rara Vez,Aplicación De Delivery,Amigos,Q25 - Q50,37.5
2436,13 Febrero 2026,3 A 5 Veces Por Semana,Supermercado,Familia,Q25 - Q50,37.5
2437,23 Abril 2026,Varias Veces Al Mes,Gasolinera,Amigos,Q101 - Q150,125.5
2438,09 Febrero 2026,Varias Veces Al Mes,Tienda De Barrio,Amigos,Q25 - Q50,37.5
2439,17 Febrero 2026,3 A 5 Veces Por Semana,Otro,Familia,Más De Q150,175.0
2440,25 Abril 2026,3 A 5 Veces Por Semana,Tienda De Barrio,Familia,Menos De Q25,12.5
2441,07 Mayo 2026,3 A 5 Veces Por Semana,Supermercado,Familia,Q51 - Q100,75.5
2442,07 Marzo 2026,3 A 5 Veces Por Semana,Tienda De Barrio,Otro,Q51 - Q100,75.5
2443,26 Enero 2026,Rara Vez,Supermercado,Amigos,Q25 - Q50,37.5
2444,16 Enero 2026,Varias Veces Al Mes,Kiosco Escolar/Universitario,Familia,Q25 - Q50,37.5
2445,13 Febrero 2026,Rara Vez,Supermercado,Amigos,Q51 - Q100,75.5
2446,29 Enero 2026,Varias Veces Al Mes,Aplicación De Delivery,Compañeros De Trabajo,Q51 - Q100,75.5
2447,24 Enero 2026,Varias Veces Al Mes,Gasolinera,Amigos,Q25 - Q50,37.5
2448,05 Febrero 2026,1 A 2 Veces Por Semana,Tienda De Barrio,Solo,Q51 - Q100,75.5
2449,06 Marzo 2026,Varias Veces Al Mes,Supermercado,Amigos,Menos De Q25,12.5
2450,02 Febrero 2026,1 A 2 Veces Por Semana,Tienda De Barrio,Familia,Q51 - Q100,75.5
2451,21 Enero 2026,1 A 2 Veces Por Semana,Kiosco Escolar/Universitario,Solo,Q101 - Q150,125.5
2452,16 Febrero 2026,3 A 5 Veces Por Semana,Supermercado,Familia,Q25 - Q50,37.5
2453,31 Marzo 2026,Todos Los Días,Supermercado,Familia,Q25 - Q50,37.5
2454,25 Febrero 2026,3 A 5 Veces Por Semana,Gasolinera,Amigos,Menos De Q25,12.5
2455,30 Abril 2026,Todos Los Días,No Indicado,Amigos,Q101 - Q150,125.5
2456,11 Marzo 2026,Todos Los Días,Kiosco Escolar/Universitario,Familia,Más De Q150,175.0
2457,29 Enero 2026,Todos Los Días,Tienda De Barrio,Familia,Menos De Q25,12.5
2458,02 Mayo 2026,Rara Vez,Tienda De Barrio,Familia,Q51 - Q100,75.5
2459,18 Enero 2026,1 A 2 Veces Por Semana,Supermercado,Familia,Q25 - Q50,37.5
2460,21 Enero 2026,Varias Veces Al Mes,Tienda De Barrio,Familia,Q101 - Q150,125.5
2461,15 Enero 2026,1 A 2 Veces Por Semana,Supermercado,Familia,Q101 - Q150,125.5
2462,07 Abril 2026,Rara Vez,Tienda De Barrio,Solo,Q25 - Q50,37.5
2463,10 Abril 2026,Varias Veces Al Mes,Tienda De Barrio,Amigos,Q101 - Q150,125.5
2464,05 Mayo 2026,3 A 5 Veces Por Semana,Otro,Familia,Q25 - Q50,37.5
2465,13 Abril 2026,3 A 5 Veces Por Semana,Supermercado,Familia,Q51 - Q100,75.5
2466,29 Enero 2026,3 A 5 Veces Por Semana,Gasolinera,Amigos,Menos De Q25,12.5
2467,21 Marzo 2026,Todos Los Días,Gasolinera,Compañeros De Trabajo,Q51 - Q100,75.5
2468,22 Marzo 2026,3 A 5 Veces Por Semana,Supermercado,Solo,Q25 - Q50,37.5
2469,16 Enero 2026,1 A 2 Veces Por Semana,Supermercado,Amigos,Q25 - Q50,37.5
2470,22 Marzo 2026,1 A 2 Veces Por Semana,Tienda De Barrio,Amigos,Q25 - Q50,37.5
2471,11 Abril 2026,Todos Los Días,Kiosco Escolar/Universitario,Familia,Más De Q150,175.0
2472,20 Marzo 2026,3 A 5 Veces Por Semana,Tienda De Barrio,Amigos,Q25 - Q50,37.5
2473,12 Marzo 2026,Varias Veces Al Mes,Aplicación De Delivery,Familia,Q25 - Q50,37.5
2474,05 Febrero 2026,Varias Veces Al Mes,Supermercado,Solo,Más De Q150,175.0
2475,10 Febrero 2026,1 A 2 Veces Por Semana,Tienda De Barrio,Amigos,Q51 - Q100,75.5
2476,20 Abril 2026,Todos Los Días,Supermercado,Familia,Q51 - Q100,75.5
2477,01 Marzo 2026,Rara Vez,Tienda De Barrio,Familia,Q51 - Q100,75.5
2478,10 Marzo 2026,1 A 2 Veces Por Semana,Supermercado,Compañeros De Trabajo,Q101 - Q150,125.5
2479,13 Febrero 2026,3 A 5 Veces Por Semana,Tienda De Barrio,Amigos,Menos De Q25,12.5
2480,13 Marzo 2026,Todos Los Días,Supermercado,Familia,Q25 - Q50,37.5
2481,24 Febrero 2026,Varias Veces Al Mes,Supermercado,Amigos,Q51 - Q100,75.5
2482,13 Enero 2026,Varias Veces Al Mes,Supermercado,Familia,Menos De Q25,12.5
2483,31 Marzo 2026,Todos Los Días,Supermercado,Amigos,Menos De Q25,12.5
2484,15 Abril 2026,Varias Veces Al Mes,Supermercado,Amigos,Q51 - Q100,75.5
2485,21 Marzo 2026,3 A 5 Veces Por Semana,Tienda De Barrio,Familia,Q101 - Q150,125.5
2486,04 Marzo 2026,Todos Los Días,Supermercado,Familia,Q25 - Q50,37.5
2487,19 Enero 2026,3 A 5 Veces Por Semana,Supermercado,Familia,Q25 - Q50,37.5
2488,16 Abril 2026,Varias Veces Al Mes,Supermercado,Familia,Menos De Q25,12.5
2489,05 Abril 2026,1 A 2 Veces Por Semana,Tienda De Barrio,Amigos,Menos De Q25,12.5
2490,07 Mayo 2026,Todos Los Días,Tienda De Barrio,Familia,Q25 - Q50,37.5
2491,17 Abril 2026,1 A 2 Veces Por Semana,Tienda De Barrio,Familia,Q25 - Q50,37.5
2492,01 Febrero 2026,3 A 5 Veces Por Semana,Tienda De Barrio,Familia,Q101 - Q150,125.5
2493,16 Enero 2026,1 A 2 Veces Por Semana,Aplicación De Delivery,Familia,Q51 - Q100,75.5
2494,18 Abril 2026,Rara Vez,Supermercado,Familia,Menos De Q25,12.5
2495,31 Enero 2026,1 A 2 Veces Por Semana,Kiosco Escolar/Universitario,Amigos,Q101 - Q150,125.5
2496,06 Febrero 2026,1 A 2 Veces Por Semana,Gasolinera,Familia,Q51 - Q100,75.5
2497,07 Febrero 2026,1 A 2 Veces Por Semana,Tienda De Barrio,Amigos,Q51 - Q100,75.5
2498,15 Febrero 2026,Rara Vez,Supermercado,Amigos,Menos De Q25,12.5
2499,05 Mayo 2026,Varias Veces Al Mes,Gasolinera,Amigos,Q25 - Q50,37.5
2500,25 Febrero 2026,Todos Los Días,Supermercado,Amigos,Más De Q150,175.0
